Transaction_ID,Date,Day_of_Week,Branch_ID,Branch_Location,Product_ID,Drug_Name,Category,Quantity,Unit_Price_KES,Total_Sale_KES,Payment_Method
1001,2025-10-01,Wednesday,B01,Nairobi CBD,P004,Azithromycin 500mg,Antibiotic,1,120,120,M-Pesa
1002,2025-10-01,Wednesday,B01,Nairobi CBD,P004,Azithromycin 500mg,Antibiotic,3,120,360,M-Pesa
1003,2025-10-01,Wednesday,B01,Nairobi CBD,P006,Cough Syrup,Cold & Flu,3,90,270,Card
1004,2025-10-01,Wednesday,B01,Nairobi CBD,P002,Ibuprofen 200mg,Pain Relief,1,15,15,
1005,2025-10-01,Wednesday,B01,Nairobi CBD,P005,Vitamin C Tablets,Supplement,1,25,25,M-Pesa
1006,2025-10-01,Wednesday,B01,Nairobi CBD,P008,Insulin,Diabetes,3,450,1350,Card
1007,2025-10-01,Wednesday,B01,Nairobi CBD,P003,Amoxicillin 250mg,Antibiotic,2,35,70,Cash
1008,2025-10-01,Wednesday,B01,Nairobi CBD,P005,Vitamin C Tablets,Supplement,3,25,75,Cash
1009,2025-10-01,Wednesday,B01,Nairobi CBD,P004,Azithromycin 500mg,Antibiotic,3,120,360,M-Pesa
1010,2025-10-01,Wednesday,B01,Nairobi CBD,P005,Vitamin C Tablets,Supplement,3,25,75,M-Pesa
1011,2025-10-01,Wednesday,B01,Nairobi CBD,P007,Metformin 500mg,Diabetes,3,40,120,
1012,2025-10-01,Wednesday,B01,Nairobi CBD,P003,Amoxicillin 250mg,Antibiotic,1,35,35,Cash
1013,2025-10-01,Wednesday,B01,Nairobi CBD,P004,Azithromycin 500mg,Antibiotic,3,120,360,M-Pesa
1014,2025-10-01,Wednesday,B01,Nairobi CBD,P010,Antacid Tablets,Digestive,2,20,40,M-Pesa
1015,2025-10-01,Wednesday,B01,Nairobi CBD,P010,Antacid Tablets,Digestive,1,20,20,M-Pesa
1016,2025-10-01,Wednesday,B01,Nairobi CBD,P007,Metformin 500mg,Diabetes,2,40,80,Card
1017,2025-10-01,Wednesday,B01,Nairobi CBD,P010,Antacid Tablets,Digestive,2,20,40,M-Pesa
1018,2025-10-01,Wednesday,B01,Nairobi CBD,P002,Ibuprofen 200mg,Pain Relief,2,15,30,M-Pesa
1019,2025-10-01,Wednesday,B01,Nairobi CBD,P005,Vitamin C Tablets,Supplement,2,25,50,M-Pesa
1020,2025-10-01,Wednesday,B01,Nairobi CBD,P006,,Cold & Flu,1,90,90,M-Pesa
1021,2025-10-01,Wednesday,B01,Nairobi CBD,P008,,Diabetes,1,450,450,M-Pesa
1022,2025-10-01,Wednesday,B01,Nairobi CBD,P009,Amlodipine 5mg,Hypertension,2,30,60,M-Pesa
1023,2025-10-01,Wednesday,B01,Nairobi CBD,P002,Ibuprofen 200mg,Pain Relief,2,15,30,Insurance
1024,2025-10-01,Wednesday,B01,Nairobi CBD,P008,Insulin,Diabetes,1,450,450,M-Pesa
1025,2025-10-01,Wednesday,B01,Nairobi CBD,P001,Paracetamol 500mg,Pain Relief,1,10,10,
1026,2025-10-01,Wednesday,B01,Nairobi CBD,P005,Vitamin C Tablets,Supplement,1,25,25,Cash
1027,2025-10-01,Wednesday,B01,Nairobi CBD,P004,Azithromycin 500mg,Antibiotic,3,120,360,M-Pesa
1028,2025-10-01,Wednesday,B01,Nairobi CBD,P007,Metformin 500mg,Diabetes,3,40,120,Card
1029,2025-10-01,Wednesday,B01,Nairobi CBD,P005,Vitamin C Tablets,Supplement,3,25,75,M-Pesa
1030,2025-10-01,Wednesday,B01,Nairobi CBD,P003,Amoxicillin 250mg,Antibiotic,2,35,70,M-Pesa
1031,2025-10-01,Wednesday,B01,Nairobi CBD,P003,Amoxicillin 250mg,Antibiotic,3,35,105,Cash
1032,2025-10-01,Wednesday,B01,Nairobi CBD,P001,Paracetamol 500mg,Pain Relief,2,10,20,M-Pesa
1033,2025-10-01,Wednesday,B01,Nairobi CBD,P001,Paracetamol 500mg,Pain Relief,2,10,20,M-Pesa
1034,2025-10-01,Wednesday,B01,Nairobi CBD,P009,Amlodipine 5mg,Hypertension,3,30,90,M-Pesa
1035,2025-10-01,Wednesday,B01,Nairobi CBD,P003,Amoxicillin 250mg,Antibiotic,2,35,70,Card
1036,2025-10-01,Wednesday,B01,Nairobi CBD,P001,Paracetamol 500mg,Pain Relief,3,10,30,M-Pesa
1037,2025-10-01,Wednesday,B01,Nairobi CBD,P006,Cough Syrup,Cold & Flu,3,90,270,Insurance
1038,2025-10-01,Wednesday,B01,Nairobi CBD,P006,Cough Syrup,Cold & Flu,1,90,90,M-Pesa
1039,2025-10-01,Wednesday,B02,Embakasi,P010,Antacid Tablets,Digestive,1,20,20,M-Pesa
1040,2025-10-01,Wednesday,B02,Embakasi,P005,Vitamin C Tablets,Supplement,3,25,75,M-Pesa
1041,2025-10-01,Wednesday,B02,,P003,Amoxicillin 250mg,Antibiotic,3,35,105,Card
1042,2025-10-01,Wednesday,B02,Embakasi,P004,Azithromycin 500mg,Antibiotic,1,120,120,Insurance
1043,2025-10-01,Wednesday,B02,Embakasi,P003,Amoxicillin 250mg,Antibiotic,1,35,35,Cash
1044,2025-10-01,Wednesday,B02,Embakasi,P002,Ibuprofen 200mg,Pain Relief,3,15,45, M-Pesa
1045,2025-10-01,Wednesday,B02,Embakasi,P009,Amlodipine 5mg,Hypertension,2,30,60,Card
1046,2025-10-01,Wednesday,B02,Embakasi,P001,Paracetamol 500mg,Pain Relief,1,10,10, M-Pesa
1047,2025-10-01,Wednesday,B02,Embakasi,P006,Cough Syrup,Cold & Flu,2,90,180,M-Pesa
1048,2025-10-01,Wednesday,B02,Embakasi,P007,Metformin 500mg,Diabetes,2,40,80,M pesa
1049,2025-10-01,Wednesday,B02,Embakasi,P008,Insulin,Diabetes,2,450,911,M-Pesa
1050,2025-10-01,Wednesday,B02,Embakasi,P001,Paracetamol 500mg,Pain Relief,1,10,10,Cash
1051,2025-10-01,Wednesday,B02,Embakasi,P004,Azithromycin 500mg,Antibiotic,2,120,240,M-Pesa
1052,2025-10-01,Wednesday,B02,Embakasi,P005,Vitamin C Tablets,Supplement,1,25,25,M-Pesa
1053,2025-10-01,Wednesday,B02,Embakasi,P010,Antacid Tablets,Digestive,2,20,40,M-Pesa
1054,2025-10-01,Wednesday,B02,Embakasi,P002,Ibuprofen 200mg,Pain Relief,3,15,45,M-Pesa
1055,2025-10-01,Wednesday,B02,Embakasi,P007,Metformin 500mg,Diabetes,3,40,120,M-Pesa
1056,2025-10-01,Wednesday,B02,Embakasi,P005,Vitamin C Tablets,Supplement,1,25,25,M-Pesa
1057,2025-10-01,Wednesday,B02,Embakasi,P002,Ibuprofen 200mg,Pain Relief,3,15,45,Cash
1058,2025-10-01,Wednesday,B02,Embakasi,P001,Paracetamol 500mg,Pain Relief,3,10,30,
1059,2025-10-01,Wednesday,B02,Embakasi,P002,Ibuprofen 200mg,Pain Relief,2,15,30,M-Pesa
1060,2025-10-01,Wednesday,B02,Embakasi,P001,Paracetamol 500mg,Pain Relief,1,10,10,M-Pesa
1061,2025-10-01,Wednesday,B02,Embakasi,P004,Azithromycin 500mg,Antibiotic,2,120,240,Cash
1062,2025-10-01,Wednesday,B02,Embakasi,P009,Amlodipine 5mg,Hypertension,2,30,60,Cash
1063,2025-10-01,Wednesday,B02,Embakasi,P003,Amoxicillin 250mg,Antibiotic,2,35,70,M-Pesa
1064,2025-10-01,Wednesday,B02,embakasi,P004,Azithromycin 500mg,Antibiotic,2,120,240,M-Pesa
1065,2025-10-01,Wednesday,B02,Embakasi,P005,,Supplement,2,25,50,M-Pesa
1066,2025-10-01,Wednesday,B02,Embakasi,P007,Metformin 500mg,Diabetes,2,40,80,Card
1067,2025-10-01,Wednesday,B02,Embakasi,P010,Antacid Tablets,Digestive,2,20,40,M-Pesa
1068,2025-10-01,Wednesday,B02,Embakasi,P009,Amlodipine 5mg,Hypertension,1,30,30,Cash
1069,2025-10-01,Wednesday,B02,Embakasi,P004,Azithromycin 500mg,Antibiotic,3,120,360,M-Pesa
1070,2025-10-01,Wednesday,B02,Embakasi,P002,Ibuprofen 200mg,Pain Relief,2,15,30,M-Pesa
1071,2025-10-02,Thursday,B01,,P003,Amoxicillin 250mg,Antibiotic,2,35,70,M-Pesa
1072,2025-10-02,Thursday,B01,Nairobi CBD,P002,Ibuprofen 200mg,Pain Relief,2,15,30,M-Pesa
1073,2025-10-02,Thursday,B01,Nairobi CBD,P005,Vitamin C Tablets,Supplement,2,25,50,Cash
1074,2025-10-02,Thursday,B01,Nairobi CBD,P003,Amoxicillin 250mg,Antibiotic,2,35,70,Cash
1075,2025-10-02,Thursday,B01,Nairobi CBD,P009,Amlodipine 5mg,Hypertension,3,30,90,Cash
1076,2025-10-02,Thursday,B01,Nairobi CBD,P008,Insulin,Diabetes,3,450,1350,M-Pesa
1077,2025-10-02,Thursday,B01,Nairobi CBD,P006,Cough Syrup,Cold & Flu,2,90,180,Cash
1078,2025-10-02,Thursday,B01,Nairobi CBD,P001,Paracetamol 500mg,Pain Relief,3,10,30,Cash
1079,2025-10-02,Thursday,B01,Nairobi CBD,P006,Cough Syrup,Cold & Flu,1,90,90,Card
1080,2025-10-02,Thursday,B01,Nairobi CBD,P007,Metformin 500mg,Diabetes,2,40,91, M-Pesa
1081,2025-10-02,Thursday,B01,Nairobi CBD,P007,Metformin 500mg,Diabetes,1,40,40,M-Pesa
1082,2025-10-02,Thursday,B01,Nairobi CBD,P001,,Pain Relief,1,10,10,Cash
1083,2025-10-02,Thursday,B01,Nairobi CBD,P006,Cough Syrup,Cold & Flu,2,90,180,
1084,2025-10-02,Thursday,B01,Nairobi CBD,P009,Amlodipine 5mg,Hypertension,3,30,90,Cash
1085,2025-10-02,Thursday,B01,Nairobi CBD,P009,Amlodipine 5mg,Hypertension,1,30,30, M-Pesa
1086,2025-10-02,Thursday,B01,Nairobi CBD,P002,Ibuprofen 200mg,Pain Relief,2,15,30,Insurance
1087,2025-10-02,Thursday,B01,Nairobi CBD,P010,Antacid Tablets,Digestive,1,20,20,Insurance
1088,2025-10-02,Thursday,B01,Nairobi CBD,P002,Ibuprofen 200mg,Pain Relief,1,15,15,M-Pesa
1089,2025-10-02,Thursday,B01,Nairobi CBD,P002,Ibuprofen 200mg,Pain Relief,1,15,26,Cash
1090,2025-10-02,Thursday,B01,Nairobi CBD,P003,Amoxicillin 250mg,Antibiotic,1,35,35,M-Pesa
1091,2025-10-02,Thursday,B01,Nairobi CBD,P006,Cough Syrup,Cold & Flu,3,90,281,Insurance
1092,2025-10-02,Thursday,B01,Nairobi CBD,P001,Paracetamol 500mg,Pain Relief,1,10,10,M-Pesa
1093,2025-10-02,Thursday,B01,Nairobi CBD,P001,Paracetamol 500mg,Pain Relief,1,10,10,M pesa
1094,2025-10-02,Thursday,B01,Nairobi CBD,P002,Ibuprofen 200mg,Pain Relief,1,15,15,
1095,2025-10-02,Thursday,B01,,P010,Antacid Tablets,Digestive,3,20,60,Cash
1096,2025-10-02,Thursday,B01,Nairobi CBD,P005,Vitamin C Tablets,Supplement,1,25,25,M-Pesa
1097,2025-10-02,Thursday,B01,Nairobi CBD,P006,Cough Syrup,Cold & Flu,1,90,90,M-Pesa
1098,2025-10-02,Thursday,B01,Nairobi CBD,P001,Paracetamol 500mg,Pain Relief,3,10,30,M-Pesa
1099,2025-10-02,Thursday,B01,Nairobi CBD,P009,Amlodipine 5mg,Hypertension,3,30,90,M-Pesa
1100,2025-10-02,Thursday,B01,Nairobi CBD,P007,Metformin 500mg,Diabetes,3,40,120,M-Pesa
1101,2025-10-02,Thursday,B01,Nairobi CBD,P007,Metformin 500mg,Diabetes,1,40,40,M-Pesa
1102,2025-10-02,Thursday,B01,Nairobi CBD,P002,Ibuprofen 200mg,Pain Relief,3,15,45,Cash
1103,2025-10-02,Thursday,B01,Nairobi CBD,P008,Insulin,Diabetes,3,450,1350,M-Pesa
1104,2025-10-02,Thursday,B01,Nairobi CBD,P003,Amoxicillin 250mg,Antibiotic,1,35,35,Cash
1105,2025-10-02,Thursday,B01,Nairobi CBD,P006,Cough Syrup,Cold & Flu,3,90,270,M-Pesa
1106,2025-10-02,Thursday,B01,Nairobi CBD,P002,Ibuprofen 200mg,Pain Relief,1,15,15,M-Pesa
1107,2025-10-02,Thursday,B02,Embakasi,P004,Azithromycin 500mg,Antibiotic,3,120,360,Cash
1108,2025-10-02,Thursday,B02,Embakasi,P001,Paracetamol 500mg,Pain Relief,2,10,20,M-Pesa
1109,2025-10-02,Thursday,B02,embakasi,P002,Ibuprofen 200mg,Pain Relief,1,15,15,M-Pesa
1110,2025-10-02,Thursday,B02,embakasi,P004,Azithromycin 500mg,Antibiotic,3,120,360,Cash
1111,2025-10-02,Thursday,B02,Embakasi,P007,Metformin 500mg,Diabetes,1,40,40,M-Pesa
1112,2025-10-02,Thursday,B02,Embakasi,P003,Amoxicillin 250mg,Antibiotic,2,35,81,M-Pesa
1113,2025-10-02,Thursday,B02,Embakasi,P001,Paracetamol 500mg,Pain Relief,1,10,10,M-Pesa
1114,2025-10-02,Thursday,B02,Embakasi,P008,Insulin,Diabetes,3,450,1350,Cash
1115,2025-10-02,Thursday,B02,Embakasi,P007,Metformin 500mg,Diabetes,3,40,120,M-Pesa
1116,2025-10-02,Thursday,B02,Embakasi,P008,Insulin,Diabetes,2,450,900,
1117,2025-10-02,Thursday,B02,embakasi,P001,Paracetamol 500mg,Pain Relief,1,10,10,Card
1118,2025-10-02,Thursday,B02,Embakasi,P002,Ibuprofen 200mg,Pain Relief,3,15,45, Cash
1119,2025-10-02,Thursday,B02,Embakasi,P004,Azithromycin 500mg,Antibiotic,2,120,240,
1120,2025-10-02,Thursday,B02,embakasi,P007,Metformin 500mg,Diabetes,3,40,120,Card
1121,2025-10-02,Thursday,B02,Embakasi,P008,Insulin,Diabetes,3,450,1350,M-Pesa
1122,2025-10-02,Thursday,B02,Embakasi,P009,Amlodipine 5mg,Hypertension,1,30,30,Cash
1123,2025-10-02,Thursday,B02,Embakasi,P006,Cough Syrup,Cold & Flu,3,90,270,M pesa
1124,2025-10-02,Thursday,B02,Embakasi,P008,Insulin,Diabetes,1,450,450,Cash
1125,2025-10-02,Thursday,B02,Embakasi,P004,Azithromycin 500mg,Antibiotic,3,120,360,Cash
1126,2025-10-02,Thursday,B02,Embakasi,P010,Antacid Tablets,Digestive,2,20,40,M-Pesa
1127,2025-10-02,Thursday,B02,Embakasi,P001,,Pain Relief,3,10,30,
1128,2025-10-02,Thursday,B02,Embakasi,P008,Insulin,Diabetes,1,450,450,Card
1129,2025-10-02,Thursday,B02,Embakasi,P003,Amoxicillin 250mg,Antibiotic,1,35,35,Insurance
1130,2025-10-02,Thursday,B02,Embakasi,P001,Paracetamol 500mg,Pain Relief,2,10,20,Cash
1131,2025-10-02,Thursday,B02,Embakasi,P001,Paracetmol,Pain Relief,3,10,30,M-Pesa
1132,2025-10-02,Thursday,B02,Embakasi,P007,Metformin 500mg,Diabetes,3,40,120,M-Pesa
1133,2025-10-02,Thursday,B02,Embakasi,P005,Vitamin C Tablets,Supplement,2,25,50,Card
1134,2025-10-02,Thursday,B02,Embakasi,P005,Vitamin C Tablets,Supplement,3,25,75,Insurance
1135,2025-10-02,Thursday,B02,Embakasi,P003,Amoxicillin 250mg,Antibiotic,3,35,105,M-Pesa
1136,2025-10-02,Thursday,B02,Embakasi,P010,Antacid Tablets,Digestive,1,20,20,Insurance
1137,2025-10-02,Thursday,B02,Embakasi,P010,Antacid Tablets,Digestive,3,20,60,M-Pesa
1138,2025-10-03,Friday,B01,Nairobi CBD,P001,Paracetamol 500mg,Pain Relief,2,10,20,M-Pesa
1139,2025-10-03,Friday,B01,Nairobi CBD,P009,Amlodipine 5mg,Hypertension,1,30,30,M-Pesa
1140,2025-10-03,Friday,B01,Nairobi CBD,P007,Metformin 500mg,Diabetes,3,40,120,Card
1141,2025-10-03,Friday,B01,Nairobi CBD,P001,Paracetamol 500mg,Pain Relief,3,10,30,Card
1142,2025-10-03,Friday,B01,Nairobi CBD,P008,Insulin,Diabetes,3,450,1350,
1143,2025-10-03,Friday,B01,Nairobi CBD,P010,Antacid Tablets,Digestive,1,20,20,Card
1144,2025-10-03,Friday,B01,Nairobi CBD,P007,Metformin 500mg,Diabetes,1,40,40,M-Pesa
1145,2025-10-03,Friday,B01,Nairobi CBD,P008,Insulin,Diabetes,2,450,900,
1146,2025-10-03,Friday,B01,Nairobi CBD,P006,Cough Syrup,Cold & Flu,1,90,90,M-Pesa
1147,2025-10-03,Friday,B01,Nairobi CBD,P008,Insulin,Diabetes,3,450,1350,M-Pesa
1148,2025-10-03,Friday,B01,Nairobi CBD,P004,Azithromycin 500mg,Antibiotic,3,120,360,M-Pesa
1149,2025-10-03,Friday,B01,Nairobi CBD,P009,Amlodipine 5mg,Hypertension,1,30,30,M-Pesa
1150,2025-10-03,Friday,B01,Nairobi CBD,P008,Insulin,Diabetes,3,450,1350,Card
1151,2025-10-03,Friday,B01,Nairobi CBD,P001,Paracetamol 500mg,Pain Relief,3,10,30,Card
1152,2025-10-03,Friday,B01,Nairobi CBD,P005,Vitamin C Tablets,Supplement,1,25,25,M-Pesa
1153,2025-10-03,Friday,B01,Nairobi CBD,P002,Ibuprofen 200mg,Pain Relief,1,15,15,Insurance
1154,2025-10-03,Friday,B01,Nairobi CBD,P004,Azithromycin 500mg,Antibiotic,3,120,360,M pesa
1155,2025-10-03,Friday,B01,Nairobi CBD,P003,Amoxicillin 250mg,Antibiotic,3,35,105,Card
1156,2025-10-03,Friday,B01,Nairobi CBD,P002,Ibuprofen 200mg,Pain Relief,3,15,45,M-Pesa
1157,2025-10-03,Friday,B01,Nairobi CBD,P006,Cough Syrup,Cold & Flu,2,90,180,M-Pesa
1158,2025-10-03,Friday,B01,Nairobi CBD,P004,Azithromycin 500mg,Antibiotic,2,120,240,M-Pesa
1159,2025-10-03,Friday,B01,Nairobi CBD,P005,,Supplement,2,25,50,M-Pesa
1160,2025-10-03,Friday,B01,Nairobi CBD,P002,Ibuprofen 200mg,Pain Relief,1,15,15,M-Pesa
1161,2025-10-03,Friday,B01,Nairobi CBD,P010,Antacid Tablets,Digestive,2,20,40,Card
1162,2025-10-03,Friday,B01,Nairobi CBD,P009,Amlodipine 5mg,Hypertension,1,30,30,Cash
1163,2025-10-03,Friday,B01,Nairobi CBD,P001,Paracetamol 500mg,Pain Relief,1,10,21,Card
1164,2025-10-03,Friday,B01,Nairobi CBD,P008,Insulin,Diabetes,2,450,900,Cash
1165,2025-10-03,Friday,B01,Nairobi CBD,P002,Ibuprofen 200mg,Pain Relief,2,15,30,M-Pesa
1166,2025-10-03,Friday,B01,Nairobi CBD,P005,Vitamin C Tablets,Supplement,2,25,50,Cash
1167,2025-10-03,Friday,B01,Nairobi CBD,P006,Cough Syrup,Cold & Flu,3,90,270,M-Pesa
1168,2025-10-03,Friday,B01,Nairobi CBD,P005,Vitamin C Tablets,Supplement,2,25,50,Insurance
1169,2025-10-03,Friday,B01,Nairobi CBD,P003,Amoxicillin 250mg,Antibiotic,3,35,105,Cash
1170,2025-10-03,Friday,B01,Nairobi CBD,P007,Metformin 500mg,Diabetes,1,40,40,M-Pesa
1171,2025-10-03,Friday,B01,Nairobi CBD,P002,Ibuprofen 200mg,Pain Relief,3,15,45,M-Pesa
1172,2025-10-03,Friday,B01,Nairobi CBD,P006,,Cold & Flu,2,90,180,Cash
1173,2025-10-03,Friday,B01,Nairobi CBD,P003,Amoxicillin 250mg,Antibiotic,1,35,35,Card
1174,2025-10-03,Friday,B02,Embakasi,P007,Metformin 500mg,Diabetes,1,40,40,M-Pesa
1175,2025-10-03,Friday,B02,Embakasi,P006,Cough Syrup,Cold & Flu,3,90,281,Cash
1176,2025-10-03,Friday,B02,Embakasi,P010,Antacid Tablets,Digestive,2,20,40,Card
1177,2025-10-03,Friday,B02,Embakasi,P008,Insulin,Diabetes,1,450,450,Card
1178,2025-10-03,Friday,B02,Embakasi,P002,,Pain Relief,1,15,15,M-Pesa
1179,2025-10-03,Friday,B02,Embakasi,P002,Ibuprofen 200mg,Pain Relief,1,15,15,M-Pesa
1180,2025-10-03,Friday,B02,Embakasi,P007,Metformin 500mg,Diabetes,3,40,120,Card
1181,2025-10-03,Friday,B02,Embakasi,P004,Azithromycin 500mg,Antibiotic,3,120,360,M-Pesa
1182,2025-10-03,Friday,B02,Embakasi,P008,Insulin,Diabetes,2,450,900,Cash
1183,2025-10-03,Friday,B02,Embakasi,P007,Metformin 500mg,Diabetes,3,40,120,Cash
1184,2025-10-03,Friday,B02,Embakasi,P001,Paracetamol 500mg,Pain Relief,1,10,10,M-Pesa
1185,2025-10-03,Friday,B02,Embakasi,P005,Vitamin C Tablets,Supplement,2,25,50,M-Pesa
1186,2025-10-03,Friday,B02,Embakasi,P007,Metformin 500mg,Diabetes,1,40,40,M-Pesa
1187,2025-10-03,Friday,B02,Embakasi,P007,Metformin 500mg,Diabetes,1,40,40,M-Pesa
1188,2025-10-03,Friday,B02,Embakasi,P010,Antacid Tablets,Digestive,3,20,60,M-Pesa
1189,2025-10-03,Friday,B02,Embakasi,P005,Vitamin C Tablets,Supplement,2,25,50,M-Pesa
1190,2025-10-03,Friday,B02,Embakasi,P009,Amlodipine 5mg,Hypertension,3,30,90,
1191,2025-10-03,Friday,B02,Embakasi,P009,Amlodipine 5mg,Hypertension,3,30,90,M-Pesa
1192,2025-10-03,Friday,B02,Embakasi,P006,,Cold & Flu,2,90,180,Card
1193,2025-10-03,Friday,B02,Embakasi,P004,Azithromycin 500mg,Antibiotic,1,120,120,M-Pesa
1194,2025-10-03,Friday,B02,Embakasi,P005,Vitamin C Tablets,Supplement,1,25,25,M-Pesa
1195,2025-10-03,Friday,B02,,P008,Insulin,Diabetes,2,450,900,M-Pesa
1196,2025-10-03,Friday,B02,Embakasi,P001,Paracetamol 500mg,Pain Relief,1,10,10,Card
1197,2025-10-03,Friday,B02,,P010,,Digestive,2,20,40,M-Pesa
1198,2025-10-03,Friday,B02,Embakasi,P009,Amlodipine 5mg,Hypertension,2,30,60,M-Pesa
1199,2025-10-03,Friday,B02,Embakasi,P008,Insulin,Diabetes,3,450,1350,Card
1200,2025-10-03,Friday,B02,Embakasi,P003,Amoxicillin 250mg,Antibiotic,2,35,70,M-Pesa
1201,2025-10-03,Friday,B02,Embakasi,P008,Insulin,Diabetes,3,450,1350,
1202,2025-10-03,Friday,B02,Embakasi,P003,Amoxicillin 250mg,Antibiotic,1,35,35,M-Pesa
1203,2025-10-03,Friday,B02,Embakasi,P005,Vitamin C Tablets,Supplement,1,25,25,
1204,2025-10-04,Saturday,B01,Nairobi CBD,P002,Ibuprofen 200mg,Pain Relief,1,15,15,M-Pesa
1205,2025-10-04,Saturday,B01,Nairobi CBD,P001,Paracetamol 500mg,Pain Relief,3,10,30,M-Pesa
1206,2025-10-04,Saturday,B01,Nairobi CBD,P006,,Cold & Flu,1,90,90,M-Pesa
1207,2025-10-04,Saturday,B01,Nairobi CBD,P009,Amlodipine 5mg,Hypertension,2,30,60,Cash
1208,2025-10-04,Saturday,B01,Nairobi CBD,P009,Amlodipine 5mg,Hypertension,2,30,60,Card
1209,2025-10-04,Saturday,B01,Nairobi CBD,P005,Vitamin C Tablets,Supplement,2,25,61,M-Pesa
1210,2025-10-04,Saturday,B01,Nairobi CBD,P007,Metformin 500mg,Diabetes,3,40,120,Cash
1211,2025-10-04,Saturday,B01,Nairobi CBD,P007,Metformin 500mg,Diabetes,1,40,40,
1212,2025-10-04,Saturday,B01,Nairobi CBD,P008,Insulin,Diabetes,1,450,450,M-Pesa
1213,2025-10-04,Saturday,B01,Nairobi CBD,P002,Ibuprofen 200mg,Pain Relief,1,15,15,M-Pesa
1214,2025-10-04,Saturday,B01,Nairobi CBD,P002,Ibuprofen 200mg,Pain Relief,3,15,45,M-Pesa
1215,2025-10-04,Saturday,B01,Nairobi CBD,P004,Azithromycin 500mg,Antibiotic,2,120,240,M-Pesa
1216,2025-10-04,Saturday,B01,Nairobi CBD,P007,Metformin 500mg,Diabetes,2,40,80,Cash
1217,2025-10-04,Saturday,B01,Nairobi CBD,P009,Amlodipine 5mg,Hypertension,1,30,30,M-Pesa
1218,2025-10-04,Saturday,B01,Nairobi CBD,P007,Metformin 500mg,Diabetes,2,40,80,Cash
1219,2025-10-04,Saturday,B01,Nairobi CBD,P001,Paracetamol 500mg,Pain Relief,2,10,20,
1220,2025-10-04,Saturday,B01,Nairobi CBD,P001,Paracetamol 500mg,Pain Relief,3,10,30,M-Pesa
1221,2025-10-04,Saturday,B01,Nairobi CBD,P001,Paracetamol 500mg,Pain Relief,3,10,30,M-Pesa
1222,2025-10-04,Saturday,B01,Nairobi CBD,P001,Paracetamol 500mg,Pain Relief,3,10,30,Cash
1223,2025-10-04,Saturday,B01,Nairobi CBD,P009,Amlodipine 5mg,Hypertension,3,30,90,M-Pesa
1224,2025-10-04,Saturday,B01,Nairobi CBD,P007,Metformin 500mg,Diabetes,1,40,40,M-Pesa
1225,2025-10-04,Saturday,B01,Nairobi CBD,P004,Azithromycin 500mg,Antibiotic,3,120,360,Cash
1226,2025-10-04,Saturday,B01,Nairobi CBD,P006,,Cold & Flu,2,90,180,M-Pesa
1227,2025-10-04,Saturday,B01,Nairobi CBD,P001,Paracetamol 500mg,Pain Relief,1,10,10,M-Pesa
1228,2025-10-04,Saturday,B01,Nairobi CBD,P009,Amlodipine 5mg,Hypertension,2,30,60,Card
1229,2025-10-04,Saturday,B01,Nairobi CBD,P008,Insulin,Diabetes,2,450,911,M-Pesa
1230,2025-10-04,Saturday,B01,Nairobi CBD,P010,Antacid Tablets,Digestive,2,20,40,Cash
1231,2025-10-04,Saturday,B01,Nairobi CBD,P007,Metformin 500mg,Diabetes,3,40,120,M-Pesa
1232,2025-10-04,Saturday,B01,Nairobi CBD,P007,Metformin 500mg,Diabetes,3,40,120,M-Pesa
1233,2025-10-04,Saturday,B01,Nairobi CBD,P004,Azithromycin 500mg,Antibiotic,1,120,131,M-Pesa
1234,2025-10-04,Saturday,B01,Nairobi CBD,P007,,Diabetes,1,40,40,M-Pesa
1235,2025-10-04,Saturday,B01,Nairobi CBD,P004,Azithromycin 500mg,Antibiotic,3,120,360,Cash
1236,2025-10-04,Saturday,B01,Nairobi CBD,P007,Metformin 500mg,Diabetes,2,40,80,Insurance
1237,2025-10-04,Saturday,B01,Nairobi CBD,P007,Metformin 500mg,Diabetes,1,40,40,M-Pesa
1238,2025-10-04,Saturday,B01,Nairobi CBD,P006,Cough Syrup,Cold & Flu,3,90,270,Insurance
1239,2025-10-04,Saturday,B02,Embakasi,P010,Antacid Tablets,Digestive,3,20,60,M-Pesa
1240,2025-10-04,Saturday,B02,Embakasi,P005,Vitamin C Tablets,Supplement,3,25,75,M-Pesa
1241,2025-10-04,Saturday,B02,Embakasi,P004,Azithromycin 500mg,Antibiotic,2,120,240,M-Pesa
1242,2025-10-04,Saturday,B02,Embakasi,P009,Amlodipine 5mg,Hypertension,3,30,90,M-Pesa
1243,2025-10-04,Saturday,B02,embakasi,P009,Amlodipine 5mg,Hypertension,3,30,90,M-Pesa
1244,2025-10-04,Saturday,B02,Embakasi,P009,Amlodipine 5mg,Hypertension,3,30,90,M-Pesa
1245,2025-10-04,Saturday,B02,Embakasi,P009,Amlodipine 5mg,Hypertension,3,30,90,Insurance
1246,2025-10-04,Saturday,B02,Embakasi,P009,Amlodipine 5mg,Hypertension,1,30,30,M-Pesa
1247,2025-10-04,Saturday,B02,Embakasi,P007,,Diabetes,1,40,40,M-Pesa
1248,2025-10-04,Saturday,B02,Embakasi,P009,Amlodipine 5mg,Hypertension,3,30,90,M-Pesa
1249,2025-10-04,Saturday,B02,embakasi,P001,Paracetamol 500mg,Pain Relief,2,10,20,Card
1250,2025-10-04,Saturday,B02,Embakasi,P010,Antacid Tablets,Digestive,1,20,20,Card
1251,2025-10-04,Saturday,B02,Embakasi,P008,Insulin,Diabetes,3,450,1350,M pesa
1252,2025-10-04,Saturday,B02,Embakasi,P003,Amoxicillin 250mg,Antibiotic,1,35,35,M-Pesa
1253,2025-10-04,Saturday,B02,Embakasi,P007,Metformin 500mg,Diabetes,1,40,40,Card
1254,2025-10-04,Saturday,B02,Embakasi,P003,Amoxicillin 250mg,Antibiotic,2,35,70,M-Pesa
1255,2025-10-04,Saturday,B02,Embakasi,P005,Vitamin C Tablets,Supplement,3,25,75,Card
1256,2025-10-04,Saturday,B02,Embakasi,P003,Amoxicillin 250mg,Antibiotic,3,35,105,M-Pesa
1257,2025-10-04,Saturday,B02,Embakasi,P005,Vitamin C Tablets,Supplement,2,25,50,Card
1258,2025-10-04,Saturday,B02,Embakasi,P004,Azithromycin 500mg,Antibiotic,2,120,240,Insurance
1259,2025-10-04,Saturday,B02,Embakasi,P006,Cough Syrup,Cold & Flu,3,90,270,Insurance
1260,2025-10-04,Saturday,B02,Embakasi,P003,Amoxicillin 250mg,Antibiotic,3,35,105,Cash
1261,2025-10-04,Saturday,B02,Embakasi,P002,Ibuprofen 200mg,Pain Relief,2,15,30,M-Pesa
1262,2025-10-04,Saturday,B02,Embakasi,P004,Azithromycin 500mg,Antibiotic,1,120,120,M-Pesa
1263,2025-10-04,Saturday,B02,Embakasi,P004,Azithromycin 500mg,Antibiotic,1,120,120,
1264,2025-10-04,Saturday,B02,,P006,Cough Syrup,Cold & Flu,2,90,180,M-Pesa
1265,2025-10-04,Saturday,B02,embakasi,P007,Metformin 500mg,Diabetes,1,40,40,Insurance
1266,2025-10-04,Saturday,B02,Embakasi,P005,Vitamin C Tablets,Supplement,2,25,50,Cash
1267,2025-10-04,Saturday,B02,Embakasi,P007,Metformin 500mg,Diabetes,1,40,40,M-Pesa
1268,2025-10-04,Saturday,B02,Embakasi,P005,Vitamin C Tablets,Supplement,1,25,25,Cash
1269,2025-10-04,Saturday,B02,Embakasi,P003,Amoxicillin 250mg,Antibiotic,3,35,105,Cash
1270,2025-10-04,Saturday,B02,Embakasi,P004,Azithromycin 500mg,Antibiotic,3,120,360,M-Pesa
1271,2025-10-04,Saturday,B02,Embakasi,P008,Insulin,Diabetes,1,450,450,Cash
1272,2025-10-05,Sunday,B01,Nairobi CBD,P005,Vitamin C Tablets,Supplement,3,25,75,M-Pesa
1273,2025-10-05,Sunday,B01,Nairobi CBD,P008,Insulin,Diabetes,3,450,1350,Cash
1274,2025-10-05,Sunday,B01,Nairobi CBD,P003,Amoxicillin 250mg,Antibiotic,3,35,105, M-Pesa
1275,2025-10-05,Sunday,B01,Nairobi CBD,P010,Antacid Tablets,Digestive,2,20,40,M-Pesa
1276,2025-10-05,Sunday,B01,,P002,Ibuprofen 200mg,Pain Relief,1,15,15,M-Pesa
1277,2025-10-05,Sunday,B01,Nairobi CBD,P003,Amoxicillin 250mg,Antibiotic,3,35,105,Card
1278,2025-10-05,Sunday,B01,Nairobi CBD,P003,Amoxicillin 250mg,Antibiotic,1,35,35,Card
1279,2025-10-05,Sunday,B01,Nairobi CBD,P003,Amoxicillin 250mg,Antibiotic,2,35,70,M pesa
1280,2025-10-05,Sunday,B01,Nairobi CBD,P009,Amlodipine 5mg,Hypertension,2,30,60,M-Pesa
1281,2025-10-05,Sunday,B01,Nairobi CBD,P008,Insulin,Diabetes,3,450,1350, M-Pesa
1282,2025-10-05,Sunday,B01,Nairobi CBD,P008,Insulin,Diabetes,2,450,900,M-Pesa
1283,2025-10-05,Sunday,B01,Nairobi CBD,P009,,Hypertension,1,30,30,M-Pesa
1284,2025-10-05,Sunday,B01,Nairobi CBD,P006,Cough Syrup,Cold & Flu,3,90,270,
1285,2025-10-05,Sunday,B01,Nairobi CBD,P009,Amlodipine 5mg,Hypertension,1,30,30,M-Pesa
1286,2025-10-05,Sunday,B01,,P002,Ibuprofen 200mg,Pain Relief,1,15,15, M pesa
1287,2025-10-05,Sunday,B01,Nairobi CBD,P009,Amlodipine 5mg,Hypertension,2,30,60,Cash
1288,2025-10-05,Sunday,B01,Nairobi CBD,P001,Paracetamol 500mg,Pain Relief,2,10,20,M-Pesa
1289,2025-10-05,Sunday,B01,Nairobi CBD,P005,Vitamin C Tablets,Supplement,2,25,61,M-Pesa
1290,2025-10-05,Sunday,B01,Nairobi CBD,P010,Antacid Tablets,Digestive,2,20,40,M-Pesa
1291,2025-10-05,Sunday,B01,Nairobi CBD,P003,Amoxicillin 250mg,Antibiotic,2,35,70,Cash
1292,2025-10-05,Sunday,B01,Nairobi CBD,P009,Amlodipine 5mg,Hypertension,3,30,90,M-Pesa
1293,2025-10-05,Sunday,B01,Nairobi CBD,P005,Vitamin C Tablets,Supplement,1,25,25,M-Pesa
1294,2025-10-05,Sunday,B01,Nairobi CBD,P009,Amlodipine 5mg,Hypertension,1,30,30,Cash
1295,2025-10-05,Sunday,B01,Nairobi CBD,P005,Vitamin C Tablets,Supplement,1,25,25,M-Pesa
1296,2025-10-05,Sunday,B01,Nairobi CBD,P007,Metformin 500mg,Diabetes,1,40,51,M-Pesa
1297,2025-10-05,Sunday,B01,Nairobi CBD,P010,Antacid Tablets,Digestive,2,20,40,M-Pesa
1298,2025-10-05,Sunday,B01,Nairobi CBD,P003,Amoxicillin 250mg,Antibiotic,1,35,35,M-Pesa
1299,2025-10-05,Sunday,B01,Nairobi CBD,P008,,Diabetes,3,450,1350,M-Pesa
1300,2025-10-05,Sunday,B01,Nairobi CBD,P003,Amoxicillin 250mg,Antibiotic,3,35,105,M-Pesa
1301,2025-10-05,Sunday,B01,Nairobi CBD,P004,Azithromycin 500mg,Antibiotic,1,120,120,M-Pesa
1302,2025-10-05,Sunday,B01,Nairobi CBD,P009,Amlodipine 5mg,Hypertension,1,30,30,Card
1303,2025-10-05,Sunday,B01,Nairobi CBD,P004,Azithromycin 500mg,Antibiotic,3,120,360,M-Pesa
1304,2025-10-05,Sunday,B01,Nairobi CBD,P002,Ibuprofen 200mg,Pain Relief,3,15,45,M-Pesa
1305,2025-10-05,Sunday,B01,Nairobi CBD,P008,Insulin,Diabetes,2,450,900,Card
1306,2025-10-05,Sunday,B01,Nairobi CBD,P010,Antacid Tablets,Digestive,3,20,60,Cash
1307,2025-10-05,Sunday,B02,embakasi,P005,,Supplement,2,25,50,M-Pesa
1308,2025-10-05,Sunday,B02,Embakasi,P007,Metformin 500mg,Diabetes,2,40,80,M-Pesa
1309,2025-10-05,Sunday,B02,Embakasi,P007,Metformin 500mg,Diabetes,2,40,80,M pesa
1310,2025-10-05,Sunday,B02,Embakasi,P002,Ibuprofen 200mg,Pain Relief,2,15,30,M-Pesa
1311,2025-10-05,Sunday,B02,Embakasi,P006,Cough Syrup,Cold & Flu,1,90,90,Card
1312,2025-10-05,Sunday,B02,embakasi,P008,Insulin,Diabetes,3,450,1350,M-Pesa
1313,2025-10-05,Sunday,B02,Embakasi,P003,Amoxicillin 250mg,Antibiotic,2,35,70,Cash
1314,2025-10-05,Sunday,B02,Embakasi,P007,Metformin 500mg,Diabetes,3,40,120,Card
1315,2025-10-05,Sunday,B02,Embakasi,P009,Amlodipine 5mg,Hypertension,3,30,90,M-Pesa
1316,2025-10-05,Sunday,B02,Embakasi,P001,Paracetamol 500mg,Pain Relief,2,10,20,Cash
1317,2025-10-05,Sunday,B02,,P010,Antacid Tablets,Digestive,1,20,20,M-Pesa
1318,2025-10-05,Sunday,B02,Embakasi,P006,Cough Syrup,Cold & Flu,2,90,180,Cash
1319,2025-10-05,Sunday,B02,Embakasi,P005,Vitamin C Tablets,Supplement,1,25,25,M-Pesa
1320,2025-10-05,Sunday,B02,Embakasi,P002,Ibuprofen 200mg,Pain Relief,3,15,45,Card
1321,2025-10-05,Sunday,B02,Embakasi,P001,Paracetamol 500mg,Pain Relief,1,10,10,M-Pesa
1322,2025-10-05,Sunday,B02,Embakasi,P008,Insulin,Diabetes,1,450,450,
1323,2025-10-05,Sunday,B02,Embakasi,P004,Azithromycin 500mg,Antibiotic,1,120,120,
1324,2025-10-05,Sunday,B02,embakasi,P009,Amlodipine 5mg,Hypertension,3,30,90,M-Pesa
1325,2025-10-05,Sunday,B02,Embakasi,P005,,Supplement,3,25,75,Card
1326,2025-10-05,Sunday,B02,Embakasi,P003,Amoxicillin 250mg,Antibiotic,1,35,35,Cash
1327,2025-10-05,Sunday,B02,Embakasi,P002,Ibuprofen 200mg,Pain Relief,1,15,15,Cash
1328,2025-10-05,Sunday,B02,Embakasi,P002,Ibuprofen 200mg,Pain Relief,2,15,30, Cash
1329,2025-10-05,Sunday,B02,Embakasi,P001,Paracetamol 500mg,Pain Relief,1,10,10,M-Pesa
1330,2025-10-05,Sunday,B02,Embakasi,P005,Vitamin C Tablets,Supplement,2,25,50,M-Pesa
1331,2025-10-05,Sunday,B02,Embakasi,P002,Ibuprofen 200mg,Pain Relief,1,15,15,Cash
1332,2025-10-05,Sunday,B02,Embakasi,P009,Amlodipine 5mg,Hypertension,2,30,60,M-Pesa
1333,2025-10-05,Sunday,B02,Embakasi,P005,Vitamin C Tablets,Supplement,3,25,75,M pesa
1334,2025-10-05,Sunday,B02,Embakasi,P003,Amoxicillin 250mg,Antibiotic,1,35,35,M-Pesa
1335,2025-10-05,Sunday,B02,Embakasi,P005,Vitamin C Tablets,Supplement,1,25,25,M-Pesa
1336,2025-10-05,Sunday,B02,Embakasi,P006,Cough Syrup,Cold & Flu,1,90,90,M-Pesa
1337,2025-10-05,Sunday,B02,Embakasi,P003,Amoxicillin 250mg,Antibiotic,1,35,35,M-Pesa
1338,2025-10-05,Sunday,B02,Embakasi,P009,Amlodipine 5mg,Hypertension,2,30,60,M-Pesa
1339,2025-10-05,Sunday,B02,Embakasi,P006,Cough Syrup,Cold & Flu,1,90,90,M-Pesa
1340,2025-10-05,Sunday,B02,Embakasi,P005,Vitamin C Tablets,Supplement,3,25,75,Cash
1341,2025-10-05,Sunday,B02,Embakasi,P005,Vitamin C Tablets,Supplement,3,25,75,M-Pesa
1342,2025-10-06,Monday,B01,Nairobi CBD,P007,Metformin 500mg,Diabetes,1,40,40,
1343,2025-10-06,Monday,B01,Nairobi CBD,P007,,Diabetes,3,40,120,Card
1344,2025-10-06,Monday,B01,Nairobi CBD,P005,Vitamin C Tablets,Supplement,1,25,25,Cash
1345,2025-10-06,Monday,B01,,P001,Paracetamol 500mg,Pain Relief,1,10,10,
1346,2025-10-06,Monday,B01,Nairobi CBD,P008,Insulin,Diabetes,3,450,1350, Cash
1347,2025-10-06,Monday,B01,Nairobi CBD,P006,Cough Syrup,Cold & Flu,1,90,90,
1348,2025-10-06,Monday,B01,Nairobi CBD,P002,,Pain Relief,3,15,45,M-Pesa
1349,2025-10-06,Monday,B01,Nairobi CBD,P009,Amlodipine 5mg,Hypertension,2,30,60,Cash
1350,2025-10-06,Monday,B01,Nairobi CBD,P006,Cough Syrup,Cold & Flu,1,90,90,Card
1351,2025-10-06,Monday,B01,Nairobi CBD,P008,Insulin,Diabetes,2,450,900,Card
1352,2025-10-06,Monday,B01,Nairobi CBD,P010,Antacid Tablets,Digestive,3,20,60,
1353,2025-10-06,Monday,B01,Nairobi CBD,P004,Azithromycin 500mg,Antibiotic,2,120,240,M-Pesa
1354,2025-10-06,Monday,B01,Nairobi CBD,P006,Cough Syrup,Cold & Flu,2,90,180,Cash
1355,2025-10-06,Monday,B01,Nairobi CBD,P010,Antacid Tablets,Digestive,3,20,60,M-Pesa
1356,2025-10-06,Monday,B01,Nairobi CBD,P010,Antacid Tablets,Digestive,2,20,40,M-Pesa
1357,2025-10-06,Monday,B01,Nairobi CBD,P001,Paracetamol 500mg,Pain Relief,2,10,20,M-Pesa
1358,2025-10-06,Monday,B01,Nairobi CBD,P008,Insulin,Diabetes,3,450,1350,Insurance
1359,2025-10-06,Monday,B01,Nairobi CBD,P005,Vitamin C Tablets,Supplement,2,25,50,M pesa
1360,2025-10-06,Monday,B01,Nairobi CBD,P009,Amlodipine 5mg,Hypertension,3,30,90,M-Pesa
1361,2025-10-06,Monday,B01,Nairobi CBD,P004,Azithromycin 500mg,Antibiotic,2,120,240,M-Pesa
1362,2025-10-06,Monday,B01,Nairobi CBD,P008,Insulin,Diabetes,3,450,1350,Cash
1363,2025-10-06,Monday,B01,Nairobi CBD,P009,Amlodipine 5mg,Hypertension,3,30,90,M-Pesa
1364,2025-10-06,Monday,B01,Nairobi CBD,P003,Amoxicillin 250mg,Antibiotic,2,35,70,M-Pesa
1365,2025-10-06,Monday,B01,Nairobi CBD,P010,Antacid Tablets,Digestive,2,20,40,M-Pesa
1366,2025-10-06,Monday,B01,Nairobi CBD,P008,,Diabetes,2,450,900,M-Pesa
1367,2025-10-06,Monday,B01,Nairobi CBD,P005,Vitamin C Tablets,Supplement,1,25,25,Card
1368,2025-10-06,Monday,B01,Nairobi CBD,P009,Amlodipine 5mg,Hypertension,1,30,30,M-Pesa
1369,2025-10-06,Monday,B01,Nairobi CBD,P007,Metformin 500mg,Diabetes,1,40,40,M-Pesa
1370,2025-10-06,Monday,B01,Nairobi CBD,P003,Amoxicillin 250mg,Antibiotic,3,35,105,Cash
1371,2025-10-06,Monday,B01,Nairobi CBD,P004,Azithromycin 500mg,Antibiotic,2,120,240,Card
1372,2025-10-06,Monday,B01,Nairobi CBD,P009,Amlodipine 5mg,Hypertension,3,30,90,Card
1373,2025-10-06,Monday,B01,Nairobi CBD,P001,Paracetamol 500mg,Pain Relief,1,10,10,M-Pesa
1374,2025-10-06,Monday,B01,Nairobi CBD,P004,Azithromycin 500mg,Antibiotic,2,120,240,Cash
1375,2025-10-06,Monday,B01,Nairobi CBD,P001,Paracetamol 500mg,Pain Relief,3,10,30,M-Pesa
1376,2025-10-06,Monday,B01,Nairobi CBD,P005,Vitamin C Tablets,Supplement,2,25,50,M-Pesa
1377,2025-10-06,Monday,B01,Nairobi CBD,P009,Amlodipine 5mg,Hypertension,3,30,90,M-Pesa
1378,2025-10-06,Monday,B01,Nairobi CBD,P008,Insulin,Diabetes,2,450,900,M-Pesa
1379,2025-10-06,Monday,B01,Nairobi CBD,P007,Metformin 500mg,Diabetes,1,40,40,M-Pesa
1380,2025-10-06,Monday,B02,Embakasi,P009,Amlodipine 5mg,Hypertension,2,30,60,M-Pesa
1381,2025-10-06,Monday,B02,Embakasi,P006,Cough Syrup,Cold & Flu,3,90,270,M-Pesa
1382,2025-10-06,Monday,B02,Embakasi,P007,Metformin 500mg,Diabetes,1,40,51,M-Pesa
1383,2025-10-06,Monday,B02,Embakasi,P009,Amlodipine 5mg,Hypertension,1,30,30,Card
1384,2025-10-06,Monday,B02,Embakasi,P006,Cough Syrup,Cold & Flu,1,90,90,M-Pesa
1385,2025-10-06,Monday,B02,Embakasi,P003,Amoxicillin 250mg,Antibiotic,2,35,70,
1386,2025-10-06,Monday,B02,,P009,Amlodipine 5mg,Hypertension,2,30,60,
1387,2025-10-06,Monday,B02,Embakasi,P008,Insulin,Diabetes,3,450,1350,M-Pesa
1388,2025-10-06,Monday,B02,Embakasi,P001,Paracetamol 500mg,Pain Relief,3,10,30, M-Pesa
1389,2025-10-06,Monday,B02,Embakasi,P002,Ibuprofen 200mg,Pain Relief,3,15,45,Cash
1390,2025-10-06,Monday,B02,Embakasi,P001,Paracetamol 500mg,Pain Relief,2,10,20,Card
1391,2025-10-06,Monday,B02,Embakasi,P002,Ibuprofen 200mg,Pain Relief,2,15,30,M-Pesa
1392,2025-10-06,Monday,B02,Embakasi,P009,Amlodipine 5mg,Hypertension,3,30,90,M pesa
1393,2025-10-06,Monday,B02,,P001,Paracetamol 500mg,Pain Relief,3,10,30,M-Pesa
1394,2025-10-06,Monday,B02,Embakasi,P006,Cough Syrup,Cold & Flu,2,90,180,Card
1395,2025-10-06,Monday,B02,Embakasi,P007,,Diabetes,3,40,120,M-Pesa
1396,2025-10-06,Monday,B02,Embakasi,P002,Ibuprofen 200mg,Pain Relief,1,15,15,M-Pesa
1397,2025-10-06,Monday,B02,Embakasi,P005,Vitamin C Tablets,Supplement,2,25,50,M-Pesa
1398,2025-10-06,Monday,B02,Embakasi,P006,Cough Syrup,Cold & Flu,3,90,270,Cash
1399,2025-10-06,Monday,B02,Embakasi,P004,Azithromycin 500mg,Antibiotic,2,120,240,Insurance
1400,2025-10-06,Monday,B02,Embakasi,P008,Insulin,Diabetes,1,450,450,M-Pesa
1401,2025-10-06,Monday,B02,Embakasi,P009,Amlodipine 5mg,Hypertension,2,30,60,Cash
1402,2025-10-06,Monday,B02,Embakasi,P006,Cough Syrup,Cold & Flu,2,90,180,Cash
1403,2025-10-06,Monday,B02,Embakasi,P004,Azithromycin 500mg,Antibiotic,2,120,240,Card
1404,2025-10-06,Monday,B02,Embakasi,P008,Insulin,Diabetes,2,450,900,M-Pesa
1405,2025-10-06,Monday,B02,Embakasi,P009,,Hypertension,1,30,30,Cash
1406,2025-10-06,Monday,B02,Embakasi,P005,Vitamin C Tablets,Supplement,2,25,50,M-Pesa
1407,2025-10-06,Monday,B02,Embakasi,P010,Antacid Tablets,Digestive,2,20,40,M-Pesa
1408,2025-10-06,Monday,B02,Embakasi,P001,Paracetamol 500mg,Pain Relief,3,10,30,Cash
1409,2025-10-06,Monday,B02,Embakasi,P005,Vitamin C Tablets,Supplement,2,25,61,M-Pesa
1410,2025-10-06,Monday,B02,embakasi,P001,Paracetamol 500mg,Pain Relief,3,10,30,Card
1411,2025-10-06,Monday,B02,,P008,Insulin,Diabetes,1,450,450,M-Pesa
1412,2025-10-06,Monday,B02,Embakasi,P007,Metformin 500mg,Diabetes,1,40,40,M-Pesa
1413,2025-10-06,Monday,B02,Embakasi,P006,Cough Syrup,Cold & Flu,1,90,90,
1414,2025-10-07,Tuesday,B01,Nairobi CBD,P004,,Antibiotic,1,120,120,M-Pesa
1415,2025-10-07,Tuesday,B01,Nairobi CBD,P004,Azithromycin 500mg,Antibiotic,3,120,360,M-Pesa
1416,2025-10-07,Tuesday,B01,Nairobi CBD,P009,Amlodipine 5mg,Hypertension,2,30,60,M-Pesa
1417,2025-10-07,Tuesday,B01,Nairobi CBD,P002,Ibuprofen 200mg,Pain Relief,1,15,15,Cash
1418,2025-10-07,Tuesday,B01,Nairobi CBD,P002,Ibuprofen 200mg,Pain Relief,2,15,30,M-Pesa
1419,2025-10-07,Tuesday,B01,,P006,Cough Syrup,Cold & Flu,3,90,270,M-Pesa
1420,2025-10-07,Tuesday,B01,Nairobi CBD,P007,Metformin 500mg,Diabetes,3,40,120,
1421,2025-10-07,Tuesday,B01,Nairobi CBD,P009,Amlodipine 5mg,Hypertension,3,30,90,M-Pesa
1422,2025-10-07,Tuesday,B01,Nairobi CBD,P005,Vitamin C Tablets,Supplement,1,25,25,M-Pesa
1423,2025-10-07,Tuesday,B01,,P006,Cough Syrup,Cold & Flu,2,90,180,M-Pesa
1424,2025-10-07,Tuesday,B01,Nairobi CBD,P009,Amlodipine 5mg,Hypertension,2,30,60,M-Pesa
1425,2025-10-07,Tuesday,B01,Nairobi CBD,P005,Vitamin C Tablets,Supplement,2,25,50,M-Pesa
1426,2025-10-07,Tuesday,B01,Nairobi CBD,P010,Antacid Tablets,Digestive,3,20,60,M-Pesa
1427,2025-10-07,Tuesday,B01,Nairobi CBD,P003,Amoxicillin 250mg,Antibiotic,1,35,35,M-Pesa
1428,2025-10-07,Tuesday,B01,Nairobi CBD,P005,Vitamin C Tablets,Supplement,3,25,75,M-Pesa
1429,2025-10-07,Tuesday,B01,Nairobi CBD,P003,Amoxicillin 250mg,Antibiotic,3,35,105,M-Pesa
1430,2025-10-07,Tuesday,B01,Nairobi CBD,P004,Azithromycin 500mg,Antibiotic,2,120,240,M-Pesa
1431,2025-10-07,Tuesday,B01,Nairobi CBD,P001,Paracetamol 500mg,Pain Relief,3,10,30,M-Pesa
1432,2025-10-07,Tuesday,B01,Nairobi CBD,P005,Vitamin C Tablets,Supplement,2,25,50,Cash
1433,2025-10-07,Tuesday,B01,Nairobi CBD,P007,Metformin 500mg,Diabetes,1,40,40,M pesa
1434,2025-10-07,Tuesday,B01,Nairobi CBD,P005,Vitamin C Tablets,Supplement,2,25,50,M-Pesa
1435,2025-10-07,Tuesday,B01,Nairobi CBD,P001,Paracetamol 500mg,Pain Relief,1,10,10,M-Pesa
1436,2025-10-07,Tuesday,B01,Nairobi CBD,P009,Amlodipine 5mg,Hypertension,2,30,60,Insurance
1437,2025-10-07,Tuesday,B01,Nairobi CBD,P007,Metformin 500mg,Diabetes,3,40,120,M-Pesa
1438,2025-10-07,Tuesday,B01,Nairobi CBD,P003,Amoxicillin 250mg,Antibiotic,3,35,116,M pesa
1439,2025-10-07,Tuesday,B01,Nairobi CBD,P003,Amoxicillin 250mg,Antibiotic,1,35,35,
1440,2025-10-07,Tuesday,B01,Nairobi CBD,P002,Ibuprofen 200mg,Pain Relief,1,15,15,M-Pesa
1441,2025-10-07,Tuesday,B01,Nairobi CBD,P001,Paracetamol 500mg,Pain Relief,1,10,10,Cash
1442,2025-10-07,Tuesday,B01,Nairobi CBD,P010,Antacid Tablets,Digestive,2,20,40,M-Pesa
1443,2025-10-07,Tuesday,B01,Nairobi CBD,P010,Antacid Tablets,Digestive,2,20,40,M-Pesa
1444,2025-10-07,Tuesday,B01,Nairobi CBD,P009,Amlodipine 5mg,Hypertension,1,30,30,M-Pesa
1445,2025-10-07,Tuesday,B01,Nairobi CBD,P003,Amoxicillin 250mg,Antibiotic,3,35,105,Cash
1446,2025-10-07,Tuesday,B01,Nairobi CBD,P008,,Diabetes,2,450,900,M-Pesa
1447,2025-10-07,Tuesday,B01,Nairobi CBD,P004,Azithromycin 500mg,Antibiotic,2,120,240,Cash
1448,2025-10-07,Tuesday,B01,Nairobi CBD,P002,Ibuprofen 200mg,Pain Relief,2,15,30,M-Pesa
1449,2025-10-07,Tuesday,B01,Nairobi CBD,P003,Amoxicillin 250mg,Antibiotic,1,35,35,M-Pesa
1450,2025-10-07,Tuesday,B01,Nairobi CBD,P006,Cough Syrup,Cold & Flu,1,90,90,M-Pesa
1451,2025-10-07,Tuesday,B01,Nairobi CBD,P009,Amlodipine 5mg,Hypertension,1,30,30,Cash
1452,2025-10-07,Tuesday,B02,Embakasi,P002,Ibuprofen 200mg,Pain Relief,1,15,15,
1453,2025-10-07,Tuesday,B02,Embakasi,P005,Vitamin C Tablets,Supplement,3,25,75,M-Pesa
1454,2025-10-07,Tuesday,B02,Embakasi,P003,Amoxicillin 250mg,Antibiotic,3,35,105,M pesa
1455,2025-10-07,Tuesday,B02,Embakasi,P005,Vitamin C Tablets,Supplement,1,25,25,M pesa
1456,2025-10-07,Tuesday,B02,embakasi,P009,Amlodipine 5mg,Hypertension,2,30,60,M-Pesa
1457,2025-10-07,Tuesday,B02,Embakasi,P008,Insulin,Diabetes,1,450,450,M-Pesa
1458,2025-10-07,Tuesday,B02,Embakasi,P007,Metformin 500mg,Diabetes,3,40,120,M-Pesa
1459,2025-10-07,Tuesday,B02,Embakasi,P008,Insulin,Diabetes,3,450,1350,M-Pesa
1460,2025-10-07,Tuesday,B02,Embakasi,P003,Amoxicillin 250mg,Antibiotic,2,35,70,M-Pesa
1461,2025-10-07,Tuesday,B02,Embakasi,P008,Insulin,Diabetes,3,450,1350,M-Pesa
1462,2025-10-07,Tuesday,B02,Embakasi,P009,Amlodipine 5mg,Hypertension,1,30,30,M pesa
1463,2025-10-07,Tuesday,B02,Embakasi,P004,Azithromycin 500mg,Antibiotic,2,120,240,M-Pesa
1464,2025-10-07,Tuesday,B02,Embakasi,P004,Azithromycin 500mg,Antibiotic,1,120,120,Card
1465,2025-10-07,Tuesday,B02,Embakasi,P009,Amlodipine 5mg,Hypertension,1,30,30,Cash
1466,2025-10-07,Tuesday,B02,Embakasi,P005,Vitamin C Tablets,Supplement,2,25,50,M-Pesa
1467,2025-10-07,Tuesday,B02,Embakasi,P009,Amlodipine 5mg,Hypertension,1,30,30,
1468,2025-10-07,Tuesday,B02,Embakasi,P008,Insulin,Diabetes,3,450,1350,M-Pesa
1469,2025-10-07,Tuesday,B02,Embakasi,P005,Vitamin C Tablets,Supplement,1,25,25,M-Pesa
1470,2025-10-07,Tuesday,B02,Embakasi,P006,Cough Syrup,Cold & Flu,2,90,180,M-Pesa
1471,2025-10-07,Tuesday,B02,Embakasi,P009,Amlodipine 5mg,Hypertension,2,30,60,M-Pesa
1472,2025-10-07,Tuesday,B02,Embakasi,P001,Paracetamol 500mg,Pain Relief,2,10,20,
1473,2025-10-07,Tuesday,B02,Embakasi,P009,Amlodipine 5mg,Hypertension,1,30,30,M-Pesa
1474,2025-10-07,Tuesday,B02,Embakasi,P008,Insulin,Diabetes,2,450,911,M-Pesa
1475,2025-10-07,Tuesday,B02,Embakasi,P004,Azithromycin 500mg,Antibiotic,2,120,240,M-Pesa
1476,2025-10-07,Tuesday,B02,Embakasi,P009,Amlodipine 5mg,Hypertension,1,30,30,M-Pesa
1477,2025-10-07,Tuesday,B02,Embakasi,P004,Azithromycin 500mg,Antibiotic,3,120,360,M-Pesa
1478,2025-10-07,Tuesday,B02,Embakasi,P004,,Antibiotic,1,120,120,M-Pesa
1479,2025-10-07,Tuesday,B02,Embakasi,P002,Ibuprofen 200mg,Pain Relief,2,15,30,Cash
1480,2025-10-07,Tuesday,B02,Embakasi,P001,,Pain Relief,2,10,20,Insurance
1481,2025-10-07,Tuesday,B02,embakasi,P006,Cough Syrup,Cold & Flu,1,90,90,Card
1482,2025-10-08,Wednesday,B01,Nairobi CBD,P001,Paracetamol 500mg,Pain Relief,2,10,20,M-Pesa
1483,2025-10-08,Wednesday,B01,Nairobi CBD,P006,Cough Syrup,Cold & Flu,2,90,180,Card
1484,2025-10-08,Wednesday,B01,Nairobi CBD,P009,Amlodipine 5mg,Hypertension,1,30,30,M-Pesa
1485,2025-10-08,Wednesday,B01,Nairobi CBD,P002,Ibuprofen 200mg,Pain Relief,2,15,30,
1486,2025-10-08,Wednesday,B01,Nairobi CBD,P006,Cough Syrup,Cold & Flu,3,90,270,M-Pesa
1487,2025-10-08,Wednesday,B01,Nairobi CBD,P004,Azithromycin 500mg,Antibiotic,2,120,240,M-Pesa
1488,2025-10-08,Wednesday,B01,Nairobi CBD,P004,Azithromycin 500mg,Antibiotic,2,120,240,M-Pesa
1489,2025-10-08,Wednesday,B01,Nairobi CBD,P010,Antacid Tablets,Digestive,3,20,60,Cash
1490,2025-10-08,Wednesday,B01,,P002,Ibuprofen 200mg,Pain Relief,2,15,30,Cash
1491,2025-10-08,Wednesday,B01,Nairobi CBD,P003,Amoxicillin 250mg,Antibiotic,1,35,35,M-Pesa
1492,2025-10-08,Wednesday,B01,Nairobi CBD,P005,Vitamin C Tablets,Supplement,1,25,25,M pesa
1493,2025-10-08,Wednesday,B01,Nairobi CBD,P003,Amoxicillin 250mg,Antibiotic,1,35,35,Cash
1494,2025-10-08,Wednesday,B01,Nairobi CBD,P001,Paracetamol 500mg,Pain Relief,3,10,30,M-Pesa
1495,2025-10-08,Wednesday,B01,Nairobi CBD,P005,Vitamin C Tablets,Supplement,2,25,50,M-Pesa
1496,2025-10-08,Wednesday,B01,Nairobi CBD,P005,Vitamin C Tablets,Supplement,1,25,25,Cash
1497,2025-10-08,Wednesday,B01,Nairobi CBD,P001,Paracetamol 500mg,Pain Relief,3,10,30,Cash
1498,2025-10-08,Wednesday,B01,Nairobi CBD,P008,Insulin,Diabetes,2,450,911,Card
1499,2025-10-08,Wednesday,B01,Nairobi CBD,P001,Paracetamol 500mg,Pain Relief,3,10,30,M-Pesa
1500,2025-10-08,Wednesday,B01,Nairobi CBD,P005,Vitamin C Tablets,Supplement,1,25,25,
1501,2025-10-08,Wednesday,B01,Nairobi CBD,P006,Cough Syrup,Cold & Flu,1,90,90,M-Pesa
1502,2025-10-08,Wednesday,B01,Nairobi CBD,P001,Paracetamol 500mg,Pain Relief,1,10,21,Cash
1503,2025-10-08,Wednesday,B01,Nairobi CBD,P007,,Diabetes,3,40,120,M-Pesa
1504,2025-10-08,Wednesday,B01,Nairobi CBD,P003,Amoxicillin 250mg,Antibiotic,3,35,105,Card
1505,2025-10-08,Wednesday,B01,Nairobi CBD,P010,Antacid Tablets,Digestive,1,20,20,Insurance
1506,2025-10-08,Wednesday,B01,Nairobi CBD,P003,Amoxicillin 250mg,Antibiotic,3,35,105,Card
1507,2025-10-08,Wednesday,B01,Nairobi CBD,P002,Ibuprofen 200mg,Pain Relief,1,15,15,M-Pesa
1508,2025-10-08,Wednesday,B01,Nairobi CBD,P006,Cough Syrup,Cold & Flu,1,90,90,M-Pesa
1509,2025-10-08,Wednesday,B01,Nairobi CBD,P007,Metformin 500mg,Diabetes,2,40,80,M-Pesa
1510,2025-10-08,Wednesday,B01,Nairobi CBD,P010,Antacid Tablets,Digestive,3,20,60,Insurance
1511,2025-10-08,Wednesday,B01,Nairobi CBD,P007,Metformin 500mg,Diabetes,1,40,40,Insurance
1512,2025-10-08,Wednesday,B01,Nairobi CBD,P001,Paracetamol 500mg,Pain Relief,1,10,10, Cash
1513,2025-10-08,Wednesday,B01,Nairobi CBD,P009,Amlodipine 5mg,Hypertension,3,30,90,
1514,2025-10-08,Wednesday,B01,Nairobi CBD,P001,Paracetamol 500mg,Pain Relief,2,10,20,Insurance
1515,2025-10-08,Wednesday,B01,Nairobi CBD,P006,Cough Syrup,Cold & Flu,2,90,180,M-Pesa
1516,2025-10-08,Wednesday,B01,Nairobi CBD,P008,Insulin,Diabetes,1,450,450,M-Pesa
1517,2025-10-08,Wednesday,B01,Nairobi CBD,P008,Insulin,Diabetes,3,450,1350,M-Pesa
1518,2025-10-08,Wednesday,B02,,P006,Cough Syrup,Cold & Flu,3,90,270,M-Pesa
1519,2025-10-08,Wednesday,B02,Embakasi,P003,Amoxicillin 250mg,Antibiotic,3,35,105,M-Pesa
1520,2025-10-08,Wednesday,B02,,P002,Ibuprofen 200mg,Pain Relief,1,15,15,Cash
1521,2025-10-08,Wednesday,B02,Embakasi,P009,Amlodipine 5mg,Hypertension,2,30,60,M-Pesa
1522,2025-10-08,Wednesday,B02,Embakasi,P001,,Pain Relief,1,10,10,M-Pesa
1523,2025-10-08,Wednesday,B02,Embakasi,P001,Paracetamol 500mg,Pain Relief,2,10,20,M-Pesa
1524,2025-10-08,Wednesday,B02,Embakasi,P006,Cough Syrup,Cold & Flu,2,90,180,Insurance
1525,2025-10-08,Wednesday,B02,embakasi,P003,Amoxicillin 250mg,Antibiotic,2,35,70,M-Pesa
1526,2025-10-08,Wednesday,B02,Embakasi,P006,Cough Syrup,Cold & Flu,2,90,180,M-Pesa
1527,2025-10-08,Wednesday,B02,,P004,Azithromycin 500mg,Antibiotic,2,120,251,Card
1528,2025-10-08,Wednesday,B02,Embakasi,P002,Ibuprofen 200mg,Pain Relief,3,15,45,M-Pesa
1529,2025-10-08,Wednesday,B02,Embakasi,P004,Azithromycin 500mg,Antibiotic,1,120,120,Cash
1530,2025-10-08,Wednesday,B02,Embakasi,P009,Amlodipine 5mg,Hypertension,3,30,90,M-Pesa
1531,2025-10-08,Wednesday,B02,Embakasi,P006,Cough Syrup,Cold & Flu,2,90,191,Card
1532,2025-10-08,Wednesday,B02,embakasi,P004,Azithromycin 500mg,Antibiotic,1,120,120,M-Pesa
1533,2025-10-08,Wednesday,B02,Embakasi,P005,Vitamin C Tablets,Supplement,2,25,50,Cash
1534,2025-10-08,Wednesday,B02,Embakasi,P009,Amlodipine 5mg,Hypertension,1,30,30,M-Pesa
1535,2025-10-08,Wednesday,B02,Embakasi,P001,Paracetamol 500mg,Pain Relief,3,10,30,
1536,2025-10-08,Wednesday,B02,Embakasi,P009,Amlodipine 5mg,Hypertension,1,30,30,M-Pesa
1537,2025-10-08,Wednesday,B02,Embakasi,P005,,Supplement,1,25,25,Cash
1538,2025-10-08,Wednesday,B02,Embakasi,P004,Azithromycin 500mg,Antibiotic,1,120,120,Cash
1539,2025-10-08,Wednesday,B02,Embakasi,P006,Cough Syrup,Cold & Flu,1,90,90,M-Pesa
1540,2025-10-08,Wednesday,B02,Embakasi,P007,Metformin 500mg,Diabetes,1,40,40,M-Pesa
1541,2025-10-08,Wednesday,B02,Embakasi,P003,Amoxicillin 250mg,Antibiotic,2,35,70,M-Pesa
1542,2025-10-08,Wednesday,B02,Embakasi,P008,Insulin,Diabetes,1,450,450,M-Pesa
1543,2025-10-08,Wednesday,B02,Embakasi,P004,Azithromycin 500mg,Antibiotic,1,120,120,M-Pesa
1544,2025-10-08,Wednesday,B02,Embakasi,P003,Amoxicillin 250mg,Antibiotic,3,35,105,M-Pesa
1545,2025-10-08,Wednesday,B02,Embakasi,P010,Antacid Tablets,Digestive,1,20,20,M-Pesa
1546,2025-10-08,Wednesday,B02,Embakasi,P004,Azithromycin 500mg,Antibiotic,3,120,360,Card
1547,2025-10-08,Wednesday,B02,Embakasi,P008,Insulin,Diabetes,2,450,900,M-Pesa
1548,2025-10-08,Wednesday,B02,Embakasi,P009,Amlodipine 5mg,Hypertension,1,30,30,Card
1549,2025-10-09,Thursday,B01,Nairobi CBD,P006,Cough Syrup,Cold & Flu,1,90,90, M-Pesa
1550,2025-10-09,Thursday,B01,Nairobi CBD,P009,Amlodipine 5mg,Hypertension,1,30,30,M-Pesa
1551,2025-10-09,Thursday,B01,Nairobi CBD,P002,Ibuprofen 200mg,Pain Relief,3,15,45,M-Pesa
1552,2025-10-09,Thursday,B01,Nairobi CBD,P003,Amoxicillin 250mg,Antibiotic,1,35,35,M-Pesa
1553,2025-10-09,Thursday,B01,Nairobi CBD,P005,Vitamin C Tablets,Supplement,3,25,75,Cash
1554,2025-10-09,Thursday,B01,Nairobi CBD,P007,Metformin 500mg,Diabetes,1,40,40,Cash
1555,2025-10-09,Thursday,B01,Nairobi CBD,P008,Insulin,Diabetes,3,450,1350,M-Pesa
1556,2025-10-09,Thursday,B01,Nairobi CBD,P004,Azithromycin 500mg,Antibiotic,1,120,120,M-Pesa
1557,2025-10-09,Thursday,B01,Nairobi CBD,P008,Insulin,Diabetes,2,450,900,Card
1558,2025-10-09,Thursday,B01,Nairobi CBD,P010,Antacid Tablets,Digestive,1,20,20,M-Pesa
1559,2025-10-09,Thursday,B01,Nairobi CBD,P002,Ibuprofen 200mg,Pain Relief,1,15,15,M-Pesa
1560,2025-10-09,Thursday,B01,Nairobi CBD,P005,Vitamin C Tablets,Supplement,2,25,50,M-Pesa
1561,2025-10-09,Thursday,B01,Nairobi CBD,P005,Vitamin C Tablets,Supplement,1,25,25,Cash
1562,2025-10-09,Thursday,B01,Nairobi CBD,P006,Cough Syrup,Cold & Flu,2,90,180,M-Pesa
1563,2025-10-09,Thursday,B01,Nairobi CBD,P002,Ibuprofen 200mg,Pain Relief,1,15,15,Cash
1564,2025-10-09,Thursday,B01,Nairobi CBD,P005,Vitamin C Tablets,Supplement,3,25,75,M-Pesa
1565,2025-10-09,Thursday,B01,Nairobi CBD,P009,Amlodipine 5mg,Hypertension,3,30,90,M-Pesa
1566,2025-10-09,Thursday,B01,Nairobi CBD,P002,Ibuprofen 200mg,Pain Relief,1,15,15,Cash
1567,2025-10-09,Thursday,B01,Nairobi CBD,P010,Antacid Tablets,Digestive,1,20,20,M-Pesa
1568,2025-10-09,Thursday,B01,Nairobi CBD,P003,Amoxicillin 250mg,Antibiotic,1,35,35,Card
1569,2025-10-09,Thursday,B01,Nairobi CBD,P004,Azithromycin 500mg,Antibiotic,3,120,360,M pesa
1570,2025-10-09,Thursday,B01,Nairobi CBD,P008,Insulin,Diabetes,1,450,450,M-Pesa
1571,2025-10-09,Thursday,B01,Nairobi CBD,P006,Cough Syrup,Cold & Flu,3,90,270,Insurance
1572,2025-10-09,Thursday,B01,Nairobi CBD,P005,Vitamin C Tablets,Supplement,2,25,50,
1573,2025-10-09,Thursday,B01,Nairobi CBD,P008,,Diabetes,3,450,1350,Cash
1574,2025-10-09,Thursday,B01,Nairobi CBD,P006,Cough Syrup,Cold & Flu,3,90,270,Cash
1575,2025-10-09,Thursday,B01,Nairobi CBD,P007,Metformin 500mg,Diabetes,2,40,80,M-Pesa
1576,2025-10-09,Thursday,B01,Nairobi CBD,P010,Antacid Tablets,Digestive,3,20,60,M-Pesa
1577,2025-10-09,Thursday,B01,Nairobi CBD,P006,Cough Syrup,Cold & Flu,1,90,90,M-Pesa
1578,2025-10-09,Thursday,B01,Nairobi CBD,P004,Azithromycin 500mg,Antibiotic,1,120,120,M-Pesa
1579,2025-10-09,Thursday,B01,Nairobi CBD,P010,Antacid Tablets,Digestive,3,20,60,Cash
1580,2025-10-09,Thursday,B01,Nairobi CBD,P010,Antacid Tablets,Digestive,1,20,20,M-Pesa
1581,2025-10-09,Thursday,B01,Nairobi CBD,P006,Cough Syrup,Cold & Flu,3,90,270,M-Pesa
1582,2025-10-09,Thursday,B01,Nairobi CBD,P002,Ibuprofen 200mg,Pain Relief,1,15,15,Insurance
1583,2025-10-09,Thursday,B01,Nairobi CBD,P010,Antacid Tablets,Digestive,1,20,20,M-Pesa
1584,2025-10-09,Thursday,B01,Nairobi CBD,P003,Amoxicillin 250mg,Antibiotic,3,35,105,M-Pesa
1585,2025-10-09,Thursday,B01,Nairobi CBD,P009,Amlodipine 5mg,Hypertension,1,30,30,Card
1586,2025-10-09,Thursday,B01,Nairobi CBD,P010,Antacid Tablets,Digestive,3,20,60,Cash
1587,2025-10-09,Thursday,B01,Nairobi CBD,P005,Vitamin C Tablets,Supplement,1,25,25, Card
1588,2025-10-09,Thursday,B01,Nairobi CBD,P003,Amoxicillin 250mg,Antibiotic,1,35,35,M-Pesa
1589,2025-10-09,Thursday,B02,Embakasi,P009,Amlodipine 5mg,Hypertension,2,30,60,Cash
1590,2025-10-09,Thursday,B02,Embakasi,P005,Vitamin C Tablets,Supplement,3,25,86,M-Pesa
1591,2025-10-09,Thursday,B02,Embakasi,P003,Amoxicillin 250mg,Antibiotic,2,35,70,M-Pesa
1592,2025-10-09,Thursday,B02,Embakasi,P002,Ibuprofen 200mg,Pain Relief,3,15,45,M-Pesa
1593,2025-10-09,Thursday,B02,Embakasi,P004,Azithromycin 500mg,Antibiotic,2,120,240,M-Pesa
1594,2025-10-09,Thursday,B02,Embakasi,P005,Vitamin C Tablets,Supplement,1,25,25,M-Pesa
1595,2025-10-09,Thursday,B02,,P006,Cough Syrup,Cold & Flu,3,90,270,Card
1596,2025-10-09,Thursday,B02,Embakasi,P009,Amlodipine 5mg,Hypertension,3,30,90,Insurance
1597,2025-10-09,Thursday,B02,embakasi,P005,Vitamin C Tablets,Supplement,1,25,25,M-Pesa
1598,2025-10-09,Thursday,B02,Embakasi,P008,Insulin,Diabetes,3,450,1350,M-Pesa
1599,2025-10-09,Thursday,B02,Embakasi,P002,Ibuprofen 200mg,Pain Relief,3,15,45,Card
1600,2025-10-09,Thursday,B02,Embakasi,P001,Paracetamol 500mg,Pain Relief,2,10,20,M-Pesa
1601,2025-10-09,Thursday,B02,Embakasi,P003,Amoxicillin 250mg,Antibiotic,3,35,105,M-Pesa
1602,2025-10-09,Thursday,B02,Embakasi,P006,Cough Syrup,Cold & Flu,1,90,90,M-Pesa
1603,2025-10-09,Thursday,B02,Embakasi,P005,Vitamin C Tablets,Supplement,2,25,50,M-Pesa
1604,2025-10-09,Thursday,B02,Embakasi,P007,Metformin 500mg,Diabetes,2,40,80,Cash
1605,2025-10-09,Thursday,B02,Embakasi,P006,Cough Syrup,Cold & Flu,1,90,90,M-Pesa
1606,2025-10-09,Thursday,B02,Embakasi,P002,Ibuprofen 200mg,Pain Relief,1,15,15,Cash
1607,2025-10-09,Thursday,B02,Embakasi,P004,Azithromycin 500mg,Antibiotic,2,120,240,Cash
1608,2025-10-09,Thursday,B02,Embakasi,P003,Amoxicillin 250mg,Antibiotic,3,35,105,Card
1609,2025-10-09,Thursday,B02,Embakasi,P006,Cough Syrup,Cold & Flu,2,90,180,M-Pesa
1610,2025-10-09,Thursday,B02,Embakasi,P007,Metformin 500mg,Diabetes,1,40,40,M-Pesa
1611,2025-10-09,Thursday,B02,Embakasi,P004,Azithromycin 500mg,Antibiotic,2,120,251,M-Pesa
1612,2025-10-09,Thursday,B02,,P007,Metformin 500mg,Diabetes,1,40,40,M-Pesa
1613,2025-10-09,Thursday,B02,Embakasi,P009,Amlodipine 5mg,Hypertension,2,30,60, M-Pesa
1614,2025-10-09,Thursday,B02,Embakasi,P007,Metformin 500mg,Diabetes,3,40,120,Cash
1615,2025-10-09,Thursday,B02,,P004,Azithromycin 500mg,Antibiotic,2,120,251,M-Pesa
1616,2025-10-09,Thursday,B02,Embakasi,P008,Insulin,Diabetes,2,450,900,M-Pesa
1617,2025-10-09,Thursday,B02,Embakasi,P007,Metformin 500mg,Diabetes,1,40,40,M-Pesa
1618,2025-10-09,Thursday,B02,Embakasi,P003,Amoxicillin 250mg,Antibiotic,1,35,35,M-Pesa
1619,2025-10-09,Thursday,B02,,P005,Vitamin C Tablets,Supplement,1,25,25,M-Pesa
1620,2025-10-10,Friday,B01,Nairobi CBD,P009,Amlodipine 5mg,Hypertension,3,30,90,M-Pesa
1621,2025-10-10,Friday,B01,Nairobi CBD,P006,Cough Syrup,Cold & Flu,1,90,90,Card
1622,2025-10-10,Friday,B01,Nairobi CBD,P009,Amlodipine 5mg,Hypertension,1,30,30,M-Pesa
1623,2025-10-10,Friday,B01,Nairobi CBD,P009,Amlodipine 5mg,Hypertension,2,30,60,M-Pesa
1624,2025-10-10,Friday,B01,Nairobi CBD,P001,Paracetamol 500mg,Pain Relief,1,10,10,M-Pesa
1625,2025-10-10,Friday,B01,Nairobi CBD,P005,Vitamin C Tablets,Supplement,3,25,75,M-Pesa
1626,2025-10-10,Friday,B01,Nairobi CBD,P002,Ibuprofen 200mg,Pain Relief,3,15,45,M-Pesa
1627,2025-10-10,Friday,B01,Nairobi CBD,P007,Metformin 500mg,Diabetes,1,40,40,Card
1628,2025-10-10,Friday,B01,Nairobi CBD,P002,Ibuprofen 200mg,Pain Relief,1,15,15,M-Pesa
1629,2025-10-10,Friday,B01,Nairobi CBD,P010,Antacid Tablets,Digestive,2,20,40,M-Pesa
1630,2025-10-10,Friday,B01,Nairobi CBD,P010,Antacid Tablets,Digestive,3,20,60,M-Pesa
1631,2025-10-10,Friday,B01,Nairobi CBD,P009,Amlodipine 5mg,Hypertension,3,30,90,M-Pesa
1632,2025-10-10,Friday,B01,Nairobi CBD,P007,Metformin 500mg,Diabetes,1,40,40,Cash
1633,2025-10-10,Friday,B01,Nairobi CBD,P001,Paracetamol 500mg,Pain Relief,2,10,20,M-Pesa
1634,2025-10-10,Friday,B01,Nairobi CBD,P005,Vitamin C Tablets,Supplement,3,25,75,M-Pesa
1635,2025-10-10,Friday,B01,Nairobi CBD,P007,Metformin 500mg,Diabetes,3,40,120,M pesa
1636,2025-10-10,Friday,B01,,P010,Antacid Tablets,Digestive,2,20,40,M-Pesa
1637,2025-10-10,Friday,B01,Nairobi CBD,P009,Amlodipine 5mg,Hypertension,2,30,60,M-Pesa
1638,2025-10-10,Friday,B01,Nairobi CBD,P002,Ibuprofen 200mg,Pain Relief,3,15,45,Insurance
1639,2025-10-10,Friday,B01,Nairobi CBD,P009,Amlodipine 5mg,Hypertension,3,30,90,M-Pesa
1640,2025-10-10,Friday,B01,Nairobi CBD,P007,Metformin 500mg,Diabetes,2,40,80,M-Pesa
1641,2025-10-10,Friday,B01,Nairobi CBD,P005,Vitamin C Tablets,Supplement,3,25,75,M-Pesa
1642,2025-10-10,Friday,B01,Nairobi CBD,P002,Ibuprofen 200mg,Pain Relief,1,15,15,M-Pesa
1643,2025-10-10,Friday,B01,Nairobi CBD,P001,Paracetamol 500mg,Pain Relief,1,10,10,M pesa
1644,2025-10-10,Friday,B01,Nairobi CBD,P007,Metformin 500mg,Diabetes,2,40,80,Cash
1645,2025-10-10,Friday,B01,Nairobi CBD,P008,Insulin,Diabetes,2,450,900,Cash
1646,2025-10-10,Friday,B01,Nairobi CBD,P007,Metformin 500mg,Diabetes,2,40,80,Card
1647,2025-10-10,Friday,B01,,P005,Vitamin C Tablets,Supplement,1,25,25,M pesa
1648,2025-10-10,Friday,B01,Nairobi CBD,P001,Paracetmol,Pain Relief,3,10,30,Cash
1649,2025-10-10,Friday,B01,Nairobi CBD,P002,Ibuprofen 200mg,Pain Relief,1,15,15, Cash
1650,2025-10-10,Friday,B01,Nairobi CBD,P004,Azithromycin 500mg,Antibiotic,3,120,360,M-Pesa
1651,2025-10-10,Friday,B01,Nairobi CBD,P010,Antacid Tablets,Digestive,1,20,20,Card
1652,2025-10-10,Friday,B01,Nairobi CBD,P005,Vitamin C Tablets,Supplement,3,25,75,Insurance
1653,2025-10-10,Friday,B01,Nairobi CBD,P006,Cough Syrup,Cold & Flu,1,90,90,Insurance
1654,2025-10-10,Friday,B01,Nairobi CBD,P005,Vitamin C Tablets,Supplement,2,25,50,Cash
1655,2025-10-10,Friday,B01,Nairobi CBD,P007,Metformin 500mg,Diabetes,1,40,51,Card
1656,2025-10-10,Friday,B01,,P004,Azithromycin 500mg,Antibiotic,3,120,360,Cash
1657,2025-10-10,Friday,B01,Nairobi CBD,P010,Antacid Tablets,Digestive,1,20,20,Card
1658,2025-10-10,Friday,B01,Nairobi CBD,P007,Metformin 500mg,Diabetes,1,40,40,Cash
1659,2025-10-10,Friday,B01,Nairobi CBD,P005,Vitamin C Tablets,Supplement,1,25,25,Cash
1660,2025-10-10,Friday,B02,Embakasi,P007,,Diabetes,1,40,40,M-Pesa
1661,2025-10-10,Friday,B02,Embakasi,P008,Insulin,Diabetes,2,450,900,M-Pesa
1662,2025-10-10,Friday,B02,Embakasi,P003,Amoxicillin 250mg,Antibiotic,2,35,70,M-Pesa
1663,2025-10-10,Friday,B02,Embakasi,P010,Antacid Tablets,Digestive,1,20,20,M-Pesa
1664,2025-10-10,Friday,B02,Embakasi,P002,Ibuprofen 200mg,Pain Relief,1,15,15,Insurance
1665,2025-10-10,Friday,B02,Embakasi,P010,Antacid Tablets,Digestive,1,20,20,M-Pesa
1666,2025-10-10,Friday,B02,Embakasi,P005,Vitamin C Tablets,Supplement,3,25,75,M-Pesa
1667,2025-10-10,Friday,B02,Embakasi,P009,Amlodipine 5mg,Hypertension,1,30,30,M-Pesa
1668,2025-10-10,Friday,B02,Embakasi,P008,Insulin,Diabetes,2,450,900,M-Pesa
1669,2025-10-10,Friday,B02,Embakasi,P006,Cough Syrup,Cold & Flu,1,90,90,M-Pesa
1670,2025-10-10,Friday,B02,Embakasi,P003,Amoxicillin 250mg,Antibiotic,3,35,105,Cash
1671,2025-10-10,Friday,B02,Embakasi,P010,Antacid Tablets,Digestive,1,20,20,M-Pesa
1672,2025-10-10,Friday,B02,Embakasi,P008,Insulin,Diabetes,3,450,1350,M-Pesa
1673,2025-10-10,Friday,B02,Embakasi,P001,Paracetamol 500mg,Pain Relief,3,10,30,M-Pesa
1674,2025-10-10,Friday,B02,Embakasi,P005,Vitamin C Tablets,Supplement,1,25,25,M-Pesa
1675,2025-10-10,Friday,B02,Embakasi,P003,Amoxicillin 250mg,Antibiotic,2,35,70,Card
1676,2025-10-10,Friday,B02,Embakasi,P004,Azithromycin 500mg,Antibiotic,3,120,360,M-Pesa
1677,2025-10-10,Friday,B02,Embakasi,P006,Cough Syrup,Cold & Flu,1,90,90,Cash
1678,2025-10-10,Friday,B02,Embakasi,P007,Metformin 500mg,Diabetes,1,40,40,M-Pesa
1679,2025-10-10,Friday,B02,Embakasi,P005,Vitamin C Tablets,Supplement,2,25,50,Cash
1680,2025-10-10,Friday,B02,Embakasi,P005,Vitamin C Tablets,Supplement,3,25,75,Cash
1681,2025-10-10,Friday,B02,,P002,Ibuprofen 200mg,Pain Relief,3,15,45,M-Pesa
1682,2025-10-10,Friday,B02,Embakasi,P003,Amoxicillin 250mg,Antibiotic,1,35,35,M-Pesa
1683,2025-10-10,Friday,B02,Embakasi,P003,Amoxicillin 250mg,Antibiotic,1,35,35,Cash
1684,2025-10-10,Friday,B02,Embakasi,P002,Ibuprofen 200mg,Pain Relief,2,15,30,M-Pesa
1685,2025-10-10,Friday,B02,Embakasi,P001,Paracetamol 500mg,Pain Relief,2,10,20,M-Pesa
1686,2025-10-10,Friday,B02,Embakasi,P007,Metformin 500mg,Diabetes,3,40,120,M-Pesa
1687,2025-10-10,Friday,B02,Embakasi,P001,Paracetamol 500mg,Pain Relief,3,10,30,Cash
1688,2025-10-10,Friday,B02,Embakasi,P006,Cough Syrup,Cold & Flu,1,90,90,Cash
1689,2025-10-10,Friday,B02,Embakasi,P009,Amlodipine 5mg,Hypertension,3,30,90,Card
1690,2025-10-10,Friday,B02,Embakasi,P004,Azithromycin 500mg,Antibiotic,2,120,240,Cash
1691,2025-10-10,Friday,B02,Embakasi,P002,Ibuprofen 200mg,Pain Relief,2,15,30,M-Pesa
1692,2025-10-10,Friday,B02,,P002,Ibuprofen 200mg,Pain Relief,1,15,15,Cash
1693,2025-10-10,Friday,B02,Embakasi,P007,Metformin 500mg,Diabetes,2,40,80,Cash
1694,2025-10-10,Friday,B02,Embakasi,P010,Antacid Tablets,Digestive,2,20,40,Cash
1695,2025-10-11,Saturday,B01,Nairobi CBD,P008,Insulin,Diabetes,2,450,900,M-Pesa
1696,2025-10-11,Saturday,B01,Nairobi CBD,P003,Amoxicillin 250mg,Antibiotic,1,35,35,Card
1697,2025-10-11,Saturday,B01,Nairobi CBD,P007,Metformin 500mg,Diabetes,1,40,40,Cash
1698,2025-10-11,Saturday,B01,Nairobi CBD,P002,Ibuprofen 200mg,Pain Relief,3,15,45, M-Pesa
1699,2025-10-11,Saturday,B01,Nairobi CBD,P007,Metformin 500mg,Diabetes,2,40,80,M-Pesa
1700,2025-10-11,Saturday,B01,Nairobi CBD,P010,,Digestive,3,20,60,
1701,2025-10-11,Saturday,B01,Nairobi CBD,P007,Metformin 500mg,Diabetes,1,40,40,Cash
1702,2025-10-11,Saturday,B01,Nairobi CBD,P007,Metformin 500mg,Diabetes,1,40,40,M-Pesa
1703,2025-10-11,Saturday,B01,Nairobi CBD,P002,Ibuprofen 200mg,Pain Relief,1,15,15,M-Pesa
1704,2025-10-11,Saturday,B01,Nairobi CBD,P009,Amlodipine 5mg,Hypertension,1,30,30,Card
1705,2025-10-11,Saturday,B01,Nairobi CBD,P005,Vitamin C Tablets,Supplement,1,25,25,M-Pesa
1706,2025-10-11,Saturday,B01,Nairobi CBD,P008,Insulin,Diabetes,1,450,450,M-Pesa
1707,2025-10-11,Saturday,B01,Nairobi CBD,P002,Ibuprofen 200mg,Pain Relief,1,15,15,Card
1708,2025-10-11,Saturday,B01,Nairobi CBD,P003,Amoxicillin 250mg,Antibiotic,2,35,70,Cash
1709,2025-10-11,Saturday,B01,Nairobi CBD,P008,Insulin,Diabetes,3,450,1350,M-Pesa
1710,2025-10-11,Saturday,B01,Nairobi CBD,P008,Insulin,Diabetes,1,450,450,M-Pesa
1711,2025-10-11,Saturday,B01,Nairobi CBD,P003,Amoxicillin 250mg,Antibiotic,2,35,70,M-Pesa
1712,2025-10-11,Saturday,B01,Nairobi CBD,P002,Ibuprofen 200mg,Pain Relief,2,15,30,Insurance
1713,2025-10-11,Saturday,B01,Nairobi CBD,P004,Azithromycin 500mg,Antibiotic,3,120,360,M-Pesa
1714,2025-10-11,Saturday,B01,Nairobi CBD,P003,Amoxicillin 250mg,Antibiotic,1,35,35,M-Pesa
1715,2025-10-11,Saturday,B01,Nairobi CBD,P002,Ibuprofen 200mg,Pain Relief,3,15,45,M-Pesa
1716,2025-10-11,Saturday,B01,Nairobi CBD,P008,Insulin,Diabetes,1,450,450,M-Pesa
1717,2025-10-11,Saturday,B01,Nairobi CBD,P010,Antacid Tablets,Digestive,2,20,40,M-Pesa
1718,2025-10-11,Saturday,B01,Nairobi CBD,P004,Azithromycin 500mg,Antibiotic,2,120,240,Card
1719,2025-10-11,Saturday,B01,Nairobi CBD,P010,Antacid Tablets,Digestive,2,20,40,
1720,2025-10-11,Saturday,B01,Nairobi CBD,P010,Antacid Tablets,Digestive,2,20,40,
1721,2025-10-11,Saturday,B01,Nairobi CBD,P005,Vitamin C Tablets,Supplement,3,25,75,Cash
1722,2025-10-11,Saturday,B01,Nairobi CBD,P006,Cough Syrup,Cold & Flu,1,90,90,M-Pesa
1723,2025-10-11,Saturday,B01,Nairobi CBD,P007,Metformin 500mg,Diabetes,1,40,40,M-Pesa
1724,2025-10-11,Saturday,B01,Nairobi CBD,P001,Paracetamol 500mg,Pain Relief,3,10,30,Cash
1725,2025-10-11,Saturday,B01,Nairobi CBD,P001,Paracetmol,Pain Relief,1,10,10,M-Pesa
1726,2025-10-11,Saturday,B01,Nairobi CBD,P006,Cough Syrup,Cold & Flu,2,90,180,M-Pesa
1727,2025-10-11,Saturday,B01,Nairobi CBD,P008,Insulin,Diabetes,1,450,450,M-Pesa
1728,2025-10-11,Saturday,B01,Nairobi CBD,P006,Cough Syrup,Cold & Flu,2,90,180,Cash
1729,2025-10-11,Saturday,B01,Nairobi CBD,P010,Antacid Tablets,Digestive,3,20,60,
1730,2025-10-11,Saturday,B01,Nairobi CBD,P004,Azithromycin 500mg,Antibiotic,1,120,120,Card
1731,2025-10-11,Saturday,B02,Embakasi,P010,Antacid Tablets,Digestive,1,20,20,M-Pesa
1732,2025-10-11,Saturday,B02,Embakasi,P001,Paracetamol 500mg,Pain Relief,2,10,31,M-Pesa
1733,2025-10-11,Saturday,B02,Embakasi,P006,Cough Syrup,Cold & Flu,3,90,270,M-Pesa
1734,2025-10-11,Saturday,B02,Embakasi,P001,,Pain Relief,1,10,10,M-Pesa
1735,2025-10-11,Saturday,B02,,P007,Metformin 500mg,Diabetes,2,40,80,M-Pesa
1736,2025-10-11,Saturday,B02,Embakasi,P007,Metformin 500mg,Diabetes,3,40,120,M-Pesa
1737,2025-10-11,Saturday,B02,embakasi,P002,Ibuprofen 200mg,Pain Relief,3,15,45,
1738,2025-10-11,Saturday,B02,Embakasi,P006,Cough Syrup,Cold & Flu,1,90,90,M-Pesa
1739,2025-10-11,Saturday,B02,Embakasi,P006,Cough Syrup,Cold & Flu,1,90,90,
1740,2025-10-11,Saturday,B02,Embakasi,P008,Insulin,Diabetes,1,450,450,M-Pesa
1741,2025-10-11,Saturday,B02,,P003,Amoxicillin 250mg,Antibiotic,2,35,70,Cash
1742,2025-10-11,Saturday,B02,embakasi,P001,Paracetamol 500mg,Pain Relief,1,10,10,M-Pesa
1743,2025-10-11,Saturday,B02,Embakasi,P005,Vitamin C Tablets,Supplement,3,25,75,M-Pesa
1744,2025-10-11,Saturday,B02,Embakasi,P010,Antacid Tablets,Digestive,3,20,60,Cash
1745,2025-10-11,Saturday,B02,embakasi,P007,Metformin 500mg,Diabetes,1,40,40,Cash
1746,2025-10-11,Saturday,B02,Embakasi,P001,Paracetamol 500mg,Pain Relief,1,10,10,Card
1747,2025-10-11,Saturday,B02,Embakasi,P006,Cough Syrup,Cold & Flu,3,90,270,Insurance
1748,2025-10-11,Saturday,B02,Embakasi,P009,Amlodipine 5mg,Hypertension,2,30,60,Insurance
1749,2025-10-11,Saturday,B02,Embakasi,P003,Amoxicillin 250mg,Antibiotic,1,35,35,
1750,2025-10-11,Saturday,B02,Embakasi,P006,Cough Syrup,Cold & Flu,1,90,90,M-Pesa
1751,2025-10-11,Saturday,B02,Embakasi,P003,Amoxicillin 250mg,Antibiotic,3,35,105,Insurance
1752,2025-10-11,Saturday,B02,Embakasi,P001,,Pain Relief,1,10,10,M-Pesa
1753,2025-10-11,Saturday,B02,Embakasi,P005,Vitamin C Tablets,Supplement,2,25,50,Cash
1754,2025-10-11,Saturday,B02,Embakasi,P009,Amlodipine 5mg,Hypertension,3,30,90,Insurance
1755,2025-10-11,Saturday,B02,,P002,Ibuprofen 200mg,Pain Relief,1,15,15,Cash
1756,2025-10-11,Saturday,B02,Embakasi,P009,Amlodipine 5mg,Hypertension,3,30,90,M-Pesa
1757,2025-10-11,Saturday,B02,Embakasi,P008,Insulin,Diabetes,1,450,450,M-Pesa
1758,2025-10-11,Saturday,B02,,P004,Azithromycin 500mg,Antibiotic,1,120,120, M-Pesa
1759,2025-10-11,Saturday,B02,,P006,Cough Syrup,Cold & Flu,1,90,90,M-Pesa
1760,2025-10-11,Saturday,B02,Embakasi,P006,Cough Syrup,Cold & Flu,2,90,180,M-Pesa
1761,2025-10-11,Saturday,B02,embakasi,P001,Paracetamol 500mg,Pain Relief,2,10,20,Cash
1762,2025-10-11,Saturday,B02,Embakasi,P002,Ibuprofen 200mg,Pain Relief,3,15,45,M-Pesa
1763,2025-10-12,Sunday,B01,Nairobi CBD,P004,,Antibiotic,1,120,120,M-Pesa
1764,2025-10-12,Sunday,B01,Nairobi CBD,P006,Cough Syrup,Cold & Flu,2,90,180,Cash
1765,2025-10-12,Sunday,B01,Nairobi CBD,P004,Azithromycin 500mg,Antibiotic,1,120,120,Card
1766,2025-10-12,Sunday,B01,Nairobi CBD,P010,Antacid Tablets,Digestive,2,20,40,M-Pesa
1767,2025-10-12,Sunday,B01,Nairobi CBD,P010,Antacid Tablets,Digestive,1,20,20,M-Pesa
1768,2025-10-12,Sunday,B01,Nairobi CBD,P003,Amoxicillin 250mg,Antibiotic,3,35,105,M-Pesa
1769,2025-10-12,Sunday,B01,Nairobi CBD,P004,Azithromycin 500mg,Antibiotic,1,120,120,M-Pesa
1770,2025-10-12,Sunday,B01,Nairobi CBD,P007,Metformin 500mg,Diabetes,1,40,40,M-Pesa
1771,2025-10-12,Sunday,B01,Nairobi CBD,P009,Amlodipine 5mg,Hypertension,2,30,60,Card
1772,2025-10-12,Sunday,B01,Nairobi CBD,P005,Vitamin C Tablets,Supplement,1,25,25,M-Pesa
1773,2025-10-12,Sunday,B01,Nairobi CBD,P004,Azithromycin 500mg,Antibiotic,1,120,120,M-Pesa
1774,2025-10-12,Sunday,B01,Nairobi CBD,P009,Amlodipine 5mg,Hypertension,2,30,60,Cash
1775,2025-10-12,Sunday,B01,Nairobi CBD,P004,Azithromycin 500mg,Antibiotic,3,120,360,M-Pesa
1776,2025-10-12,Sunday,B01,,P004,,Antibiotic,3,120,360,M-Pesa
1777,2025-10-12,Sunday,B01,Nairobi CBD,P010,Antacid Tablets,Digestive,2,20,40, M-Pesa
1778,2025-10-12,Sunday,B01,Nairobi CBD,P004,Azithromycin 500mg,Antibiotic,2,120,240,M-Pesa
1779,2025-10-12,Sunday,B01,Nairobi CBD,P007,,Diabetes,2,40,80,Cash
1780,2025-10-12,Sunday,B01,Nairobi CBD,P002,Ibuprofen 200mg,Pain Relief,2,15,30,M-Pesa
1781,2025-10-12,Sunday,B01,Nairobi CBD,P009,Amlodipine 5mg,Hypertension,2,30,60,M pesa
1782,2025-10-12,Sunday,B01,Nairobi CBD,P002,Ibuprofen 200mg,Pain Relief,3,15,45,M-Pesa
1783,2025-10-12,Sunday,B01,Nairobi CBD,P007,Metformin 500mg,Diabetes,3,40,120,M-Pesa
1784,2025-10-12,Sunday,B01,Nairobi CBD,P009,Amlodipine 5mg,Hypertension,2,30,60,Cash
1785,2025-10-12,Sunday,B01,Nairobi CBD,P006,Cough Syrup,Cold & Flu,1,90,90,M-Pesa
1786,2025-10-12,Sunday,B01,Nairobi CBD,P003,Amoxicillin 250mg,Antibiotic,2,35,70,M pesa
1787,2025-10-12,Sunday,B01,Nairobi CBD,P005,Vitamin C Tablets,Supplement,1,25,25,M-Pesa
1788,2025-10-12,Sunday,B01,Nairobi CBD,P001,Paracetamol 500mg,Pain Relief,2,10,20,
1789,2025-10-12,Sunday,B01,Nairobi CBD,P002,Ibuprofen 200mg,Pain Relief,2,15,30,M-Pesa
1790,2025-10-12,Sunday,B01,Nairobi CBD,P007,Metformin 500mg,Diabetes,3,40,120,Card
1791,2025-10-12,Sunday,B01,Nairobi CBD,P008,Insulin,Diabetes,1,450,450,M-Pesa
1792,2025-10-12,Sunday,B01,Nairobi CBD,P010,Antacid Tablets,Digestive,1,20,20,M-Pesa
1793,2025-10-12,Sunday,B01,Nairobi CBD,P010,Antacid Tablets,Digestive,3,20,60,Cash
1794,2025-10-12,Sunday,B01,Nairobi CBD,P005,Vitamin C Tablets,Supplement,3,25,75,Cash
1795,2025-10-12,Sunday,B01,Nairobi CBD,P007,Metformin 500mg,Diabetes,3,40,120,Insurance
1796,2025-10-12,Sunday,B01,Nairobi CBD,P001,Paracetamol 500mg,Pain Relief,3,10,30,
1797,2025-10-12,Sunday,B01,Nairobi CBD,P004,Azithromycin 500mg,Antibiotic,1,120,120,M-Pesa
1798,2025-10-12,Sunday,B02,Embakasi,P002,Ibuprofen 200mg,Pain Relief,2,15,30,Cash
1799,2025-10-12,Sunday,B02,Embakasi,P007,,Diabetes,2,40,80,Cash
1800,2025-10-12,Sunday,B02,Embakasi,P007,Metformin 500mg,Diabetes,3,40,120,
1801,2025-10-12,Sunday,B02,Embakasi,P002,Ibuprofen 200mg,Pain Relief,3,15,45,M-Pesa
1802,2025-10-12,Sunday,B02,Embakasi,P004,Azithromycin 500mg,Antibiotic,3,120,360,M-Pesa
1803,2025-10-12,Sunday,B02,Embakasi,P007,Metformin 500mg,Diabetes,2,40,80,
1804,2025-10-12,Sunday,B02,Embakasi,P007,Metformin 500mg,Diabetes,2,40,80,Cash
1805,2025-10-12,Sunday,B02,Embakasi,P001,Paracetamol 500mg,Pain Relief,2,10,20,Cash
1806,2025-10-12,Sunday,B02,Embakasi,P007,Metformin 500mg,Diabetes,2,40,80,M pesa
1807,2025-10-12,Sunday,B02,Embakasi,P008,Insulin,Diabetes,2,450,900,M-Pesa
1808,2025-10-12,Sunday,B02,Embakasi,P002,Ibuprofen 200mg,Pain Relief,2,15,30,M-Pesa
1809,2025-10-12,Sunday,B02,Embakasi,P003,Amoxicillin 250mg,Antibiotic,2,35,70,Cash
1810,2025-10-12,Sunday,B02,Embakasi,P004,Azithromycin 500mg,Antibiotic,3,120,360,M-Pesa
1811,2025-10-12,Sunday,B02,Embakasi,P010,Antacid Tablets,Digestive,3,20,60,Insurance
1812,2025-10-12,Sunday,B02,Embakasi,P005,Vitamin C Tablets,Supplement,3,25,75,M-Pesa
1813,2025-10-12,Sunday,B02,Embakasi,P005,Vitamin C Tablets,Supplement,3,25,75,Cash
1814,2025-10-12,Sunday,B02,Embakasi,P002,Ibuprofen 200mg,Pain Relief,2,15,30,Cash
1815,2025-10-12,Sunday,B02,Embakasi,P007,Metformin 500mg,Diabetes,1,40,40,M-Pesa
1816,2025-10-12,Sunday,B02,Embakasi,P004,Azithromycin 500mg,Antibiotic,2,120,240,M-Pesa
1817,2025-10-12,Sunday,B02,,P007,Metformin 500mg,Diabetes,1,40,40,M-Pesa
1818,2025-10-12,Sunday,B02,Embakasi,P003,Amoxicillin 250mg,Antibiotic,3,35,105,Cash
1819,2025-10-12,Sunday,B02,Embakasi,P008,Insulin,Diabetes,2,450,900,M-Pesa
1820,2025-10-12,Sunday,B02,Embakasi,P005,Vitamin C Tablets,Supplement,3,25,75,Cash
1821,2025-10-12,Sunday,B02,Embakasi,P009,Amlodipine 5mg,Hypertension,2,30,60,M-Pesa
1822,2025-10-12,Sunday,B02,Embakasi,P001,Paracetamol 500mg,Pain Relief,3,10,30,M-Pesa
1823,2025-10-12,Sunday,B02,Embakasi,P009,Amlodipine 5mg,Hypertension,1,30,30,Cash
1824,2025-10-12,Sunday,B02,Embakasi,P003,Amoxicillin 250mg,Antibiotic,1,35,35,M-Pesa
1825,2025-10-12,Sunday,B02,,P009,Amlodipine 5mg,Hypertension,1,30,30,Insurance
1826,2025-10-12,Sunday,B02,Embakasi,P007,Metformin 500mg,Diabetes,2,40,80,M-Pesa
1827,2025-10-12,Sunday,B02,Embakasi,P010,Antacid Tablets,Digestive,1,20,20,M-Pesa
1828,2025-10-12,Sunday,B02,Embakasi,P006,Cough Syrup,Cold & Flu,2,90,180,M-Pesa
1829,2025-10-12,Sunday,B02,Embakasi,P005,Vitamin C Tablets,Supplement,1,25,25,M-Pesa
1830,2025-10-12,Sunday,B02,Embakasi,P005,Vitamin C Tablets,Supplement,1,25,25,Insurance
1831,2025-10-12,Sunday,B02,Embakasi,P002,Ibuprofen 200mg,Pain Relief,2,15,30,Cash
1832,2025-10-13,Monday,B01,Nairobi CBD,P003,Amoxicillin 250mg,Antibiotic,1,35,35,Card
1833,2025-10-13,Monday,B01,Nairobi CBD,P003,Amoxicillin 250mg,Antibiotic,2,35,70,M-Pesa
1834,2025-10-13,Monday,B01,Nairobi CBD,P004,Azithromycin 500mg,Antibiotic,1,120,120,M-Pesa
1835,2025-10-13,Monday,B01,Nairobi CBD,P007,Metformin 500mg,Diabetes,2,40,80,M-Pesa
1836,2025-10-13,Monday,B01,Nairobi CBD,P002,Ibuprofen 200mg,Pain Relief,3,15,45,Card
1837,2025-10-13,Monday,B01,Nairobi CBD,P004,Azithromycin 500mg,Antibiotic,3,120,360,M-Pesa
1838,2025-10-13,Monday,B01,Nairobi CBD,P001,Paracetamol 500mg,Pain Relief,3,10,30,Card
1839,2025-10-13,Monday,B01,Nairobi CBD,P004,Azithromycin 500mg,Antibiotic,3,120,360,Cash
1840,2025-10-13,Monday,B01,Nairobi CBD,P007,Metformin 500mg,Diabetes,3,40,120,Cash
1841,2025-10-13,Monday,B01,Nairobi CBD,P009,Amlodipine 5mg,Hypertension,1,30,30,Insurance
1842,2025-10-13,Monday,B01,Nairobi CBD,P002,Ibuprofen 200mg,Pain Relief,3,15,45,M-Pesa
1843,2025-10-13,Monday,B01,Nairobi CBD,P008,Insulin,Diabetes,3,450,1361,M-Pesa
1844,2025-10-13,Monday,B01,,P006,,Cold & Flu,3,90,270,Cash
1845,2025-10-13,Monday,B01,Nairobi CBD,P006,Cough Syrup,Cold & Flu,3,90,270,Cash
1846,2025-10-13,Monday,B01,Nairobi CBD,P002,Ibuprofen 200mg,Pain Relief,2,15,30,Card
1847,2025-10-13,Monday,B01,Nairobi CBD,P006,Cough Syrup,Cold & Flu,1,90,90,M-Pesa
1848,2025-10-13,Monday,B01,Nairobi CBD,P003,Amoxicillin 250mg,Antibiotic,3,35,105,Card
1849,2025-10-13,Monday,B01,Nairobi CBD,P009,Amlodipine 5mg,Hypertension,3,30,90,Card
1850,2025-10-13,Monday,B01,Nairobi CBD,P009,Amlodipine 5mg,Hypertension,3,30,90,M-Pesa
1851,2025-10-13,Monday,B01,Nairobi CBD,P009,Amlodipine 5mg,Hypertension,1,30,30,M-Pesa
1852,2025-10-13,Monday,B01,Nairobi CBD,P006,Cough Syrup,Cold & Flu,2,90,180,M-Pesa
1853,2025-10-13,Monday,B01,Nairobi CBD,P007,Metformin 500mg,Diabetes,1,40,40,Insurance
1854,2025-10-13,Monday,B01,Nairobi CBD,P010,Antacid Tablets,Digestive,2,20,40,Cash
1855,2025-10-13,Monday,B01,Nairobi CBD,P005,Vitamin C Tablets,Supplement,3,25,75,M-Pesa
1856,2025-10-13,Monday,B01,Nairobi CBD,P009,Amlodipine 5mg,Hypertension,3,30,90,Insurance
1857,2025-10-13,Monday,B01,Nairobi CBD,P002,Ibuprofen 200mg,Pain Relief,1,15,15,M-Pesa
1858,2025-10-13,Monday,B01,Nairobi CBD,P008,,Diabetes,1,450,450,M-Pesa
1859,2025-10-13,Monday,B01,Nairobi CBD,P002,Ibuprofen 200mg,Pain Relief,2,15,30,Card
1860,2025-10-13,Monday,B01,,P004,Azithromycin 500mg,Antibiotic,2,120,240,M-Pesa
1861,2025-10-13,Monday,B01,Nairobi CBD,P003,Amoxicillin 250mg,Antibiotic,1,35,35,M-Pesa
1862,2025-10-13,Monday,B01,,P009,Amlodipine 5mg,Hypertension,2,30,60,M-Pesa
1863,2025-10-13,Monday,B01,Nairobi CBD,P005,Vitamin C Tablets,Supplement,1,25,25,M-Pesa
1864,2025-10-13,Monday,B01,Nairobi CBD,P010,Antacid Tablets,Digestive,2,20,40,Cash
1865,2025-10-13,Monday,B01,Nairobi CBD,P004,Azithromycin 500mg,Antibiotic,1,120,120,Card
1866,2025-10-13,Monday,B01,Nairobi CBD,P003,Amoxicillin 250mg,Antibiotic,1,35,35,M-Pesa
1867,2025-10-13,Monday,B01,Nairobi CBD,P009,Amlodipine 5mg,Hypertension,1,30,30,M-Pesa
1868,2025-10-13,Monday,B01,Nairobi CBD,P002,Ibuprofen 200mg,Pain Relief,2,15,30,M-Pesa
1869,2025-10-13,Monday,B01,Nairobi CBD,P007,,Diabetes,2,40,80,M-Pesa
1870,2025-10-13,Monday,B01,,P007,Metformin 500mg,Diabetes,2,40,80,Cash
1871,2025-10-13,Monday,B01,Nairobi CBD,P009,Amlodipine 5mg,Hypertension,1,30,30,M pesa
1872,2025-10-13,Monday,B02,Embakasi,P001,Paracetamol 500mg,Pain Relief,2,10,20,M-Pesa
1873,2025-10-13,Monday,B02,Embakasi,P003,Amoxicillin 250mg,Antibiotic,1,35,35,M-Pesa
1874,2025-10-13,Monday,B02,Embakasi,P007,Metformin 500mg,Diabetes,3,40,120,M-Pesa
1875,2025-10-13,Monday,B02,Embakasi,P008,Insulin,Diabetes,1,450,450,Card
1876,2025-10-13,Monday,B02,Embakasi,P010,Antacid Tablets,Digestive,2,20,40,Cash
1877,2025-10-13,Monday,B02,Embakasi,P002,Ibuprofen 200mg,Pain Relief,1,15,15,M-Pesa
1878,2025-10-13,Monday,B02,Embakasi,P002,Ibuprofen 200mg,Pain Relief,3,15,45,M-Pesa
1879,2025-10-13,Monday,B02,Embakasi,P006,Cough Syrup,Cold & Flu,1,90,90,M-Pesa
1880,2025-10-13,Monday,B02,Embakasi,P002,Ibuprofen 200mg,Pain Relief,2,15,30,M-Pesa
1881,2025-10-13,Monday,B02,embakasi,P003,Amoxicillin 250mg,Antibiotic,3,35,105,M-Pesa
1882,2025-10-13,Monday,B02,Embakasi,P002,Ibuprofen 200mg,Pain Relief,2,15,30,M-Pesa
1883,2025-10-13,Monday,B02,Embakasi,P003,Amoxicillin 250mg,Antibiotic,3,35,105,
1884,2025-10-13,Monday,B02,Embakasi,P004,Azithromycin 500mg,Antibiotic,3,120,360,M-Pesa
1885,2025-10-13,Monday,B02,Embakasi,P002,Ibuprofen 200mg,Pain Relief,1,15,15,M-Pesa
1886,2025-10-13,Monday,B02,Embakasi,P001,Paracetamol 500mg,Pain Relief,1,10,10,M-Pesa
1887,2025-10-13,Monday,B02,Embakasi,P004,Azithromycin 500mg,Antibiotic,2,120,240,M-Pesa
1888,2025-10-13,Monday,B02,Embakasi,P006,Cough Syrup,Cold & Flu,1,90,90,M pesa
1889,2025-10-13,Monday,B02,Embakasi,P005,Vitamin C Tablets,Supplement,1,25,25,M-Pesa
1890,2025-10-13,Monday,B02,Embakasi,P006,Cough Syrup,Cold & Flu,3,90,270,M-Pesa
1891,2025-10-13,Monday,B02,,P009,Amlodipine 5mg,Hypertension,1,30,30,Card
1892,2025-10-13,Monday,B02,Embakasi,P010,Antacid Tablets,Digestive,3,20,60,M-Pesa
1893,2025-10-13,Monday,B02,Embakasi,P005,Vitamin C Tablets,Supplement,3,25,75,Cash
1894,2025-10-13,Monday,B02,Embakasi,P005,Vitamin C Tablets,Supplement,3,25,75,M-Pesa
1895,2025-10-13,Monday,B02,Embakasi,P002,Ibuprofen 200mg,Pain Relief,2,15,30,M-Pesa
1896,2025-10-13,Monday,B02,Embakasi,P008,Insulin,Diabetes,2,450,900,M-Pesa
1897,2025-10-13,Monday,B02,Embakasi,P005,,Supplement,2,25,50,Card
1898,2025-10-13,Monday,B02,embakasi,P003,Amoxicillin 250mg,Antibiotic,3,35,105,Card
1899,2025-10-13,Monday,B02,embakasi,P007,Metformin 500mg,Diabetes,2,40,80,M-Pesa
1900,2025-10-13,Monday,B02,Embakasi,P010,Antacid Tablets,Digestive,2,20,40,Card
1901,2025-10-13,Monday,B02,Embakasi,P003,Amoxicillin 250mg,Antibiotic,1,35,35,Cash
1902,2025-10-13,Monday,B02,Embakasi,P004,Azithromycin 500mg,Antibiotic,2,120,251,M pesa
1903,2025-10-13,Monday,B02,Embakasi,P003,Amoxicillin 250mg,Antibiotic,2,35,70,Card
1904,2025-10-13,Monday,B02,Embakasi,P007,Metformin 500mg,Diabetes,3,40,120,M-Pesa
1905,2025-10-13,Monday,B02,Embakasi,P002,Ibuprofen 200mg,Pain Relief,3,15,45,Cash
1906,2025-10-13,Monday,B02,Embakasi,P006,Cough Syrup,Cold & Flu,3,90,270,M-Pesa
1907,2025-10-14,Tuesday,B01,Nairobi CBD,P004,Azithromycin 500mg,Antibiotic,3,120,360,M-Pesa
1908,2025-10-14,Tuesday,B01,Nairobi CBD,P008,Insulin,Diabetes,3,450,1350,Card
1909,2025-10-14,Tuesday,B01,Nairobi CBD,P001,Paracetmol,Pain Relief,2,10,20,M-Pesa
1910,2025-10-14,Tuesday,B01,Nairobi CBD,P010,Antacid Tablets,Digestive,3,20,60,M-Pesa
1911,2025-10-14,Tuesday,B01,Nairobi CBD,P005,Vitamin C Tablets,Supplement,3,25,75,M pesa
1912,2025-10-14,Tuesday,B01,Nairobi CBD,P006,Cough Syrup,Cold & Flu,1,90,90,Insurance
1913,2025-10-14,Tuesday,B01,Nairobi CBD,P009,Amlodipine 5mg,Hypertension,2,30,60,Card
1914,2025-10-14,Tuesday,B01,Nairobi CBD,P008,Insulin,Diabetes,2,450,900,Cash
1915,2025-10-14,Tuesday,B01,Nairobi CBD,P001,Paracetamol 500mg,Pain Relief,2,10,20,M-Pesa
1916,2025-10-14,Tuesday,B01,Nairobi CBD,P008,Insulin,Diabetes,3,450,1350,M-Pesa
1917,2025-10-14,Tuesday,B01,Nairobi CBD,P002,Ibuprofen 200mg,Pain Relief,3,15,45,M-Pesa
1918,2025-10-14,Tuesday,B01,Nairobi CBD,P001,Paracetamol 500mg,Pain Relief,3,10,30,M-Pesa
1919,2025-10-14,Tuesday,B01,Nairobi CBD,P006,,Cold & Flu,1,90,90,
1920,2025-10-14,Tuesday,B01,Nairobi CBD,P008,Insulin,Diabetes,3,450,1350,Insurance
1921,2025-10-14,Tuesday,B01,Nairobi CBD,P007,Metformin 500mg,Diabetes,1,40,51,Card
1922,2025-10-14,Tuesday,B01,Nairobi CBD,P002,Ibuprofen 200mg,Pain Relief,2,15,30,M-Pesa
1923,2025-10-14,Tuesday,B01,Nairobi CBD,P004,Azithromycin 500mg,Antibiotic,3,120,360,Cash
1924,2025-10-14,Tuesday,B01,Nairobi CBD,P007,Metformin 500mg,Diabetes,1,40,40,M-Pesa
1925,2025-10-14,Tuesday,B01,Nairobi CBD,P009,Amlodipine 5mg,Hypertension,1,30,30,Cash
1926,2025-10-14,Tuesday,B01,Nairobi CBD,P004,Azithromycin 500mg,Antibiotic,3,120,360,Card
1927,2025-10-14,Tuesday,B01,Nairobi CBD,P003,Amoxicillin 250mg,Antibiotic,2,35,70,Cash
1928,2025-10-14,Tuesday,B01,Nairobi CBD,P005,,Supplement,2,25,61,M-Pesa
1929,2025-10-14,Tuesday,B01,Nairobi CBD,P004,Azithromycin 500mg,Antibiotic,2,120,240,
1930,2025-10-14,Tuesday,B01,Nairobi CBD,P003,Amoxicillin 250mg,Antibiotic,1,35,35,M-Pesa
1931,2025-10-14,Tuesday,B01,Nairobi CBD,P002,Ibuprofen 200mg,Pain Relief,1,15,15,M-Pesa
1932,2025-10-14,Tuesday,B01,Nairobi CBD,P003,Amoxicillin 250mg,Antibiotic,1,35,35,M-Pesa
1933,2025-10-14,Tuesday,B01,Nairobi CBD,P010,Antacid Tablets,Digestive,1,20,20,M-Pesa
1934,2025-10-14,Tuesday,B01,Nairobi CBD,P003,Amoxicillin 250mg,Antibiotic,2,35,70,Cash
1935,2025-10-14,Tuesday,B01,Nairobi CBD,P001,Paracetamol 500mg,Pain Relief,3,10,30,Cash
1936,2025-10-14,Tuesday,B01,Nairobi CBD,P006,Cough Syrup,Cold & Flu,1,90,90,M-Pesa
1937,2025-10-14,Tuesday,B01,Nairobi CBD,P007,Metformin 500mg,Diabetes,1,40,51,Card
1938,2025-10-14,Tuesday,B01,Nairobi CBD,P005,Vitamin C Tablets,Supplement,2,25,50,M-Pesa
1939,2025-10-14,Tuesday,B01,Nairobi CBD,P005,Vitamin C Tablets,Supplement,3,25,75,M-Pesa
1940,2025-10-14,Tuesday,B01,Nairobi CBD,P007,Metformin 500mg,Diabetes,3,40,120,M-Pesa
1941,2025-10-14,Tuesday,B01,Nairobi CBD,P006,Cough Syrup,Cold & Flu,2,90,180,M-Pesa
1942,2025-10-14,Tuesday,B01,Nairobi CBD,P004,Azithromycin 500mg,Antibiotic,2,120,240,Cash
1943,2025-10-14,Tuesday,B01,Nairobi CBD,P001,Paracetamol 500mg,Pain Relief,3,10,30,Cash
1944,2025-10-14,Tuesday,B02,Embakasi,P006,Cough Syrup,Cold & Flu,3,90,270,M-Pesa
1945,2025-10-14,Tuesday,B02,Embakasi,P008,Insulin,Diabetes,2,450,900,M-Pesa
1946,2025-10-14,Tuesday,B02,Embakasi,P008,Insulin,Diabetes,1,450,450,M pesa
1947,2025-10-14,Tuesday,B02,Embakasi,P001,Paracetamol 500mg,Pain Relief,1,10,10,Card
1948,2025-10-14,Tuesday,B02,Embakasi,P003,Amoxicillin 250mg,Antibiotic,2,35,70,M-Pesa
1949,2025-10-14,Tuesday,B02,Embakasi,P009,Amlodipine 5mg,Hypertension,2,30,60,M-Pesa
1950,2025-10-14,Tuesday,B02,Embakasi,P003,Amoxicillin 250mg,Antibiotic,2,35,70,Cash
1951,2025-10-14,Tuesday,B02,Embakasi,P006,Cough Syrup,Cold & Flu,3,90,270,M-Pesa
1952,2025-10-14,Tuesday,B02,Embakasi,P005,Vitamin C Tablets,Supplement,3,25,75,Insurance
1953,2025-10-14,Tuesday,B02,Embakasi,P003,Amoxicillin 250mg,Antibiotic,1,35,46,M-Pesa
1954,2025-10-14,Tuesday,B02,Embakasi,P009,Amlodipine 5mg,Hypertension,2,30,60,M-Pesa
1955,2025-10-14,Tuesday,B02,Embakasi,P001,Paracetamol 500mg,Pain Relief,1,10,10,M-Pesa
1956,2025-10-14,Tuesday,B02,Embakasi,P008,Insulin,Diabetes,1,450,450,Insurance
1957,2025-10-14,Tuesday,B02,Embakasi,P002,Ibuprofen 200mg,Pain Relief,1,15,15,M-Pesa
1958,2025-10-14,Tuesday,B02,Embakasi,P004,Azithromycin 500mg,Antibiotic,1,120,120,M pesa
1959,2025-10-14,Tuesday,B02,Embakasi,P005,Vitamin C Tablets,Supplement,2,25,50,M-Pesa
1960,2025-10-14,Tuesday,B02,Embakasi,P006,Cough Syrup,Cold & Flu,1,90,90,Card
1961,2025-10-14,Tuesday,B02,Embakasi,P001,Paracetamol 500mg,Pain Relief,2,10,20,Cash
1962,2025-10-14,Tuesday,B02,Embakasi,P001,Paracetamol 500mg,Pain Relief,2,10,20,M-Pesa
1963,2025-10-14,Tuesday,B02,Embakasi,P008,Insulin,Diabetes,3,450,1350,Cash
1964,2025-10-14,Tuesday,B02,Embakasi,P002,Ibuprofen 200mg,Pain Relief,2,15,30,M-Pesa
1965,2025-10-14,Tuesday,B02,Embakasi,P004,Azithromycin 500mg,Antibiotic,3,120,360,Cash
1966,2025-10-14,Tuesday,B02,,P004,Azithromycin 500mg,Antibiotic,2,120,240,M-Pesa
1967,2025-10-14,Tuesday,B02,,P005,Vitamin C Tablets,Supplement,2,25,50,Cash
1968,2025-10-14,Tuesday,B02,Embakasi,P006,Cough Syrup,Cold & Flu,2,90,180,M-Pesa
1969,2025-10-14,Tuesday,B02,Embakasi,P010,Antacid Tablets,Digestive,3,20,60,M-Pesa
1970,2025-10-14,Tuesday,B02,Embakasi,P008,Insulin,Diabetes,3,450,1350,M pesa
1971,2025-10-14,Tuesday,B02,embakasi,P005,Vitamin C Tablets,Supplement,1,25,25,
1972,2025-10-14,Tuesday,B02,Embakasi,P002,Ibuprofen 200mg,Pain Relief,3,15,45,Card
1973,2025-10-14,Tuesday,B02,Embakasi,P004,Azithromycin 500mg,Antibiotic,3,120,360,Card
1974,2025-10-15,Wednesday,B01,Nairobi CBD,P008,Insulin,Diabetes,3,450,1350,M-Pesa
1975,2025-10-15,Wednesday,B01,Nairobi CBD,P010,Antacid Tablets,Digestive,1,20,20,M-Pesa
1976,2025-10-15,Wednesday,B01,Nairobi CBD,P007,Metformin 500mg,Diabetes,3,40,120,Cash
1977,2025-10-15,Wednesday,B01,Nairobi CBD,P007,Metformin 500mg,Diabetes,2,40,80,M-Pesa
1978,2025-10-15,Wednesday,B01,Nairobi CBD,P007,Metformin 500mg,Diabetes,2,40,80,M-Pesa
1979,2025-10-15,Wednesday,B01,Nairobi CBD,P009,Amlodipine 5mg,Hypertension,3,30,90,M-Pesa
1980,2025-10-15,Wednesday,B01,Nairobi CBD,P009,Amlodipine 5mg,Hypertension,3,30,90,M-Pesa
1981,2025-10-15,Wednesday,B01,Nairobi CBD,P006,Cough Syrup,Cold & Flu,2,90,180,Cash
1982,2025-10-15,Wednesday,B01,Nairobi CBD,P009,Amlodipine 5mg,Hypertension,2,30,60,M-Pesa
1983,2025-10-15,Wednesday,B01,Nairobi CBD,P009,Amlodipine 5mg,Hypertension,1,30,30,M-Pesa
1984,2025-10-15,Wednesday,B01,Nairobi CBD,P009,Amlodipine 5mg,Hypertension,2,30,60,M-Pesa
1985,2025-10-15,Wednesday,B01,Nairobi CBD,P007,Metformin 500mg,Diabetes,2,40,80,M-Pesa
1986,2025-10-15,Wednesday,B01,Nairobi CBD,P003,Amoxicillin 250mg,Antibiotic,3,35,105,Cash
1987,2025-10-15,Wednesday,B01,Nairobi CBD,P010,Antacid Tablets,Digestive,2,20,40,Cash
1988,2025-10-15,Wednesday,B01,Nairobi CBD,P009,Amlodipine 5mg,Hypertension,1,30,30,Cash
1989,2025-10-15,Wednesday,B01,Nairobi CBD,P001,Paracetamol 500mg,Pain Relief,2,10,20,M-Pesa
1990,2025-10-15,Wednesday,B01,Nairobi CBD,P007,Metformin 500mg,Diabetes,3,40,120,Card
1991,2025-10-15,Wednesday,B01,Nairobi CBD,P005,Vitamin C Tablets,Supplement,3,25,75,M-Pesa
1992,2025-10-15,Wednesday,B01,,P010,Antacid Tablets,Digestive,2,20,40,Cash
1993,2025-10-15,Wednesday,B01,Nairobi CBD,P002,Ibuprofen 200mg,Pain Relief,3,15,45,Cash
1994,2025-10-15,Wednesday,B01,Nairobi CBD,P007,Metformin 500mg,Diabetes,1,40,40,M-Pesa
1995,2025-10-15,Wednesday,B01,Nairobi CBD,P005,Vitamin C Tablets,Supplement,1,25,25,Card
1996,2025-10-15,Wednesday,B01,Nairobi CBD,P008,Insulin,Diabetes,2,450,900,Card
1997,2025-10-15,Wednesday,B01,Nairobi CBD,P001,Paracetamol 500mg,Pain Relief,2,10,20,
1998,2025-10-15,Wednesday,B01,Nairobi CBD,P007,Metformin 500mg,Diabetes,2,40,80,M-Pesa
1999,2025-10-15,Wednesday,B01,Nairobi CBD,P005,Vitamin C Tablets,Supplement,3,25,75,M-Pesa
2000,2025-10-15,Wednesday,B01,Nairobi CBD,P002,Ibuprofen 200mg,Pain Relief,1,15,15,M-Pesa
2001,2025-10-15,Wednesday,B01,Nairobi CBD,P002,Ibuprofen 200mg,Pain Relief,1,15,15,M pesa
2002,2025-10-15,Wednesday,B01,Nairobi CBD,P003,Amoxicillin 250mg,Antibiotic,3,35,105,Cash
2003,2025-10-15,Wednesday,B01,Nairobi CBD,P006,Cough Syrup,Cold & Flu,1,90,101,M-Pesa
2004,2025-10-15,Wednesday,B01,Nairobi CBD,P010,Antacid Tablets,Digestive,2,20,40,M-Pesa
2005,2025-10-15,Wednesday,B01,Nairobi CBD,P004,Azithromycin 500mg,Antibiotic,2,120,240,M-Pesa
2006,2025-10-15,Wednesday,B01,Nairobi CBD,P001,Paracetamol 500mg,Pain Relief,2,10,20,M-Pesa
2007,2025-10-15,Wednesday,B01,Nairobi CBD,P007,Metformin 500mg,Diabetes,1,40,40,M-Pesa
2008,2025-10-15,Wednesday,B01,Nairobi CBD,P009,Amlodipine 5mg,Hypertension,2,30,60,Cash
2009,2025-10-15,Wednesday,B01,Nairobi CBD,P006,Cough Syrup,Cold & Flu,3,90,270,Cash
2010,2025-10-15,Wednesday,B01,Nairobi CBD,P004,Azithromycin 500mg,Antibiotic,3,120,360,
2011,2025-10-15,Wednesday,B02,,P008,Insulin,Diabetes,1,450,450,Card
2012,2025-10-15,Wednesday,B02,Embakasi,P002,Ibuprofen 200mg,Pain Relief,3,15,45,M-Pesa
2013,2025-10-15,Wednesday,B02,Embakasi,P009,Amlodipine 5mg,Hypertension,3,30,101,M-Pesa
2014,2025-10-15,Wednesday,B02,Embakasi,P005,Vitamin C Tablets,Supplement,1,25,25,Card
2015,2025-10-15,Wednesday,B02,Embakasi,P002,Ibuprofen 200mg,Pain Relief,2,15,30,
2016,2025-10-15,Wednesday,B02,embakasi,P010,Antacid Tablets,Digestive,2,20,40,M-Pesa
2017,2025-10-15,Wednesday,B02,Embakasi,P002,Ibuprofen 200mg,Pain Relief,2,15,30,Cash
2018,2025-10-15,Wednesday,B02,Embakasi,P010,Antacid Tablets,Digestive,1,20,20,M-Pesa
2019,2025-10-15,Wednesday,B02,Embakasi,P001,Paracetamol 500mg,Pain Relief,3,10,30,M-Pesa
2020,2025-10-15,Wednesday,B02,Embakasi,P002,Ibuprofen 200mg,Pain Relief,2,15,30,M-Pesa
2021,2025-10-15,Wednesday,B02,Embakasi,P006,Cough Syrup,Cold & Flu,2,90,180,Cash
2022,2025-10-15,Wednesday,B02,Embakasi,P010,Antacid Tablets,Digestive,1,20,20,Cash
2023,2025-10-15,Wednesday,B02,Embakasi,P008,Insulin,Diabetes,2,450,900,M-Pesa
2024,2025-10-15,Wednesday,B02,Embakasi,P007,Metformin 500mg,Diabetes,1,40,40,M-Pesa
2025,2025-10-15,Wednesday,B02,Embakasi,P004,Azithromycin 500mg,Antibiotic,3,120,360,M-Pesa
2026,2025-10-15,Wednesday,B02,Embakasi,P009,Amlodipine 5mg,Hypertension,1,30,30,Cash
2027,2025-10-15,Wednesday,B02,Embakasi,P006,Cough Syrup,Cold & Flu,1,90,90,M-Pesa
2028,2025-10-15,Wednesday,B02,Embakasi,P008,Insulin,Diabetes,1,450,450,
2029,2025-10-15,Wednesday,B02,Embakasi,P003,Amoxicillin 250mg,Antibiotic,1,35,35,Insurance
2030,2025-10-15,Wednesday,B02,Embakasi,P003,Amoxicillin 250mg,Antibiotic,3,35,105,Cash
2031,2025-10-15,Wednesday,B02,Embakasi,P004,Azithromycin 500mg,Antibiotic,3,120,360,
2032,2025-10-15,Wednesday,B02,,P005,Vitamin C Tablets,Supplement,2,25,50,Cash
2033,2025-10-15,Wednesday,B02,Embakasi,P005,Vitamin C Tablets,Supplement,3,25,75,M-Pesa
2034,2025-10-15,Wednesday,B02,Embakasi,P005,Vitamin C Tablets,Supplement,3,25,75,M-Pesa
2035,2025-10-15,Wednesday,B02,Embakasi,P001,Paracetamol 500mg,Pain Relief,2,10,20,Card
2036,2025-10-15,Wednesday,B02,Embakasi,P002,Ibuprofen 200mg,Pain Relief,3,15,45,M-Pesa
2037,2025-10-15,Wednesday,B02,Embakasi,P007,Metformin 500mg,Diabetes,1,40,40,M-Pesa
2038,2025-10-15,Wednesday,B02,Embakasi,P001,Paracetamol 500mg,Pain Relief,1,10,10,M-Pesa
2039,2025-10-15,Wednesday,B02,Embakasi,P002,Ibuprofen 200mg,Pain Relief,2,15,30,M-Pesa
2040,2025-10-15,Wednesday,B02,Embakasi,P003,Amoxicillin 250mg,Antibiotic,2,35,70,M-Pesa
2041,2025-10-15,Wednesday,B02,Embakasi,P007,Metformin 500mg,Diabetes,2,40,80,M-Pesa
2042,2025-10-15,Wednesday,B02,Embakasi,P010,Antacid Tablets,Digestive,1,20,20,M-Pesa
2043,2025-10-15,Wednesday,B02,Embakasi,P008,Insulin,Diabetes,3,450,1350,Cash
2044,2025-10-16,Thursday,B01,Nairobi CBD,P003,,Antibiotic,2,35,70,Insurance
2045,2025-10-16,Thursday,B01,Nairobi CBD,P007,Metformin 500mg,Diabetes,3,40,120,Card
2046,2025-10-16,Thursday,B01,Nairobi CBD,P005,Vitamin C Tablets,Supplement,3,25,75,Cash
2047,2025-10-16,Thursday,B01,Nairobi CBD,P001,Paracetamol 500mg,Pain Relief,1,10,10,M-Pesa
2048,2025-10-16,Thursday,B01,Nairobi CBD,P008,Insulin,Diabetes,2,450,900,Cash
2049,2025-10-16,Thursday,B01,Nairobi CBD,P005,Vitamin C Tablets,Supplement,1,25,25,M-Pesa
2050,2025-10-16,Thursday,B01,Nairobi CBD,P004,Azithromycin 500mg,Antibiotic,3,120,360,Cash
2051,2025-10-16,Thursday,B01,Nairobi CBD,P002,Ibuprofen 200mg,Pain Relief,1,15,15,M-Pesa
2052,2025-10-16,Thursday,B01,Nairobi CBD,P005,Vitamin C Tablets,Supplement,1,25,25,Cash
2053,2025-10-16,Thursday,B01,Nairobi CBD,P001,Paracetamol 500mg,Pain Relief,2,10,20,
2054,2025-10-16,Thursday,B01,Nairobi CBD,P002,Ibuprofen 200mg,Pain Relief,2,15,30,M-Pesa
2055,2025-10-16,Thursday,B01,Nairobi CBD,P001,Paracetamol 500mg,Pain Relief,3,10,30,Cash
2056,2025-10-16,Thursday,B01,Nairobi CBD,P002,Ibuprofen 200mg,Pain Relief,1,15,15,Cash
2057,2025-10-16,Thursday,B01,Nairobi CBD,P006,Cough Syrup,Cold & Flu,1,90,90,Cash
2058,2025-10-16,Thursday,B01,Nairobi CBD,P008,Insulin,Diabetes,1,450,450,M-Pesa
2059,2025-10-16,Thursday,B01,Nairobi CBD,P005,Vitamin C Tablets,Supplement,3,25,75,M-Pesa
2060,2025-10-16,Thursday,B01,Nairobi CBD,P005,Vitamin C Tablets,Supplement,3,25,75,M-Pesa
2061,2025-10-16,Thursday,B01,Nairobi CBD,P005,Vitamin C Tablets,Supplement,2,25,50,
2062,2025-10-16,Thursday,B01,Nairobi CBD,P007,Metformin 500mg,Diabetes,2,40,80,M-Pesa
2063,2025-10-16,Thursday,B01,Nairobi CBD,P007,,Diabetes,2,40,80,Insurance
2064,2025-10-16,Thursday,B01,Nairobi CBD,P003,Amoxicillin 250mg,Antibiotic,1,35,35,M-Pesa
2065,2025-10-16,Thursday,B01,Nairobi CBD,P003,Amoxicillin 250mg,Antibiotic,1,35,35,M-Pesa
2066,2025-10-16,Thursday,B01,Nairobi CBD,P003,Amoxicillin 250mg,Antibiotic,2,35,70,Insurance
2067,2025-10-16,Thursday,B01,Nairobi CBD,P008,Insulin,Diabetes,1,450,450,M-Pesa
2068,2025-10-16,Thursday,B01,Nairobi CBD,P005,Vitamin C Tablets,Supplement,2,25,50,M-Pesa
2069,2025-10-16,Thursday,B01,,P008,Insulin,Diabetes,3,450,1350,Cash
2070,2025-10-16,Thursday,B01,Nairobi CBD,P006,Cough Syrup,Cold & Flu,2,90,180,M pesa
2071,2025-10-16,Thursday,B01,Nairobi CBD,P001,Paracetamol 500mg,Pain Relief,3,10,30,M-Pesa
2072,2025-10-16,Thursday,B01,Nairobi CBD,P007,Metformin 500mg,Diabetes,1,40,40,M-Pesa
2073,2025-10-16,Thursday,B01,Nairobi CBD,P010,Antacid Tablets,Digestive,2,20,40,M-Pesa
2074,2025-10-16,Thursday,B01,Nairobi CBD,P007,Metformin 500mg,Diabetes,1,40,51,M-Pesa
2075,2025-10-16,Thursday,B01,Nairobi CBD,P006,Cough Syrup,Cold & Flu,3,90,270,Card
2076,2025-10-16,Thursday,B01,Nairobi CBD,P009,Amlodipine 5mg,Hypertension,3,30,90,Cash
2077,2025-10-16,Thursday,B01,Nairobi CBD,P010,Antacid Tablets,Digestive,3,20,60,M-Pesa
2078,2025-10-16,Thursday,B01,Nairobi CBD,P009,Amlodipine 5mg,Hypertension,1,30,30,
2079,2025-10-16,Thursday,B02,Embakasi,P010,Antacid Tablets,Digestive,1,20,20,Insurance
2080,2025-10-16,Thursday,B02,Embakasi,P007,Metformin 500mg,Diabetes,1,40,40,M-Pesa
2081,2025-10-16,Thursday,B02,Embakasi,P008,Insulin,Diabetes,3,450,1350,M-Pesa
2082,2025-10-16,Thursday,B02,Embakasi,P010,Antacid Tablets,Digestive,3,20,60,M-Pesa
2083,2025-10-16,Thursday,B02,Embakasi,P007,,Diabetes,2,40,80,M-Pesa
2084,2025-10-16,Thursday,B02,Embakasi,P005,Vitamin C Tablets,Supplement,2,25,50,M-Pesa
2085,2025-10-16,Thursday,B02,Embakasi,P010,Antacid Tablets,Digestive,1,20,20,
2086,2025-10-16,Thursday,B02,Embakasi,P010,Antacid Tablets,Digestive,3,20,60,Card
2087,2025-10-16,Thursday,B02,Embakasi,P002,Ibuprofen 200mg,Pain Relief,3,15,45,M-Pesa
2088,2025-10-16,Thursday,B02,Embakasi,P010,Antacid Tablets,Digestive,3,20,60,M-Pesa
2089,2025-10-16,Thursday,B02,Embakasi,P004,Azithromycin 500mg,Antibiotic,2,120,240,M pesa
2090,2025-10-16,Thursday,B02,embakasi,P006,Cough Syrup,Cold & Flu,2,90,180,Card
2091,2025-10-16,Thursday,B02,,P006,Cough Syrup,Cold & Flu,3,90,270,M-Pesa
2092,2025-10-16,Thursday,B02,Embakasi,P009,Amlodipine 5mg,Hypertension,3,30,90,M-Pesa
2093,2025-10-16,Thursday,B02,Embakasi,P007,Metformin 500mg,Diabetes,3,40,120,M-Pesa
2094,2025-10-16,Thursday,B02,Embakasi,P001,Paracetamol 500mg,Pain Relief,2,10,20,M-Pesa
2095,2025-10-16,Thursday,B02,Embakasi,P002,Ibuprofen 200mg,Pain Relief,3,15,45,M-Pesa
2096,2025-10-16,Thursday,B02,,P008,Insulin,Diabetes,3,450,1350,M-Pesa
2097,2025-10-16,Thursday,B02,embakasi,P010,Antacid Tablets,Digestive,1,20,20,M-Pesa
2098,2025-10-16,Thursday,B02,Embakasi,P006,Cough Syrup,Cold & Flu,1,90,90,M-Pesa
2099,2025-10-16,Thursday,B02,Embakasi,P004,Azithromycin 500mg,Antibiotic,2,120,240,M-Pesa
2100,2025-10-16,Thursday,B02,Embakasi,P009,Amlodipine 5mg,Hypertension,3,30,90,M-Pesa
2101,2025-10-16,Thursday,B02,Embakasi,P006,Cough Syrup,Cold & Flu,3,90,270, M-Pesa
2102,2025-10-16,Thursday,B02,Embakasi,P008,Insulin,Diabetes,1,450,450,M-Pesa
2103,2025-10-16,Thursday,B02,Embakasi,P005,,Supplement,2,25,50,M-Pesa
2104,2025-10-16,Thursday,B02,Embakasi,P007,,Diabetes,1,40,40,Card
2105,2025-10-16,Thursday,B02,Embakasi,P009,Amlodipine 5mg,Hypertension,1,30,30,Cash
2106,2025-10-16,Thursday,B02,embakasi,P005,Vitamin C Tablets,Supplement,1,25,25,M-Pesa
2107,2025-10-16,Thursday,B02,Embakasi,P005,Vitamin C Tablets,Supplement,1,25,25,M-Pesa
2108,2025-10-16,Thursday,B02,Embakasi,P006,Cough Syrup,Cold & Flu,3,90,270,Cash
2109,2025-10-17,Friday,B01,Nairobi CBD,P002,Ibuprofen 200mg,Pain Relief,2,15,30,M-Pesa
2110,2025-10-17,Friday,B01,Nairobi CBD,P007,Metformin 500mg,Diabetes,2,40,80,Cash
2111,2025-10-17,Friday,B01,Nairobi CBD,P010,Antacid Tablets,Digestive,2,20,40,M-Pesa
2112,2025-10-17,Friday,B01,Nairobi CBD,P005,Vitamin C Tablets,Supplement,2,25,50,M-Pesa
2113,2025-10-17,Friday,B01,Nairobi CBD,P004,Azithromycin 500mg,Antibiotic,1,120,120,M pesa
2114,2025-10-17,Friday,B01,Nairobi CBD,P007,Metformin 500mg,Diabetes,3,40,120,M-Pesa
2115,2025-10-17,Friday,B01,Nairobi CBD,P007,Metformin 500mg,Diabetes,2,40,80,M-Pesa
2116,2025-10-17,Friday,B01,Nairobi CBD,P002,Ibuprofen 200mg,Pain Relief,1,15,15,M-Pesa
2117,2025-10-17,Friday,B01,Nairobi CBD,P008,Insulin,Diabetes,2,450,900,M-Pesa
2118,2025-10-17,Friday,B01,Nairobi CBD,P007,Metformin 500mg,Diabetes,2,40,80,M-Pesa
2119,2025-10-17,Friday,B01,Nairobi CBD,P010,Antacid Tablets,Digestive,1,20,20,M-Pesa
2120,2025-10-17,Friday,B01,Nairobi CBD,P008,Insulin,Diabetes,3,450,1350,M-Pesa
2121,2025-10-17,Friday,B01,Nairobi CBD,P002,Ibuprofen 200mg,Pain Relief,3,15,45,Card
2122,2025-10-17,Friday,B01,Nairobi CBD,P006,Cough Syrup,Cold & Flu,1,90,90,Insurance
2123,2025-10-17,Friday,B01,Nairobi CBD,P007,Metformin 500mg,Diabetes,3,40,120,M-Pesa
2124,2025-10-17,Friday,B01,Nairobi CBD,P009,Amlodipine 5mg,Hypertension,1,30,30,
2125,2025-10-17,Friday,B01,Nairobi CBD,P003,Amoxicillin 250mg,Antibiotic,1,35,35,
2126,2025-10-17,Friday,B01,Nairobi CBD,P002,Ibuprofen 200mg,Pain Relief,1,15,15,Cash
2127,2025-10-17,Friday,B01,Nairobi CBD,P002,Ibuprofen 200mg,Pain Relief,3,15,45,M-Pesa
2128,2025-10-17,Friday,B01,Nairobi CBD,P005,Vitamin C Tablets,Supplement,1,25,25,Cash
2129,2025-10-17,Friday,B01,Nairobi CBD,P008,Insulin,Diabetes,2,450,900,M-Pesa
2130,2025-10-17,Friday,B01,Nairobi CBD,P003,Amoxicillin 250mg,Antibiotic,3,35,105,M pesa
2131,2025-10-17,Friday,B01,,P009,Amlodipine 5mg,Hypertension,3,30,90,M-Pesa
2132,2025-10-17,Friday,B01,Nairobi CBD,P010,Antacid Tablets,Digestive,3,20,60,M-Pesa
2133,2025-10-17,Friday,B01,Nairobi CBD,P002,Ibuprofen 200mg,Pain Relief,3,15,45,M-Pesa
2134,2025-10-17,Friday,B01,Nairobi CBD,P004,Azithromycin 500mg,Antibiotic,2,120,240,M-Pesa
2135,2025-10-17,Friday,B01,Nairobi CBD,P010,Antacid Tablets,Digestive,3,20,60,Card
2136,2025-10-17,Friday,B01,Nairobi CBD,P004,Azithromycin 500mg,Antibiotic,3,120,360,M-Pesa
2137,2025-10-17,Friday,B01,Nairobi CBD,P008,Insulin,Diabetes,1,450,450,M-Pesa
2138,2025-10-17,Friday,B01,Nairobi CBD,P007,Metformin 500mg,Diabetes,3,40,120,M-Pesa
2139,2025-10-17,Friday,B01,Nairobi CBD,P010,Antacid Tablets,Digestive,2,20,40,Cash
2140,2025-10-17,Friday,B01,Nairobi CBD,P009,Amlodipine 5mg,Hypertension,2,30,60,M-Pesa
2141,2025-10-17,Friday,B01,Nairobi CBD,P008,,Diabetes,2,450,900,M-Pesa
2142,2025-10-17,Friday,B01,Nairobi CBD,P005,Vitamin C Tablets,Supplement,2,25,50,M-Pesa
2143,2025-10-17,Friday,B01,Nairobi CBD,P009,Amlodipine 5mg,Hypertension,3,30,90,Card
2144,2025-10-17,Friday,B02,Embakasi,P007,Metformin 500mg,Diabetes,2,40,80,Cash
2145,2025-10-17,Friday,B02,Embakasi,P001,Paracetamol 500mg,Pain Relief,3,10,30,
2146,2025-10-17,Friday,B02,Embakasi,P008,Insulin,Diabetes,2,450,900,Card
2147,2025-10-17,Friday,B02,Embakasi,P009,Amlodipine 5mg,Hypertension,1,30,30,M-Pesa
2148,2025-10-17,Friday,B02,Embakasi,P008,Insulin,Diabetes,2,450,900,Card
2149,2025-10-17,Friday,B02,Embakasi,P010,Antacid Tablets,Digestive,2,20,40,M-Pesa
2150,2025-10-17,Friday,B02,Embakasi,P002,Ibuprofen 200mg,Pain Relief,1,15,15,Card
2151,2025-10-17,Friday,B02,Embakasi,P006,,Cold & Flu,1,90,90, Card
2152,2025-10-17,Friday,B02,,P003,Amoxicillin 250mg,Antibiotic,3,35,116,M-Pesa
2153,2025-10-17,Friday,B02,Embakasi,P003,Amoxicillin 250mg,Antibiotic,3,35,105,M-Pesa
2154,2025-10-17,Friday,B02,Embakasi,P004,Azithromycin 500mg,Antibiotic,1,120,120,M-Pesa
2155,2025-10-17,Friday,B02,Embakasi,P006,Cough Syrup,Cold & Flu,1,90,90,Cash
2156,2025-10-17,Friday,B02,Embakasi,P004,Azithromycin 500mg,Antibiotic,3,120,360,Cash
2157,2025-10-17,Friday,B02,Embakasi,P004,Azithromycin 500mg,Antibiotic,2,120,240,M-Pesa
2158,2025-10-17,Friday,B02,Embakasi,P001,Paracetamol 500mg,Pain Relief,1,10,10,M-Pesa
2159,2025-10-17,Friday,B02,Embakasi,P009,Amlodipine 5mg,Hypertension,3,30,90,M-Pesa
2160,2025-10-17,Friday,B02,Embakasi,P009,Amlodipine 5mg,Hypertension,2,30,60,M-Pesa
2161,2025-10-17,Friday,B02,Embakasi,P004,Azithromycin 500mg,Antibiotic,1,120,120,Cash
2162,2025-10-17,Friday,B02,Embakasi,P006,Cough Syrup,Cold & Flu,2,90,180,M-Pesa
2163,2025-10-17,Friday,B02,Embakasi,P004,,Antibiotic,3,120,360,
2164,2025-10-17,Friday,B02,Embakasi,P006,Cough Syrup,Cold & Flu,1,90,90,Cash
2165,2025-10-17,Friday,B02,Embakasi,P009,Amlodipine 5mg,Hypertension,2,30,60,
2166,2025-10-17,Friday,B02,Embakasi,P008,Insulin,Diabetes,1,450,450,Cash
2167,2025-10-17,Friday,B02,embakasi,P010,Antacid Tablets,Digestive,2,20,40,Cash
2168,2025-10-17,Friday,B02,Embakasi,P007,Metformin 500mg,Diabetes,3,40,120,M-Pesa
2169,2025-10-17,Friday,B02,Embakasi,P008,Insulin,Diabetes,3,450,1350,M pesa
2170,2025-10-17,Friday,B02,Embakasi,P009,Amlodipine 5mg,Hypertension,1,30,30,M-Pesa
2171,2025-10-17,Friday,B02,Embakasi,P007,Metformin 500mg,Diabetes,2,40,80,M-Pesa
2172,2025-10-17,Friday,B02,Embakasi,P002,Ibuprofen 200mg,Pain Relief,1,15,15,Card
2173,2025-10-17,Friday,B02,Embakasi,P003,Amoxicillin 250mg,Antibiotic,1,35,35,M-Pesa
2174,2025-10-17,Friday,B02,Embakasi,P007,Metformin 500mg,Diabetes,2,40,80,M-Pesa
2175,2025-10-18,Saturday,B01,,P001,Paracetamol 500mg,Pain Relief,2,10,20,M-Pesa
2176,2025-10-18,Saturday,B01,Nairobi CBD,P004,Azithromycin 500mg,Antibiotic,3,120,360,Card
2177,2025-10-18,Saturday,B01,Nairobi CBD,P005,Vitamin C Tablets,Supplement,1,25,25,M-Pesa
2178,2025-10-18,Saturday,B01,Nairobi CBD,P008,Insulin,Diabetes,1,450,450,M-Pesa
2179,2025-10-18,Saturday,B01,Nairobi CBD,P003,Amoxicillin 250mg,Antibiotic,3,35,105, Card
2180,2025-10-18,Saturday,B01,Nairobi CBD,P010,Antacid Tablets,Digestive,2,20,40,Card
2181,2025-10-18,Saturday,B01,Nairobi CBD,P006,Cough Syrup,Cold & Flu,3,90,270,M-Pesa
2182,2025-10-18,Saturday,B01,Nairobi CBD,P005,Vitamin C Tablets,Supplement,3,25,75,Cash
2183,2025-10-18,Saturday,B01,Nairobi CBD,P010,Antacid Tablets,Digestive,3,20,71,
2184,2025-10-18,Saturday,B01,Nairobi CBD,P003,,Antibiotic,1,35,35,M-Pesa
2185,2025-10-18,Saturday,B01,Nairobi CBD,P004,Azithromycin 500mg,Antibiotic,3,120,360,Card
2186,2025-10-18,Saturday,B01,Nairobi CBD,P009,Amlodipine 5mg,Hypertension,1,30,30,Card
2187,2025-10-18,Saturday,B01,Nairobi CBD,P004,Azithromycin 500mg,Antibiotic,1,120,120,Card
2188,2025-10-18,Saturday,B01,Nairobi CBD,P006,Cough Syrup,Cold & Flu,1,90,90,M-Pesa
2189,2025-10-18,Saturday,B01,Nairobi CBD,P003,Amoxicillin 250mg,Antibiotic,2,35,70,M-Pesa
2190,2025-10-18,Saturday,B01,Nairobi CBD,P008,Insulin,Diabetes,1,450,450,M-Pesa
2191,2025-10-18,Saturday,B01,Nairobi CBD,P010,Antacid Tablets,Digestive,1,20,20,M-Pesa
2192,2025-10-18,Saturday,B01,Nairobi CBD,P002,Ibuprofen 200mg,Pain Relief,2,15,30,Insurance
2193,2025-10-18,Saturday,B01,Nairobi CBD,P009,Amlodipine 5mg,Hypertension,1,30,30,M-Pesa
2194,2025-10-18,Saturday,B01,Nairobi CBD,P003,Amoxicillin 250mg,Antibiotic,3,35,105,Card
2195,2025-10-18,Saturday,B01,Nairobi CBD,P002,Ibuprofen 200mg,Pain Relief,3,15,45, M-Pesa
2196,2025-10-18,Saturday,B01,Nairobi CBD,P008,Insulin,Diabetes,1,450,450,M-Pesa
2197,2025-10-18,Saturday,B01,Nairobi CBD,P009,Amlodipine 5mg,Hypertension,2,30,60,M-Pesa
2198,2025-10-18,Saturday,B01,Nairobi CBD,P002,Ibuprofen 200mg,Pain Relief,3,15,45,M-Pesa
2199,2025-10-18,Saturday,B01,Nairobi CBD,P004,Azithromycin 500mg,Antibiotic,2,120,240,M-Pesa
2200,2025-10-18,Saturday,B01,Nairobi CBD,P003,Amoxicillin 250mg,Antibiotic,2,35,70,M-Pesa
2201,2025-10-18,Saturday,B01,Nairobi CBD,P004,Azithromycin 500mg,Antibiotic,3,120,360,M-Pesa
2202,2025-10-18,Saturday,B01,Nairobi CBD,P005,Vitamin C Tablets,Supplement,2,25,50,M-Pesa
2203,2025-10-18,Saturday,B01,Nairobi CBD,P002,Ibuprofen 200mg,Pain Relief,3,15,45,Cash
2204,2025-10-18,Saturday,B01,Nairobi CBD,P008,Insulin,Diabetes,2,450,900,M-Pesa
2205,2025-10-18,Saturday,B01,Nairobi CBD,P006,,Cold & Flu,3,90,270,M-Pesa
2206,2025-10-18,Saturday,B01,Nairobi CBD,P008,Insulin,Diabetes,1,450,450,M-Pesa
2207,2025-10-18,Saturday,B01,Nairobi CBD,P001,Paracetamol 500mg,Pain Relief,3,10,30,M pesa
2208,2025-10-18,Saturday,B01,Nairobi CBD,P003,Amoxicillin 250mg,Antibiotic,3,35,105,Insurance
2209,2025-10-18,Saturday,B01,Nairobi CBD,P009,Amlodipine 5mg,Hypertension,3,30,90,Insurance
2210,2025-10-18,Saturday,B01,Nairobi CBD,P001,Paracetamol 500mg,Pain Relief,3,10,30,M-Pesa
2211,2025-10-18,Saturday,B01,Nairobi CBD,P010,Antacid Tablets,Digestive,2,20,40,M-Pesa
2212,2025-10-18,Saturday,B01,Nairobi CBD,P001,Paracetamol 500mg,Pain Relief,1,10,10,Cash
2213,2025-10-18,Saturday,B01,Nairobi CBD,P007,Metformin 500mg,Diabetes,3,40,120,M-Pesa
2214,2025-10-18,Saturday,B01,Nairobi CBD,P006,Cough Syrup,Cold & Flu,2,90,180,M-Pesa
2215,2025-10-18,Saturday,B02,Embakasi,P001,Paracetamol 500mg,Pain Relief,1,10,10,M-Pesa
2216,2025-10-18,Saturday,B02,Embakasi,P007,Metformin 500mg,Diabetes,1,40,40,M-Pesa
2217,2025-10-18,Saturday,B02,Embakasi,P009,Amlodipine 5mg,Hypertension,1,30,30,Cash
2218,2025-10-18,Saturday,B02,,P001,Paracetamol 500mg,Pain Relief,3,10,30,M-Pesa
2219,2025-10-18,Saturday,B02,Embakasi,P007,Metformin 500mg,Diabetes,3,40,120,Cash
2220,2025-10-18,Saturday,B02,embakasi,P004,Azithromycin 500mg,Antibiotic,2,120,240,M-Pesa
2221,2025-10-18,Saturday,B02,Embakasi,P005,Vitamin C Tablets,Supplement,2,25,50,Card
2222,2025-10-18,Saturday,B02,Embakasi,P004,Azithromycin 500mg,Antibiotic,2,120,240,Cash
2223,2025-10-18,Saturday,B02,Embakasi,P005,Vitamin C Tablets,Supplement,1,25,25,Cash
2224,2025-10-18,Saturday,B02,Embakasi,P004,Azithromycin 500mg,Antibiotic,1,120,120,M-Pesa
2225,2025-10-18,Saturday,B02,,P002,Ibuprofen 200mg,Pain Relief,3,15,45,M-Pesa
2226,2025-10-18,Saturday,B02,Embakasi,P006,Cough Syrup,Cold & Flu,1,90,90,Cash
2227,2025-10-18,Saturday,B02,Embakasi,P006,Cough Syrup,Cold & Flu,1,90,90,M-Pesa
2228,2025-10-18,Saturday,B02,Embakasi,P002,Ibuprofen 200mg,Pain Relief,1,15,15,Cash
2229,2025-10-18,Saturday,B02,Embakasi,P004,Azithromycin 500mg,Antibiotic,2,120,240,M-Pesa
2230,2025-10-18,Saturday,B02,,P005,Vitamin C Tablets,Supplement,2,25,50,M-Pesa
2231,2025-10-18,Saturday,B02,Embakasi,P005,Vitamin C Tablets,Supplement,3,25,75,M-Pesa
2232,2025-10-18,Saturday,B02,Embakasi,P006,Cough Syrup,Cold & Flu,1,90,90,M-Pesa
2233,2025-10-18,Saturday,B02,Embakasi,P001,Paracetamol 500mg,Pain Relief,1,10,10,Card
2234,2025-10-18,Saturday,B02,Embakasi,P006,Cough Syrup,Cold & Flu,3,90,270,Card
2235,2025-10-18,Saturday,B02,Embakasi,P006,Cough Syrup,Cold & Flu,1,90,90,M-Pesa
2236,2025-10-18,Saturday,B02,Embakasi,P005,Vitamin C Tablets,Supplement,1,25,25,Card
2237,2025-10-18,Saturday,B02,Embakasi,P010,Antacid Tablets,Digestive,2,20,40,M-Pesa
2238,2025-10-18,Saturday,B02,Embakasi,P008,Insulin,Diabetes,3,450,1350,Insurance
2239,2025-10-18,Saturday,B02,Embakasi,P009,Amlodipine 5mg,Hypertension,3,30,90,Cash
2240,2025-10-18,Saturday,B02,Embakasi,P007,Metformin 500mg,Diabetes,3,40,120,Cash
2241,2025-10-18,Saturday,B02,Embakasi,P001,Paracetamol 500mg,Pain Relief,3,10,30,M-Pesa
2242,2025-10-18,Saturday,B02,Embakasi,P002,Ibuprofen 200mg,Pain Relief,2,15,30,M-Pesa
2243,2025-10-18,Saturday,B02,Embakasi,P002,Ibuprofen 200mg,Pain Relief,2,15,30,M-Pesa
2244,2025-10-18,Saturday,B02,Embakasi,P003,Amoxicillin 250mg,Antibiotic,1,35,35,Cash
2245,2025-10-18,Saturday,B02,Embakasi,P008,Insulin,Diabetes,1,450,450,M-Pesa
2246,2025-10-18,Saturday,B02,embakasi,P003,Amoxicillin 250mg,Antibiotic,1,35,35,Card
2247,2025-10-18,Saturday,B02,Embakasi,P003,Amoxicillin 250mg,Antibiotic,1,35,35,M-Pesa
2248,2025-10-18,Saturday,B02,Embakasi,P009,Amlodipine 5mg,Hypertension,2,30,60, M-Pesa
2249,2025-10-19,Sunday,B01,Nairobi CBD,P009,Amlodipine 5mg,Hypertension,2,30,60,M-Pesa
2250,2025-10-19,Sunday,B01,Nairobi CBD,P003,Amoxicillin 250mg,Antibiotic,1,35,35,M-Pesa
2251,2025-10-19,Sunday,B01,Nairobi CBD,P003,Amoxicillin 250mg,Antibiotic,2,35,70,Cash
2252,2025-10-19,Sunday,B01,,P003,Amoxicillin 250mg,Antibiotic,3,35,105,M-Pesa
2253,2025-10-19,Sunday,B01,,P005,Vitamin C Tablets,Supplement,3,25,75,M-Pesa
2254,2025-10-19,Sunday,B01,,P005,Vitamin C Tablets,Supplement,2,25,50,M-Pesa
2255,2025-10-19,Sunday,B01,Nairobi CBD,P008,Insulin,Diabetes,2,450,900,M-Pesa
2256,2025-10-19,Sunday,B01,Nairobi CBD,P010,Antacid Tablets,Digestive,2,20,40,M-Pesa
2257,2025-10-19,Sunday,B01,Nairobi CBD,P004,Azithromycin 500mg,Antibiotic,1,120,120,Cash
2258,2025-10-19,Sunday,B01,,P007,Metformin 500mg,Diabetes,2,40,80,Cash
2259,2025-10-19,Sunday,B01,,P004,Azithromycin 500mg,Antibiotic,2,120,240,M-Pesa
2260,2025-10-19,Sunday,B01,Nairobi CBD,P010,Antacid Tablets,Digestive,2,20,40,M-Pesa
2261,2025-10-19,Sunday,B01,Nairobi CBD,P003,Amoxicillin 250mg,Antibiotic,3,35,105,Insurance
2262,2025-10-19,Sunday,B01,Nairobi CBD,P009,Amlodipine 5mg,Hypertension,3,30,90,M-Pesa
2263,2025-10-19,Sunday,B01,Nairobi CBD,P010,Antacid Tablets,Digestive,1,20,20,M-Pesa
2264,2025-10-19,Sunday,B01,Nairobi CBD,P007,Metformin 500mg,Diabetes,1,40,40,M-Pesa
2265,2025-10-19,Sunday,B01,Nairobi CBD,P006,Cough Syrup,Cold & Flu,3,90,270,Card
2266,2025-10-19,Sunday,B01,Nairobi CBD,P004,Azithromycin 500mg,Antibiotic,3,120,360,M-Pesa
2267,2025-10-19,Sunday,B01,Nairobi CBD,P009,Amlodipine 5mg,Hypertension,3,30,90,Cash
2268,2025-10-19,Sunday,B01,Nairobi CBD,P004,Azithromycin 500mg,Antibiotic,2,120,240,Card
2269,2025-10-19,Sunday,B01,Nairobi CBD,P006,Cough Syrup,Cold & Flu,2,90,180,M-Pesa
2270,2025-10-19,Sunday,B01,Nairobi CBD,P008,Insulin,Diabetes,3,450,1350,M-Pesa
2271,2025-10-19,Sunday,B01,,P005,Vitamin C Tablets,Supplement,2,25,50,Card
2272,2025-10-19,Sunday,B01,Nairobi CBD,P004,Azithromycin 500mg,Antibiotic,2,120,240,M-Pesa
2273,2025-10-19,Sunday,B01,Nairobi CBD,P006,Cough Syrup,Cold & Flu,1,90,90,
2274,2025-10-19,Sunday,B01,,P010,Antacid Tablets,Digestive,3,20,60,M pesa
2275,2025-10-19,Sunday,B01,Nairobi CBD,P002,Ibuprofen 200mg,Pain Relief,3,15,45,Cash
2276,2025-10-19,Sunday,B01,Nairobi CBD,P002,Ibuprofen 200mg,Pain Relief,2,15,30,Card
2277,2025-10-19,Sunday,B01,Nairobi CBD,P008,Insulin,Diabetes,3,450,1350,M-Pesa
2278,2025-10-19,Sunday,B01,Nairobi CBD,P001,,Pain Relief,1,10,10,M-Pesa
2279,2025-10-19,Sunday,B01,Nairobi CBD,P007,Metformin 500mg,Diabetes,1,40,40,Insurance
2280,2025-10-19,Sunday,B01,Nairobi CBD,P007,Metformin 500mg,Diabetes,1,40,40,M-Pesa
2281,2025-10-19,Sunday,B01,Nairobi CBD,P008,Insulin,Diabetes,3,450,1350,Insurance
2282,2025-10-19,Sunday,B01,,P003,Amoxicillin 250mg,Antibiotic,3,35,105,M-Pesa
2283,2025-10-19,Sunday,B01,Nairobi CBD,P008,Insulin,Diabetes,3,450,1350,Cash
2284,2025-10-19,Sunday,B01,Nairobi CBD,P008,Insulin,Diabetes,3,450,1350,M-Pesa
2285,2025-10-19,Sunday,B01,Nairobi CBD,P001,Paracetamol 500mg,Pain Relief,3,10,30,M-Pesa
2286,2025-10-19,Sunday,B02,Embakasi,P004,Azithromycin 500mg,Antibiotic,2,120,240,M-Pesa
2287,2025-10-19,Sunday,B02,Embakasi,P001,Paracetamol 500mg,Pain Relief,1,10,10,M-Pesa
2288,2025-10-19,Sunday,B02,Embakasi,P002,Ibuprofen 200mg,Pain Relief,3,15,45,M pesa
2289,2025-10-19,Sunday,B02,Embakasi,P005,Vitamin C Tablets,Supplement,1,25,25,M-Pesa
2290,2025-10-19,Sunday,B02,Embakasi,P007,Metformin 500mg,Diabetes,3,40,120,Cash
2291,2025-10-19,Sunday,B02,embakasi,P010,Antacid Tablets,Digestive,3,20,60,
2292,2025-10-19,Sunday,B02,Embakasi,P001,Paracetamol 500mg,Pain Relief,1,10,10,M-Pesa
2293,2025-10-19,Sunday,B02,Embakasi,P005,Vitamin C Tablets,Supplement,3,25,75,Cash
2294,2025-10-19,Sunday,B02,Embakasi,P007,Metformin 500mg,Diabetes,2,40,80,M-Pesa
2295,2025-10-19,Sunday,B02,Embakasi,P001,Paracetamol 500mg,Pain Relief,3,10,30,Cash
2296,2025-10-19,Sunday,B02,Embakasi,P004,Azithromycin 500mg,Antibiotic,2,120,240,M-Pesa
2297,2025-10-19,Sunday,B02,Embakasi,P004,Azithromycin 500mg,Antibiotic,2,120,240,M-Pesa
2298,2025-10-19,Sunday,B02,Embakasi,P006,Cough Syrup,Cold & Flu,3,90,270,M-Pesa
2299,2025-10-19,Sunday,B02,Embakasi,P004,Azithromycin 500mg,Antibiotic,1,120,120,M-Pesa
2300,2025-10-19,Sunday,B02,Embakasi,P009,Amlodipine 5mg,Hypertension,2,30,60,Cash
2301,2025-10-19,Sunday,B02,Embakasi,P002,Ibuprofen 200mg,Pain Relief,1,15,26,Cash
2302,2025-10-19,Sunday,B02,Embakasi,P008,Insulin,Diabetes,2,450,900,M-Pesa
2303,2025-10-19,Sunday,B02,Embakasi,P007,Metformin 500mg,Diabetes,3,40,120,M-Pesa
2304,2025-10-19,Sunday,B02,Embakasi,P004,Azithromycin 500mg,Antibiotic,3,120,360,M-Pesa
2305,2025-10-19,Sunday,B02,Embakasi,P009,Amlodipine 5mg,Hypertension,2,30,60, Card
2306,2025-10-19,Sunday,B02,Embakasi,P007,Metformin 500mg,Diabetes,3,40,120,M-Pesa
2307,2025-10-19,Sunday,B02,Embakasi,P008,Insulin,Diabetes,2,450,900,M-Pesa
2308,2025-10-19,Sunday,B02,Embakasi,P007,Metformin 500mg,Diabetes,3,40,120,Insurance
2309,2025-10-19,Sunday,B02,Embakasi,P008,Insulin,Diabetes,1,450,450,Insurance
2310,2025-10-19,Sunday,B02,Embakasi,P007,,Diabetes,3,40,120,Card
2311,2025-10-19,Sunday,B02,Embakasi,P008,Insulin,Diabetes,1,450,450,M-Pesa
2312,2025-10-19,Sunday,B02,Embakasi,P010,Antacid Tablets,Digestive,3,20,60,
2313,2025-10-19,Sunday,B02,Embakasi,P008,Insulin,Diabetes,1,450,450,M-Pesa
2314,2025-10-19,Sunday,B02,Embakasi,P007,Metformin 500mg,Diabetes,3,40,120,M-Pesa
2315,2025-10-19,Sunday,B02,Embakasi,P005,Vitamin C Tablets,Supplement,1,25,25,Cash
2316,2025-10-19,Sunday,B02,Embakasi,P004,Azithromycin 500mg,Antibiotic,2,120,240,M-Pesa
2317,2025-10-19,Sunday,B02,Embakasi,P001,Paracetamol 500mg,Pain Relief,2,10,20,M pesa
2318,2025-10-19,Sunday,B02,Embakasi,P010,Antacid Tablets,Digestive,1,20,20,M-Pesa
2319,2025-10-19,Sunday,B02,Embakasi,P007,Metformin 500mg,Diabetes,3,40,120,Cash
2320,2025-10-20,Monday,B01,Nairobi CBD,P007,Metformin 500mg,Diabetes,3,40,120,Cash
2321,2025-10-20,Monday,B01,Nairobi CBD,P004,Azithromycin 500mg,Antibiotic,2,120,240, Cash
2322,2025-10-20,Monday,B01,Nairobi CBD,P008,Insulin,Diabetes,3,450,1350,Cash
2323,2025-10-20,Monday,B01,Nairobi CBD,P006,Cough Syrup,Cold & Flu,2,90,180,M-Pesa
2324,2025-10-20,Monday,B01,Nairobi CBD,P006,,Cold & Flu,3,90,270,Insurance
2325,2025-10-20,Monday,B01,,P002,Ibuprofen 200mg,Pain Relief,3,15,45,M-Pesa
2326,2025-10-20,Monday,B01,Nairobi CBD,P009,Amlodipine 5mg,Hypertension,3,30,90, M-Pesa
2327,2025-10-20,Monday,B01,,P003,,Antibiotic,1,35,35,M-Pesa
2328,2025-10-20,Monday,B01,Nairobi CBD,P002,Ibuprofen 200mg,Pain Relief,1,15,15,Insurance
2329,2025-10-20,Monday,B01,Nairobi CBD,P006,Cough Syrup,Cold & Flu,2,90,180,M-Pesa
2330,2025-10-20,Monday,B01,Nairobi CBD,P006,Cough Syrup,Cold & Flu,2,90,180,Cash
2331,2025-10-20,Monday,B01,Nairobi CBD,P002,Ibuprofen 200mg,Pain Relief,1,15,15,M-Pesa
2332,2025-10-20,Monday,B01,Nairobi CBD,P002,Ibuprofen 200mg,Pain Relief,2,15,30,M-Pesa
2333,2025-10-20,Monday,B01,Nairobi CBD,P007,Metformin 500mg,Diabetes,1,40,40,M-Pesa
2334,2025-10-20,Monday,B01,Nairobi CBD,P008,,Diabetes,3,450,1350,M-Pesa
2335,2025-10-20,Monday,B01,Nairobi CBD,P001,Paracetamol 500mg,Pain Relief,2,10,20,M-Pesa
2336,2025-10-20,Monday,B01,,P002,Ibuprofen 200mg,Pain Relief,2,15,30,Card
2337,2025-10-20,Monday,B01,Nairobi CBD,P001,Paracetamol 500mg,Pain Relief,1,10,10,Card
2338,2025-10-20,Monday,B01,,P009,Amlodipine 5mg,Hypertension,2,30,60,M-Pesa
2339,2025-10-20,Monday,B01,Nairobi CBD,P004,Azithromycin 500mg,Antibiotic,2,120,240,Cash
2340,2025-10-20,Monday,B01,Nairobi CBD,P010,Antacid Tablets,Digestive,3,20,60,M-Pesa
2341,2025-10-20,Monday,B01,Nairobi CBD,P001,Paracetamol 500mg,Pain Relief,2,10,20,M-Pesa
2342,2025-10-20,Monday,B01,Nairobi CBD,P005,Vitamin C Tablets,Supplement,3,25,75,M-Pesa
2343,2025-10-20,Monday,B01,Nairobi CBD,P004,Azithromycin 500mg,Antibiotic,1,120,120,M-Pesa
2344,2025-10-20,Monday,B01,Nairobi CBD,P001,Paracetamol 500mg,Pain Relief,2,10,20, M-Pesa
2345,2025-10-20,Monday,B01,Nairobi CBD,P008,Insulin,Diabetes,3,450,1350,M-Pesa
2346,2025-10-20,Monday,B01,Nairobi CBD,P003,Amoxicillin 250mg,Antibiotic,1,35,35,M-Pesa
2347,2025-10-20,Monday,B01,Nairobi CBD,P008,Insulin,Diabetes,2,450,900,M pesa
2348,2025-10-20,Monday,B01,Nairobi CBD,P006,Cough Syrup,Cold & Flu,1,90,90,Insurance
2349,2025-10-20,Monday,B01,,P002,Ibuprofen 200mg,Pain Relief,2,15,30,M-Pesa
2350,2025-10-20,Monday,B01,Nairobi CBD,P004,Azithromycin 500mg,Antibiotic,1,120,120,
2351,2025-10-20,Monday,B01,Nairobi CBD,P007,Metformin 500mg,Diabetes,1,40,40,
2352,2025-10-20,Monday,B01,Nairobi CBD,P001,Paracetamol 500mg,Pain Relief,3,10,30,Insurance
2353,2025-10-20,Monday,B01,Nairobi CBD,P003,Amoxicillin 250mg,Antibiotic,1,35,35,M-Pesa
2354,2025-10-20,Monday,B01,Nairobi CBD,P008,Insulin,Diabetes,2,450,900,M-Pesa
2355,2025-10-20,Monday,B01,Nairobi CBD,P010,Antacid Tablets,Digestive,2,20,40,M-Pesa
2356,2025-10-20,Monday,B01,,P006,Cough Syrup,Cold & Flu,3,90,270,M-Pesa
2357,2025-10-20,Monday,B01,Nairobi CBD,P010,Antacid Tablets,Digestive,2,20,40,Card
2358,2025-10-20,Monday,B01,Nairobi CBD,P005,Vitamin C Tablets,Supplement,2,25,50,Cash
2359,2025-10-20,Monday,B02,Embakasi,P007,Metformin 500mg,Diabetes,1,40,40,Insurance
2360,2025-10-20,Monday,B02,Embakasi,P010,Antacid Tablets,Digestive,1,20,20,M pesa
2361,2025-10-20,Monday,B02,Embakasi,P006,Cough Syrup,Cold & Flu,2,90,180,M-Pesa
2362,2025-10-20,Monday,B02,Embakasi,P003,Amoxicillin 250mg,Antibiotic,3,35,105,M-Pesa
2363,2025-10-20,Monday,B02,Embakasi,P007,Metformin 500mg,Diabetes,1,40,40,Cash
2364,2025-10-20,Monday,B02,Embakasi,P005,Vitamin C Tablets,Supplement,3,25,75,M-Pesa
2365,2025-10-20,Monday,B02,Embakasi,P007,Metformin 500mg,Diabetes,2,40,80,Cash
2366,2025-10-20,Monday,B02,embakasi,P004,Azithromycin 500mg,Antibiotic,2,120,240,M-Pesa
2367,2025-10-20,Monday,B02,Embakasi,P003,Amoxicillin 250mg,Antibiotic,1,35,35,Cash
2368,2025-10-20,Monday,B02,Embakasi,P006,Cough Syrup,Cold & Flu,2,90,180,Cash
2369,2025-10-20,Monday,B02,Embakasi,P002,Ibuprofen 200mg,Pain Relief,1,15,15,M-Pesa
2370,2025-10-20,Monday,B02,Embakasi,P001,Paracetamol 500mg,Pain Relief,2,10,20,M-Pesa
2371,2025-10-20,Monday,B02,Embakasi,P010,Antacid Tablets,Digestive,2,20,40,M-Pesa
2372,2025-10-20,Monday,B02,Embakasi,P001,Paracetamol 500mg,Pain Relief,1,10,10,Cash
2373,2025-10-20,Monday,B02,Embakasi,P008,Insulin,Diabetes,1,450,450,M-Pesa
2374,2025-10-20,Monday,B02,Embakasi,P007,,Diabetes,1,40,40,M-Pesa
2375,2025-10-20,Monday,B02,Embakasi,P007,Metformin 500mg,Diabetes,2,40,80,Cash
2376,2025-10-20,Monday,B02,Embakasi,P001,Paracetamol 500mg,Pain Relief,2,10,20,M-Pesa
2377,2025-10-20,Monday,B02,Embakasi,P001,Paracetamol 500mg,Pain Relief,3,10,30,M-Pesa
2378,2025-10-20,Monday,B02,,P008,Insulin,Diabetes,1,450,450,M-Pesa
2379,2025-10-20,Monday,B02,Embakasi,P006,Cough Syrup,Cold & Flu,2,90,180,
2380,2025-10-20,Monday,B02,Embakasi,P003,Amoxicillin 250mg,Antibiotic,2,35,70,M-Pesa
2381,2025-10-20,Monday,B02,Embakasi,P008,Insulin,Diabetes,1,450,450,M-Pesa
2382,2025-10-20,Monday,B02,Embakasi,P001,Paracetamol 500mg,Pain Relief,3,10,30, M-Pesa
2383,2025-10-20,Monday,B02,Embakasi,P010,Antacid Tablets,Digestive,1,20,20,M-Pesa
2384,2025-10-20,Monday,B02,Embakasi,P003,Amoxicillin 250mg,Antibiotic,3,35,105,
2385,2025-10-20,Monday,B02,Embakasi,P007,Metformin 500mg,Diabetes,2,40,80,Card
2386,2025-10-20,Monday,B02,Embakasi,P002,Ibuprofen 200mg,Pain Relief,3,15,45,Cash
2387,2025-10-20,Monday,B02,Embakasi,P003,Amoxicillin 250mg,Antibiotic,2,35,70,M-Pesa
2388,2025-10-20,Monday,B02,embakasi,P003,Amoxicillin 250mg,Antibiotic,1,35,35,Cash
2389,2025-10-20,Monday,B02,Embakasi,P002,,Pain Relief,1,15,15,Card
2390,2025-10-21,Tuesday,B01,Nairobi CBD,P001,Paracetamol 500mg,Pain Relief,3,10,30,Cash
2391,2025-10-21,Tuesday,B01,,P002,Ibuprofen 200mg,Pain Relief,2,15,30,M-Pesa
2392,2025-10-21,Tuesday,B01,Nairobi CBD,P003,Amoxicillin 250mg,Antibiotic,1,35,35,M-Pesa
2393,2025-10-21,Tuesday,B01,Nairobi CBD,P007,Metformin 500mg,Diabetes,1,40,40,M-Pesa
2394,2025-10-21,Tuesday,B01,Nairobi CBD,P005,Vitamin C Tablets,Supplement,2,25,50,M-Pesa
2395,2025-10-21,Tuesday,B01,Nairobi CBD,P007,Metformin 500mg,Diabetes,1,40,40,M-Pesa
2396,2025-10-21,Tuesday,B01,Nairobi CBD,P004,,Antibiotic,2,120,240,M-Pesa
2397,2025-10-21,Tuesday,B01,Nairobi CBD,P008,Insulin,Diabetes,2,450,900,M-Pesa
2398,2025-10-21,Tuesday,B01,Nairobi CBD,P001,Paracetamol 500mg,Pain Relief,2,10,20,M-Pesa
2399,2025-10-21,Tuesday,B01,Nairobi CBD,P005,Vitamin C Tablets,Supplement,2,25,50,Cash
2400,2025-10-21,Tuesday,B01,Nairobi CBD,P006,Cough Syrup,Cold & Flu,2,90,180,M-Pesa
2401,2025-10-21,Tuesday,B01,Nairobi CBD,P008,Insulin,Diabetes,3,450,1350,M-Pesa
2402,2025-10-21,Tuesday,B01,Nairobi CBD,P010,Antacid Tablets,Digestive,1,20,20,Cash
2403,2025-10-21,Tuesday,B01,Nairobi CBD,P003,Amoxicillin 250mg,Antibiotic,3,35,105,M-Pesa
2404,2025-10-21,Tuesday,B01,Nairobi CBD,P001,Paracetamol 500mg,Pain Relief,1,10,10,M-Pesa
2405,2025-10-21,Tuesday,B01,Nairobi CBD,P007,Metformin 500mg,Diabetes,3,40,120,M pesa
2406,2025-10-21,Tuesday,B01,Nairobi CBD,P010,Antacid Tablets,Digestive,2,20,40,M-Pesa
2407,2025-10-21,Tuesday,B01,Nairobi CBD,P004,,Antibiotic,1,120,120,M-Pesa
2408,2025-10-21,Tuesday,B01,,P002,Ibuprofen 200mg,Pain Relief,1,15,15,Card
2409,2025-10-21,Tuesday,B01,Nairobi CBD,P008,Insulin,Diabetes,3,450,1350,Card
2410,2025-10-21,Tuesday,B01,Nairobi CBD,P002,Ibuprofen 200mg,Pain Relief,3,15,45,M-Pesa
2411,2025-10-21,Tuesday,B01,Nairobi CBD,P007,,Diabetes,1,40,40,Cash
2412,2025-10-21,Tuesday,B01,Nairobi CBD,P002,Ibuprofen 200mg,Pain Relief,3,15,45, M-Pesa
2413,2025-10-21,Tuesday,B01,Nairobi CBD,P004,Azithromycin 500mg,Antibiotic,3,120,360,M-Pesa
2414,2025-10-21,Tuesday,B01,Nairobi CBD,P003,Amoxicillin 250mg,Antibiotic,3,35,105,Card
2415,2025-10-21,Tuesday,B01,Nairobi CBD,P008,Insulin,Diabetes,2,450,900,
2416,2025-10-21,Tuesday,B01,Nairobi CBD,P006,Cough Syrup,Cold & Flu,2,90,180,M-Pesa
2417,2025-10-21,Tuesday,B01,Nairobi CBD,P010,Antacid Tablets,Digestive,3,20,60,M-Pesa
2418,2025-10-21,Tuesday,B01,Nairobi CBD,P003,Amoxicillin 250mg,Antibiotic,3,35,105,Cash
2419,2025-10-21,Tuesday,B01,Nairobi CBD,P005,Vitamin C Tablets,Supplement,2,25,50,M-Pesa
2420,2025-10-21,Tuesday,B01,Nairobi CBD,P003,Amoxicillin 250mg,Antibiotic,2,35,70,Cash
2421,2025-10-21,Tuesday,B01,Nairobi CBD,P005,Vitamin C Tablets,Supplement,1,25,36,Cash
2422,2025-10-21,Tuesday,B01,Nairobi CBD,P006,Cough Syrup,Cold & Flu,1,90,90,M-Pesa
2423,2025-10-21,Tuesday,B01,Nairobi CBD,P010,Antacid Tablets,Digestive,2,20,40,M-Pesa
2424,2025-10-21,Tuesday,B01,,P001,Paracetamol 500mg,Pain Relief,3,10,30,
2425,2025-10-21,Tuesday,B01,Nairobi CBD,P001,Paracetamol 500mg,Pain Relief,3,10,30,M-Pesa
2426,2025-10-21,Tuesday,B01,Nairobi CBD,P003,Amoxicillin 250mg,Antibiotic,3,35,105,M-Pesa
2427,2025-10-21,Tuesday,B01,Nairobi CBD,P003,Amoxicillin 250mg,Antibiotic,3,35,105,M-Pesa
2428,2025-10-21,Tuesday,B01,Nairobi CBD,P002,Ibuprofen 200mg,Pain Relief,1,15,15,Cash
2429,2025-10-21,Tuesday,B02,Embakasi,P010,Antacid Tablets,Digestive,3,20,60,Cash
2430,2025-10-21,Tuesday,B02,Embakasi,P006,Cough Syrup,Cold & Flu,1,90,90,M-Pesa
2431,2025-10-21,Tuesday,B02,Embakasi,P009,Amlodipine 5mg,Hypertension,3,30,90,
2432,2025-10-21,Tuesday,B02,embakasi,P006,Cough Syrup,Cold & Flu,2,90,180,M-Pesa
2433,2025-10-21,Tuesday,B02,Embakasi,P001,Paracetamol 500mg,Pain Relief,1,10,10,Cash
2434,2025-10-21,Tuesday,B02,Embakasi,P007,Metformin 500mg,Diabetes,2,40,80,M-Pesa
2435,2025-10-21,Tuesday,B02,Embakasi,P002,Ibuprofen 200mg,Pain Relief,2,15,30,Cash
2436,2025-10-21,Tuesday,B02,Embakasi,P001,Paracetamol 500mg,Pain Relief,1,10,10,M-Pesa
2437,2025-10-21,Tuesday,B02,Embakasi,P007,Metformin 500mg,Diabetes,1,40,40,M-Pesa
2438,2025-10-21,Tuesday,B02,Embakasi,P008,Insulin,Diabetes,1,450,450,M-Pesa
2439,2025-10-21,Tuesday,B02,Embakasi,P007,Metformin 500mg,Diabetes,1,40,40,M-Pesa
2440,2025-10-21,Tuesday,B02,Embakasi,P007,Metformin 500mg,Diabetes,1,40,40,Cash
2441,2025-10-21,Tuesday,B02,Embakasi,P002,Ibuprofen 200mg,Pain Relief,1,15,15,M-Pesa
2442,2025-10-21,Tuesday,B02,Embakasi,P010,Antacid Tablets,Digestive,1,20,20,M-Pesa
2443,2025-10-21,Tuesday,B02,Embakasi,P002,Ibuprofen 200mg,Pain Relief,3,15,45,M-Pesa
2444,2025-10-21,Tuesday,B02,Embakasi,P001,Paracetamol 500mg,Pain Relief,2,10,20,Card
2445,2025-10-21,Tuesday,B02,Embakasi,P005,,Supplement,1,25,36,M-Pesa
2446,2025-10-21,Tuesday,B02,Embakasi,P004,Azithromycin 500mg,Antibiotic,3,120,360,Cash
2447,2025-10-21,Tuesday,B02,Embakasi,P007,Metformin 500mg,Diabetes,3,40,120,M-Pesa
2448,2025-10-21,Tuesday,B02,Embakasi,P007,Metformin 500mg,Diabetes,3,40,120,M-Pesa
2449,2025-10-21,Tuesday,B02,,P005,Vitamin C Tablets,Supplement,2,25,50,M-Pesa
2450,2025-10-21,Tuesday,B02,embakasi,P005,,Supplement,1,25,25,Cash
2451,2025-10-21,Tuesday,B02,Embakasi,P007,Metformin 500mg,Diabetes,3,40,120,Card
2452,2025-10-21,Tuesday,B02,Embakasi,P010,Antacid Tablets,Digestive,2,20,40,M-Pesa
2453,2025-10-21,Tuesday,B02,Embakasi,P007,Metformin 500mg,Diabetes,2,40,80,M-Pesa
2454,2025-10-21,Tuesday,B02,,P009,Amlodipine 5mg,Hypertension,2,30,60,
2455,2025-10-21,Tuesday,B02,Embakasi,P010,Antacid Tablets,Digestive,3,20,60,M-Pesa
2456,2025-10-21,Tuesday,B02,Embakasi,P004,Azithromycin 500mg,Antibiotic,1,120,120, M pesa
2457,2025-10-21,Tuesday,B02,Embakasi,P006,Cough Syrup,Cold & Flu,3,90,270,M-Pesa
2458,2025-10-21,Tuesday,B02,Embakasi,P006,Cough Syrup,Cold & Flu,3,90,270,M-Pesa
2459,2025-10-21,Tuesday,B02,Embakasi,P004,Azithromycin 500mg,Antibiotic,1,120,120,Card
2460,2025-10-21,Tuesday,B02,Embakasi,P002,Ibuprofen 200mg,Pain Relief,1,15,15,Card
2461,2025-10-21,Tuesday,B02,Embakasi,P009,Amlodipine 5mg,Hypertension,1,30,30,Cash
2462,2025-10-21,Tuesday,B02,Embakasi,P003,Amoxicillin 250mg,Antibiotic,2,35,70,M-Pesa
2463,2025-10-21,Tuesday,B02,Embakasi,P005,Vitamin C Tablets,Supplement,1,25,25,M-Pesa
2464,2025-10-22,Wednesday,B01,Nairobi CBD,P006,,Cold & Flu,3,90,270,M pesa
2465,2025-10-22,Wednesday,B01,Nairobi CBD,P004,Azithromycin 500mg,Antibiotic,2,120,240,Cash
2466,2025-10-22,Wednesday,B01,Nairobi CBD,P006,Cough Syrup,Cold & Flu,3,90,270,Cash
2467,2025-10-22,Wednesday,B01,Nairobi CBD,P002,Ibuprofen 200mg,Pain Relief,3,15,45,M-Pesa
2468,2025-10-22,Wednesday,B01,Nairobi CBD,P009,,Hypertension,1,30,30,M-Pesa
2469,2025-10-22,Wednesday,B01,Nairobi CBD,P009,Amlodipine 5mg,Hypertension,1,30,30,M-Pesa
2470,2025-10-22,Wednesday,B01,Nairobi CBD,P004,Azithromycin 500mg,Antibiotic,3,120,360,M-Pesa
2471,2025-10-22,Wednesday,B01,,P008,Insulin,Diabetes,1,450,450,M-Pesa
2472,2025-10-22,Wednesday,B01,Nairobi CBD,P008,,Diabetes,2,450,900,M-Pesa
2473,2025-10-22,Wednesday,B01,Nairobi CBD,P007,Metformin 500mg,Diabetes,2,40,80, Cash
2474,2025-10-22,Wednesday,B01,Nairobi CBD,P008,Insulin,Diabetes,1,450,450,M-Pesa
2475,2025-10-22,Wednesday,B01,Nairobi CBD,P004,Azithromycin 500mg,Antibiotic,2,120,240,Insurance
2476,2025-10-22,Wednesday,B01,Nairobi CBD,P006,Cough Syrup,Cold & Flu,1,90,90,M pesa
2477,2025-10-22,Wednesday,B01,Nairobi CBD,P010,Antacid Tablets,Digestive,3,20,60,Card
2478,2025-10-22,Wednesday,B01,Nairobi CBD,P007,Metformin 500mg,Diabetes,3,40,120,M-Pesa
2479,2025-10-22,Wednesday,B01,Nairobi CBD,P009,Amlodipine 5mg,Hypertension,2,30,60,Cash
2480,2025-10-22,Wednesday,B01,,P002,Ibuprofen 200mg,Pain Relief,1,15,15,Insurance
2481,2025-10-22,Wednesday,B01,Nairobi CBD,P009,Amlodipine 5mg,Hypertension,1,30,30,
2482,2025-10-22,Wednesday,B01,Nairobi CBD,P003,Amoxicillin 250mg,Antibiotic,2,35,70,M-Pesa
2483,2025-10-22,Wednesday,B01,Nairobi CBD,P008,Insulin,Diabetes,3,450,1350,M-Pesa
2484,2025-10-22,Wednesday,B01,Nairobi CBD,P010,,Digestive,2,20,40,M-Pesa
2485,2025-10-22,Wednesday,B01,Nairobi CBD,P001,Paracetamol 500mg,Pain Relief,3,10,30, M-Pesa
2486,2025-10-22,Wednesday,B01,Nairobi CBD,P006,Cough Syrup,Cold & Flu,1,90,90,M-Pesa
2487,2025-10-22,Wednesday,B01,Nairobi CBD,P007,Metformin 500mg,Diabetes,3,40,120,M-Pesa
2488,2025-10-22,Wednesday,B01,Nairobi CBD,P002,Ibuprofen 200mg,Pain Relief,2,15,30,M-Pesa
2489,2025-10-22,Wednesday,B01,Nairobi CBD,P002,Ibuprofen 200mg,Pain Relief,1,15,15,M pesa
2490,2025-10-22,Wednesday,B01,Nairobi CBD,P005,Vitamin C Tablets,Supplement,2,25,50,Card
2491,2025-10-22,Wednesday,B01,Nairobi CBD,P001,Paracetamol 500mg,Pain Relief,2,10,20,M-Pesa
2492,2025-10-22,Wednesday,B01,Nairobi CBD,P007,Metformin 500mg,Diabetes,3,40,120,M-Pesa
2493,2025-10-22,Wednesday,B01,Nairobi CBD,P003,Amoxicillin 250mg,Antibiotic,2,35,70,M-Pesa
2494,2025-10-22,Wednesday,B01,Nairobi CBD,P010,Antacid Tablets,Digestive,3,20,60,
2495,2025-10-22,Wednesday,B01,Nairobi CBD,P001,Paracetamol 500mg,Pain Relief,1,10,10,M-Pesa
2496,2025-10-22,Wednesday,B01,Nairobi CBD,P005,Vitamin C Tablets,Supplement,3,25,75,M-Pesa
2497,2025-10-22,Wednesday,B01,Nairobi CBD,P004,Azithromycin 500mg,Antibiotic,1,120,120,M-Pesa
2498,2025-10-22,Wednesday,B01,Nairobi CBD,P004,Azithromycin 500mg,Antibiotic,3,120,360,M-Pesa
2499,2025-10-22,Wednesday,B02,Embakasi,P004,Azithromycin 500mg,Antibiotic,3,120,360,Insurance
2500,2025-10-22,Wednesday,B02,embakasi,P008,Insulin,Diabetes,3,450,1350,M-Pesa
2501,2025-10-22,Wednesday,B02,Embakasi,P009,Amlodipine 5mg,Hypertension,1,30,30,M-Pesa
2502,2025-10-22,Wednesday,B02,Embakasi,P006,Cough Syrup,Cold & Flu,2,90,180,Cash
2503,2025-10-22,Wednesday,B02,Embakasi,P003,Amoxicillin 250mg,Antibiotic,3,35,105,M-Pesa
2504,2025-10-22,Wednesday,B02,Embakasi,P006,Cough Syrup,Cold & Flu,2,90,180,Cash
2505,2025-10-22,Wednesday,B02,Embakasi,P004,Azithromycin 500mg,Antibiotic,3,120,360,M-Pesa
2506,2025-10-22,Wednesday,B02,embakasi,P008,Insulin,Diabetes,3,450,1361,M-Pesa
2507,2025-10-22,Wednesday,B02,Embakasi,P003,Amoxicillin 250mg,Antibiotic,2,35,70,M-Pesa
2508,2025-10-22,Wednesday,B02,Embakasi,P002,Ibuprofen 200mg,Pain Relief,3,15,45,M-Pesa
2509,2025-10-22,Wednesday,B02,Embakasi,P001,Paracetamol 500mg,Pain Relief,2,10,20,M-Pesa
2510,2025-10-22,Wednesday,B02,Embakasi,P004,Azithromycin 500mg,Antibiotic,3,120,360,M-Pesa
2511,2025-10-22,Wednesday,B02,Embakasi,P003,Amoxicillin 250mg,Antibiotic,1,35,35,Insurance
2512,2025-10-22,Wednesday,B02,Embakasi,P006,Cough Syrup,Cold & Flu,2,90,180,Cash
2513,2025-10-22,Wednesday,B02,embakasi,P005,Vitamin C Tablets,Supplement,3,25,75,Cash
2514,2025-10-22,Wednesday,B02,Embakasi,P006,Cough Syrup,Cold & Flu,3,90,270,M-Pesa
2515,2025-10-22,Wednesday,B02,embakasi,P001,Paracetamol 500mg,Pain Relief,1,10,10,M-Pesa
2516,2025-10-22,Wednesday,B02,Embakasi,P008,Insulin,Diabetes,2,450,900,Cash
2517,2025-10-22,Wednesday,B02,Embakasi,P008,Insulin,Diabetes,3,450,1350,M-Pesa
2518,2025-10-22,Wednesday,B02,Embakasi,P002,Ibuprofen 200mg,Pain Relief,1,15,15,M-Pesa
2519,2025-10-22,Wednesday,B02,Embakasi,P008,Insulin,Diabetes,3,450,1350,
2520,2025-10-22,Wednesday,B02,Embakasi,P001,Paracetamol 500mg,Pain Relief,2,10,20,M-Pesa
2521,2025-10-22,Wednesday,B02,Embakasi,P007,Metformin 500mg,Diabetes,3,40,120,M-Pesa
2522,2025-10-22,Wednesday,B02,Embakasi,P005,Vitamin C Tablets,Supplement,3,25,75,M-Pesa
2523,2025-10-22,Wednesday,B02,,P001,Paracetamol 500mg,Pain Relief,3,10,30,M-Pesa
2524,2025-10-22,Wednesday,B02,Embakasi,P002,Ibuprofen 200mg,Pain Relief,3,15,45,Cash
2525,2025-10-22,Wednesday,B02,Embakasi,P007,Metformin 500mg,Diabetes,1,40,40,Card
2526,2025-10-22,Wednesday,B02,Embakasi,P007,Metformin 500mg,Diabetes,1,40,40,M-Pesa
2527,2025-10-22,Wednesday,B02,Embakasi,P010,Antacid Tablets,Digestive,2,20,40,M-Pesa
2528,2025-10-22,Wednesday,B02,Embakasi,P003,Amoxicillin 250mg,Antibiotic,1,35,35,M-Pesa
2529,2025-10-22,Wednesday,B02,Embakasi,P010,Antacid Tablets,Digestive,1,20,20,M-Pesa
2530,2025-10-23,Thursday,B01,Nairobi CBD,P007,Metformin 500mg,Diabetes,1,40,40,M pesa
2531,2025-10-23,Thursday,B01,Nairobi CBD,P008,Insulin,Diabetes,1,450,450,M-Pesa
2532,2025-10-23,Thursday,B01,Nairobi CBD,P001,,Pain Relief,2,10,20,Cash
2533,2025-10-23,Thursday,B01,Nairobi CBD,P008,Insulin,Diabetes,2,450,900,M-Pesa
2534,2025-10-23,Thursday,B01,Nairobi CBD,P005,Vitamin C Tablets,Supplement,2,25,50,Cash
2535,2025-10-23,Thursday,B01,Nairobi CBD,P004,Azithromycin 500mg,Antibiotic,3,120,360,
2536,2025-10-23,Thursday,B01,Nairobi CBD,P009,Amlodipine 5mg,Hypertension,3,30,90,M-Pesa
2537,2025-10-23,Thursday,B01,Nairobi CBD,P006,Cough Syrup,Cold & Flu,2,90,180,M-Pesa
2538,2025-10-23,Thursday,B01,Nairobi CBD,P006,Cough Syrup,Cold & Flu,2,90,180,M-Pesa
2539,2025-10-23,Thursday,B01,Nairobi CBD,P005,Vitamin C Tablets,Supplement,2,25,50,M-Pesa
2540,2025-10-23,Thursday,B01,Nairobi CBD,P002,Ibuprofen 200mg,Pain Relief,3,15,45,Cash
2541,2025-10-23,Thursday,B01,Nairobi CBD,P010,Antacid Tablets,Digestive,3,20,60,M-Pesa
2542,2025-10-23,Thursday,B01,Nairobi CBD,P006,Cough Syrup,Cold & Flu,1,90,90,Insurance
2543,2025-10-23,Thursday,B01,Nairobi CBD,P009,Amlodipine 5mg,Hypertension,1,30,30,M-Pesa
2544,2025-10-23,Thursday,B01,Nairobi CBD,P009,Amlodipine 5mg,Hypertension,2,30,60,M-Pesa
2545,2025-10-23,Thursday,B01,Nairobi CBD,P006,Cough Syrup,Cold & Flu,3,90,270,Cash
2546,2025-10-23,Thursday,B01,Nairobi CBD,P005,Vitamin C Tablets,Supplement,3,25,75,M-Pesa
2547,2025-10-23,Thursday,B01,Nairobi CBD,P009,Amlodipine 5mg,Hypertension,3,30,90,Cash
2548,2025-10-23,Thursday,B01,Nairobi CBD,P002,Ibuprofen 200mg,Pain Relief,2,15,30,M-Pesa
2549,2025-10-23,Thursday,B01,Nairobi CBD,P006,Cough Syrup,Cold & Flu,1,90,90,M-Pesa
2550,2025-10-23,Thursday,B01,Nairobi CBD,P002,Ibuprofen 200mg,Pain Relief,2,15,30,M-Pesa
2551,2025-10-23,Thursday,B01,Nairobi CBD,P004,Azithromycin 500mg,Antibiotic,1,120,120,Cash
2552,2025-10-23,Thursday,B01,Nairobi CBD,P010,Antacid Tablets,Digestive,1,20,20,M-Pesa
2553,2025-10-23,Thursday,B01,Nairobi CBD,P006,Cough Syrup,Cold & Flu,2,90,180,Card
2554,2025-10-23,Thursday,B01,Nairobi CBD,P010,Antacid Tablets,Digestive,1,20,20,M-Pesa
2555,2025-10-23,Thursday,B01,,P007,Metformin 500mg,Diabetes,1,40,40,M-Pesa
2556,2025-10-23,Thursday,B01,Nairobi CBD,P004,Azithromycin 500mg,Antibiotic,3,120,360,
2557,2025-10-23,Thursday,B01,Nairobi CBD,P003,Amoxicillin 250mg,Antibiotic,1,35,46,M-Pesa
2558,2025-10-23,Thursday,B01,Nairobi CBD,P001,Paracetamol 500mg,Pain Relief,2,10,20,M-Pesa
2559,2025-10-23,Thursday,B01,Nairobi CBD,P004,Azithromycin 500mg,Antibiotic,2,120,240,Card
2560,2025-10-23,Thursday,B01,Nairobi CBD,P008,Insulin,Diabetes,1,450,450,Cash
2561,2025-10-23,Thursday,B01,Nairobi CBD,P008,Insulin,Diabetes,3,450,1350,Cash
2562,2025-10-23,Thursday,B01,Nairobi CBD,P009,Amlodipine 5mg,Hypertension,3,30,90,M-Pesa
2563,2025-10-23,Thursday,B01,Nairobi CBD,P001,Paracetamol 500mg,Pain Relief,1,10,10,Cash
2564,2025-10-23,Thursday,B01,Nairobi CBD,P010,Antacid Tablets,Digestive,1,20,20,Cash
2565,2025-10-23,Thursday,B01,Nairobi CBD,P001,Paracetamol 500mg,Pain Relief,2,10,20,Cash
2566,2025-10-23,Thursday,B02,Embakasi,P008,Insulin,Diabetes,3,450,1350,M-Pesa
2567,2025-10-23,Thursday,B02,,P001,Paracetamol 500mg,Pain Relief,1,10,10,Card
2568,2025-10-23,Thursday,B02,Embakasi,P006,Cough Syrup,Cold & Flu,2,90,180,M-Pesa
2569,2025-10-23,Thursday,B02,Embakasi,P005,Vitamin C Tablets,Supplement,2,25,50,M-Pesa
2570,2025-10-23,Thursday,B02,Embakasi,P009,Amlodipine 5mg,Hypertension,2,30,60,Cash
2571,2025-10-23,Thursday,B02,Embakasi,P009,Amlodipine 5mg,Hypertension,2,30,60,M-Pesa
2572,2025-10-23,Thursday,B02,Embakasi,P009,Amlodipine 5mg,Hypertension,2,30,60,M-Pesa
2573,2025-10-23,Thursday,B02,Embakasi,P006,Cough Syrup,Cold & Flu,1,90,90,M-Pesa
2574,2025-10-23,Thursday,B02,Embakasi,P005,Vitamin C Tablets,Supplement,1,25,25,M-Pesa
2575,2025-10-23,Thursday,B02,Embakasi,P007,Metformin 500mg,Diabetes,1,40,40,
2576,2025-10-23,Thursday,B02,Embakasi,P007,Metformin 500mg,Diabetes,1,40,40,M-Pesa
2577,2025-10-23,Thursday,B02,Embakasi,P009,Amlodipine 5mg,Hypertension,2,30,60,M pesa
2578,2025-10-23,Thursday,B02,Embakasi,P008,Insulin,Diabetes,3,450,1350,Cash
2579,2025-10-23,Thursday,B02,,P003,Amoxicillin 250mg,Antibiotic,1,35,35,
2580,2025-10-23,Thursday,B02,Embakasi,P009,Amlodipine 5mg,Hypertension,3,30,90,M-Pesa
2581,2025-10-23,Thursday,B02,Embakasi,P008,Insulin,Diabetes,1,450,450,M pesa
2582,2025-10-23,Thursday,B02,Embakasi,P001,Paracetamol 500mg,Pain Relief,1,10,10,Cash
2583,2025-10-23,Thursday,B02,embakasi,P008,Insulin,Diabetes,3,450,1350,Cash
2584,2025-10-23,Thursday,B02,Embakasi,P005,Vitamin C Tablets,Supplement,2,25,50,M-Pesa
2585,2025-10-23,Thursday,B02,Embakasi,P005,Vitamin C Tablets,Supplement,1,25,25,M-Pesa
2586,2025-10-23,Thursday,B02,Embakasi,P008,Insulin,Diabetes,1,450,450,Cash
2587,2025-10-23,Thursday,B02,Embakasi,P005,Vitamin C Tablets,Supplement,1,25,25,M-Pesa
2588,2025-10-23,Thursday,B02,Embakasi,P010,Antacid Tablets,Digestive,3,20,60,Card
2589,2025-10-23,Thursday,B02,Embakasi,P003,Amoxicillin 250mg,Antibiotic,2,35,70,Cash
2590,2025-10-23,Thursday,B02,Embakasi,P008,Insulin,Diabetes,3,450,1350,M-Pesa
2591,2025-10-23,Thursday,B02,Embakasi,P003,Amoxicillin 250mg,Antibiotic,3,35,105,M-Pesa
2592,2025-10-23,Thursday,B02,Embakasi,P005,Vitamin C Tablets,Supplement,2,25,50,Insurance
2593,2025-10-23,Thursday,B02,Embakasi,P003,Amoxicillin 250mg,Antibiotic,3,35,105,M-Pesa
2594,2025-10-23,Thursday,B02,Embakasi,P005,Vitamin C Tablets,Supplement,2,25,61,Card
2595,2025-10-23,Thursday,B02,Embakasi,P004,Azithromycin 500mg,Antibiotic,1,120,120,M pesa
2596,2025-10-24,Friday,B01,Nairobi CBD,P006,Cough Syrup,Cold & Flu,1,90,90,Card
2597,2025-10-24,Friday,B01,Nairobi CBD,P009,Amlodipine 5mg,Hypertension,3,30,90,M-Pesa
2598,2025-10-24,Friday,B01,Nairobi CBD,P005,Vitamin C Tablets,Supplement,3,25,75,M-Pesa
2599,2025-10-24,Friday,B01,Nairobi CBD,P002,,Pain Relief,1,15,15,M-Pesa
2600,2025-10-24,Friday,B01,Nairobi CBD,P001,Paracetamol 500mg,Pain Relief,3,10,30,M-Pesa
2601,2025-10-24,Friday,B01,Nairobi CBD,P004,Azithromycin 500mg,Antibiotic,2,120,240,M-Pesa
2602,2025-10-24,Friday,B01,Nairobi CBD,P003,Amoxicillin 250mg,Antibiotic,1,35,35,M-Pesa
2603,2025-10-24,Friday,B01,Nairobi CBD,P003,Amoxicillin 250mg,Antibiotic,3,35,116,M-Pesa
2604,2025-10-24,Friday,B01,Nairobi CBD,P002,Ibuprofen 200mg,Pain Relief,1,15,15,M-Pesa
2605,2025-10-24,Friday,B01,Nairobi CBD,P004,Azithromycin 500mg,Antibiotic,2,120,240,Insurance
2606,2025-10-24,Friday,B01,Nairobi CBD,P008,Insulin,Diabetes,2,450,900,Card
2607,2025-10-24,Friday,B01,Nairobi CBD,P007,Metformin 500mg,Diabetes,3,40,120,Card
2608,2025-10-24,Friday,B01,Nairobi CBD,P001,Paracetamol 500mg,Pain Relief,2,10,20,M-Pesa
2609,2025-10-24,Friday,B01,Nairobi CBD,P003,Amoxicillin 250mg,Antibiotic,1,35,35,Cash
2610,2025-10-24,Friday,B01,Nairobi CBD,P008,Insulin,Diabetes,2,450,900,Cash
2611,2025-10-24,Friday,B01,Nairobi CBD,P005,Vitamin C Tablets,Supplement,1,25,25,M-Pesa
2612,2025-10-24,Friday,B01,,P006,Cough Syrup,Cold & Flu,1,90,90,M-Pesa
2613,2025-10-24,Friday,B01,Nairobi CBD,P003,Amoxicillin 250mg,Antibiotic,2,35,70,M-Pesa
2614,2025-10-24,Friday,B01,Nairobi CBD,P002,Ibuprofen 200mg,Pain Relief,3,15,45,M-Pesa
2615,2025-10-24,Friday,B01,Nairobi CBD,P003,Amoxicillin 250mg,Antibiotic,2,35,70,Cash
2616,2025-10-24,Friday,B01,Nairobi CBD,P003,Amoxicillin 250mg,Antibiotic,1,35,35,M-Pesa
2617,2025-10-24,Friday,B01,Nairobi CBD,P006,Cough Syrup,Cold & Flu,1,90,90,M-Pesa
2618,2025-10-24,Friday,B01,Nairobi CBD,P003,Amoxicillin 250mg,Antibiotic,2,35,70,M-Pesa
2619,2025-10-24,Friday,B01,Nairobi CBD,P010,Antacid Tablets,Digestive,3,20,60,Cash
2620,2025-10-24,Friday,B01,Nairobi CBD,P008,Insulin,Diabetes,3,450,1350,M-Pesa
2621,2025-10-24,Friday,B01,Nairobi CBD,P006,Cough Syrup,Cold & Flu,1,90,90,M-Pesa
2622,2025-10-24,Friday,B01,Nairobi CBD,P008,Insulin,Diabetes,1,450,450,Cash
2623,2025-10-24,Friday,B01,Nairobi CBD,P004,Azithromycin 500mg,Antibiotic,3,120,360,M-Pesa
2624,2025-10-24,Friday,B01,Nairobi CBD,P001,Paracetamol 500mg,Pain Relief,2,10,20,M-Pesa
2625,2025-10-24,Friday,B01,Nairobi CBD,P005,Vitamin C Tablets,Supplement,1,25,25,M-Pesa
2626,2025-10-24,Friday,B01,Nairobi CBD,P007,Metformin 500mg,Diabetes,1,40,40,M-Pesa
2627,2025-10-24,Friday,B01,Nairobi CBD,P010,Antacid Tablets,Digestive,3,20,60,Cash
2628,2025-10-24,Friday,B01,Nairobi CBD,P002,Ibuprofen 200mg,Pain Relief,2,15,30,
2629,2025-10-24,Friday,B01,Nairobi CBD,P002,Ibuprofen 200mg,Pain Relief,3,15,45,M-Pesa
2630,2025-10-24,Friday,B01,Nairobi CBD,P008,Insulin,Diabetes,2,450,900,M-Pesa
2631,2025-10-24,Friday,B01,Nairobi CBD,P006,Cough Syrup,Cold & Flu,2,90,180,M-Pesa
2632,2025-10-24,Friday,B02,Embakasi,P004,Azithromycin 500mg,Antibiotic,1,120,120,Card
2633,2025-10-24,Friday,B02,Embakasi,P008,Insulin,Diabetes,3,450,1350,Insurance
2634,2025-10-24,Friday,B02,Embakasi,P003,Amoxicillin 250mg,Antibiotic,3,35,105,M-Pesa
2635,2025-10-24,Friday,B02,Embakasi,P008,Insulin,Diabetes,2,450,900,M-Pesa
2636,2025-10-24,Friday,B02,Embakasi,P004,Azithromycin 500mg,Antibiotic,1,120,120,M-Pesa
2637,2025-10-24,Friday,B02,Embakasi,P006,Cough Syrup,Cold & Flu,1,90,90,M-Pesa
2638,2025-10-24,Friday,B02,Embakasi,P007,Metformin 500mg,Diabetes,3,40,120,M-Pesa
2639,2025-10-24,Friday,B02,Embakasi,P001,Paracetamol 500mg,Pain Relief,1,10,10,Cash
2640,2025-10-24,Friday,B02,Embakasi,P008,Insulin,Diabetes,1,450,461,M-Pesa
2641,2025-10-24,Friday,B02,Embakasi,P001,Paracetamol 500mg,Pain Relief,2,10,20,Cash
2642,2025-10-24,Friday,B02,Embakasi,P002,Ibuprofen 200mg,Pain Relief,1,15,15,M-Pesa
2643,2025-10-24,Friday,B02,Embakasi,P002,Ibuprofen 200mg,Pain Relief,2,15,30,Cash
2644,2025-10-24,Friday,B02,Embakasi,P004,Azithromycin 500mg,Antibiotic,3,120,360,Card
2645,2025-10-24,Friday,B02,,P001,Paracetamol 500mg,Pain Relief,1,10,10,Card
2646,2025-10-24,Friday,B02,Embakasi,P008,Insulin,Diabetes,3,450,1350,M pesa
2647,2025-10-24,Friday,B02,Embakasi,P010,Antacid Tablets,Digestive,3,20,60,M-Pesa
2648,2025-10-24,Friday,B02,Embakasi,P005,Vitamin C Tablets,Supplement,1,25,25,M-Pesa
2649,2025-10-24,Friday,B02,Embakasi,P002,Ibuprofen 200mg,Pain Relief,1,15,15,M-Pesa
2650,2025-10-24,Friday,B02,Embakasi,P001,Paracetamol 500mg,Pain Relief,3,10,30,Cash
2651,2025-10-24,Friday,B02,Embakasi,P006,,Cold & Flu,1,90,90,M-Pesa
2652,2025-10-24,Friday,B02,Embakasi,P010,Antacid Tablets,Digestive,2,20,40,M-Pesa
2653,2025-10-24,Friday,B02,Embakasi,P010,Antacid Tablets,Digestive,2,20,40,M-Pesa
2654,2025-10-24,Friday,B02,Embakasi,P005,Vitamin C Tablets,Supplement,1,25,25,M pesa
2655,2025-10-24,Friday,B02,Embakasi,P002,Ibuprofen 200mg,Pain Relief,3,15,45,M-Pesa
2656,2025-10-24,Friday,B02,Embakasi,P007,,Diabetes,1,40,40,M-Pesa
2657,2025-10-24,Friday,B02,,P004,Azithromycin 500mg,Antibiotic,1,120,120,M-Pesa
2658,2025-10-24,Friday,B02,Embakasi,P007,Metformin 500mg,Diabetes,3,40,120,Card
2659,2025-10-24,Friday,B02,Embakasi,P007,Metformin 500mg,Diabetes,3,40,120,M-Pesa
2660,2025-10-24,Friday,B02,Embakasi,P001,Paracetamol 500mg,Pain Relief,2,10,20, Cash
2661,2025-10-24,Friday,B02,Embakasi,P008,Insulin,Diabetes,3,450,1350,Cash
2662,2025-10-24,Friday,B02,Embakasi,P005,Vitamin C Tablets,Supplement,2,25,50,M-Pesa
2663,2025-10-24,Friday,B02,Embakasi,P003,Amoxicillin 250mg,Antibiotic,3,35,105,M-Pesa
2664,2025-10-24,Friday,B02,Embakasi,P003,Amoxicillin 250mg,Antibiotic,1,35,35,Cash
2665,2025-10-24,Friday,B02,Embakasi,P008,Insulin,Diabetes,2,450,900,Cash
2666,2025-10-24,Friday,B02,Embakasi,P006,Cough Syrup,Cold & Flu,2,90,180,M-Pesa
2667,2025-10-25,Saturday,B01,Nairobi CBD,P008,Insulin,Diabetes,1,450,450,M-Pesa
2668,2025-10-25,Saturday,B01,Nairobi CBD,P008,Insulin,Diabetes,1,450,450,M-Pesa
2669,2025-10-25,Saturday,B01,Nairobi CBD,P004,Azithromycin 500mg,Antibiotic,1,120,120,M-Pesa
2670,2025-10-25,Saturday,B01,Nairobi CBD,P007,Metformin 500mg,Diabetes,1,40,40,M-Pesa
2671,2025-10-25,Saturday,B01,Nairobi CBD,P003,Amoxicillin 250mg,Antibiotic,1,35,35,M-Pesa
2672,2025-10-25,Saturday,B01,Nairobi CBD,P002,Ibuprofen 200mg,Pain Relief,2,15,30,M-Pesa
2673,2025-10-25,Saturday,B01,Nairobi CBD,P009,Amlodipine 5mg,Hypertension,1,30,30,M-Pesa
2674,2025-10-25,Saturday,B01,Nairobi CBD,P003,Amoxicillin 250mg,Antibiotic,2,35,70,M pesa
2675,2025-10-25,Saturday,B01,Nairobi CBD,P001,Paracetamol 500mg,Pain Relief,1,10,10,M-Pesa
2676,2025-10-25,Saturday,B01,Nairobi CBD,P005,Vitamin C Tablets,Supplement,3,25,75,Cash
2677,2025-10-25,Saturday,B01,Nairobi CBD,P007,Metformin 500mg,Diabetes,2,40,80,Cash
2678,2025-10-25,Saturday,B01,Nairobi CBD,P006,Cough Syrup,Cold & Flu,3,90,281,M-Pesa
2679,2025-10-25,Saturday,B01,Nairobi CBD,P003,Amoxicillin 250mg,Antibiotic,2,35,70,
2680,2025-10-25,Saturday,B01,Nairobi CBD,P006,Cough Syrup,Cold & Flu,3,90,270, M-Pesa
2681,2025-10-25,Saturday,B01,Nairobi CBD,P010,Antacid Tablets,Digestive,1,20,20,Insurance
2682,2025-10-25,Saturday,B01,Nairobi CBD,P001,Paracetamol 500mg,Pain Relief,1,10,10,M-Pesa
2683,2025-10-25,Saturday,B01,Nairobi CBD,P004,Azithromycin 500mg,Antibiotic,1,120,131,M-Pesa
2684,2025-10-25,Saturday,B01,Nairobi CBD,P006,Cough Syrup,Cold & Flu,2,90,191,M-Pesa
2685,2025-10-25,Saturday,B01,,P002,Ibuprofen 200mg,Pain Relief,3,15,45,Card
2686,2025-10-25,Saturday,B01,Nairobi CBD,P003,Amoxicillin 250mg,Antibiotic,1,35,35,Card
2687,2025-10-25,Saturday,B01,Nairobi CBD,P005,Vitamin C Tablets,Supplement,3,25,75,Cash
2688,2025-10-25,Saturday,B01,Nairobi CBD,P008,Insulin,Diabetes,3,450,1350,Card
2689,2025-10-25,Saturday,B01,Nairobi CBD,P003,Amoxicillin 250mg,Antibiotic,1,35,35, M-Pesa
2690,2025-10-25,Saturday,B01,Nairobi CBD,P008,Insulin,Diabetes,1,450,450,M-Pesa
2691,2025-10-25,Saturday,B01,Nairobi CBD,P008,Insulin,Diabetes,3,450,1350,Cash
2692,2025-10-25,Saturday,B01,Nairobi CBD,P007,Metformin 500mg,Diabetes,1,40,40,M-Pesa
2693,2025-10-25,Saturday,B01,Nairobi CBD,P003,Amoxicillin 250mg,Antibiotic,1,35,35,Insurance
2694,2025-10-25,Saturday,B01,Nairobi CBD,P007,Metformin 500mg,Diabetes,1,40,40,M-Pesa
2695,2025-10-25,Saturday,B01,Nairobi CBD,P003,Amoxicillin 250mg,Antibiotic,2,35,70,Cash
2696,2025-10-25,Saturday,B01,Nairobi CBD,P003,Amoxicillin 250mg,Antibiotic,3,35,105,M-Pesa
2697,2025-10-25,Saturday,B01,Nairobi CBD,P005,Vitamin C Tablets,Supplement,3,25,75,M-Pesa
2698,2025-10-25,Saturday,B01,Nairobi CBD,P004,Azithromycin 500mg,Antibiotic,2,120,240,M-Pesa
2699,2025-10-25,Saturday,B01,Nairobi CBD,P002,Ibuprofen 200mg,Pain Relief,3,15,45,Card
2700,2025-10-25,Saturday,B01,Nairobi CBD,P004,Azithromycin 500mg,Antibiotic,1,120,120,M-Pesa
2701,2025-10-25,Saturday,B01,Nairobi CBD,P002,Ibuprofen 200mg,Pain Relief,3,15,45,M pesa
2702,2025-10-25,Saturday,B01,Nairobi CBD,P010,Antacid Tablets,Digestive,1,20,20,Cash
2703,2025-10-25,Saturday,B01,Nairobi CBD,P007,Metformin 500mg,Diabetes,2,40,80,Cash
2704,2025-10-25,Saturday,B01,Nairobi CBD,P004,Azithromycin 500mg,Antibiotic,1,120,131,Cash
2705,2025-10-25,Saturday,B01,Nairobi CBD,P009,Amlodipine 5mg,Hypertension,3,30,90,Cash
2706,2025-10-25,Saturday,B01,Nairobi CBD,P006,,Cold & Flu,3,90,270,M-Pesa
2707,2025-10-25,Saturday,B02,embakasi,P006,Cough Syrup,Cold & Flu,2,90,180,Insurance
2708,2025-10-25,Saturday,B02,Embakasi,P006,,Cold & Flu,3,90,270,Card
2709,2025-10-25,Saturday,B02,Embakasi,P004,Azithromycin 500mg,Antibiotic,1,120,120,M-Pesa
2710,2025-10-25,Saturday,B02,Embakasi,P004,Azithromycin 500mg,Antibiotic,2,120,240,Insurance
2711,2025-10-25,Saturday,B02,Embakasi,P004,Azithromycin 500mg,Antibiotic,3,120,360,M-Pesa
2712,2025-10-25,Saturday,B02,Embakasi,P001,Paracetamol 500mg,Pain Relief,3,10,30,M-Pesa
2713,2025-10-25,Saturday,B02,Embakasi,P003,Amoxicillin 250mg,Antibiotic,2,35,70,M-Pesa
2714,2025-10-25,Saturday,B02,Embakasi,P008,Insulin,Diabetes,2,450,900,Card
2715,2025-10-25,Saturday,B02,Embakasi,P010,Antacid Tablets,Digestive,2,20,40,Cash
2716,2025-10-25,Saturday,B02,Embakasi,P009,Amlodipine 5mg,Hypertension,1,30,30,M-Pesa
2717,2025-10-25,Saturday,B02,Embakasi,P007,Metformin 500mg,Diabetes,1,40,40,M-Pesa
2718,2025-10-25,Saturday,B02,Embakasi,P005,Vitamin C Tablets,Supplement,3,25,75,M-Pesa
2719,2025-10-25,Saturday,B02,Embakasi,P007,,Diabetes,2,40,80,M-Pesa
2720,2025-10-25,Saturday,B02,Embakasi,P005,Vitamin C Tablets,Supplement,1,25,25,M-Pesa
2721,2025-10-25,Saturday,B02,Embakasi,P006,Cough Syrup,Cold & Flu,2,90,180,M-Pesa
2722,2025-10-25,Saturday,B02,Embakasi,P004,Azithromycin 500mg,Antibiotic,3,120,360,M-Pesa
2723,2025-10-25,Saturday,B02,Embakasi,P003,Amoxicillin 250mg,Antibiotic,1,35,35,M-Pesa
2724,2025-10-25,Saturday,B02,Embakasi,P008,Insulin,Diabetes,1,450,450,Insurance
2725,2025-10-25,Saturday,B02,Embakasi,P009,Amlodipine 5mg,Hypertension,1,30,30,M-Pesa
2726,2025-10-25,Saturday,B02,Embakasi,P009,Amlodipine 5mg,Hypertension,3,30,90,Card
2727,2025-10-25,Saturday,B02,Embakasi,P002,Ibuprofen 200mg,Pain Relief,2,15,30,M-Pesa
2728,2025-10-25,Saturday,B02,Embakasi,P007,Metformin 500mg,Diabetes,1,40,40,M-Pesa
2729,2025-10-25,Saturday,B02,Embakasi,P008,Insulin,Diabetes,3,450,1350,M-Pesa
2730,2025-10-25,Saturday,B02,Embakasi,P002,Ibuprofen 200mg,Pain Relief,2,15,30,M-Pesa
2731,2025-10-25,Saturday,B02,,P002,Ibuprofen 200mg,Pain Relief,3,15,45,Card
2732,2025-10-25,Saturday,B02,Embakasi,P008,Insulin,Diabetes,2,450,900,M-Pesa
2733,2025-10-25,Saturday,B02,Embakasi,P010,Antacid Tablets,Digestive,3,20,60,Cash
2734,2025-10-25,Saturday,B02,,P004,Azithromycin 500mg,Antibiotic,2,120,240,Cash
2735,2025-10-25,Saturday,B02,Embakasi,P002,Ibuprofen 200mg,Pain Relief,1,15,15,M-Pesa
2736,2025-10-25,Saturday,B02,Embakasi,P007,Metformin 500mg,Diabetes,2,40,80,M-Pesa
2737,2025-10-25,Saturday,B02,Embakasi,P010,Antacid Tablets,Digestive,3,20,60,Insurance
2738,2025-10-26,Sunday,B01,,P009,Amlodipine 5mg,Hypertension,3,30,90,M-Pesa
2739,2025-10-26,Sunday,B01,Nairobi CBD,P008,Insulin,Diabetes,2,450,900,Cash
2740,2025-10-26,Sunday,B01,Nairobi CBD,P008,Insulin,Diabetes,1,450,450,M-Pesa
2741,2025-10-26,Sunday,B01,Nairobi CBD,P002,Ibuprofen 200mg,Pain Relief,1,15,15,M-Pesa
2742,2025-10-26,Sunday,B01,Nairobi CBD,P002,Ibuprofen 200mg,Pain Relief,2,15,30,M-Pesa
2743,2025-10-26,Sunday,B01,Nairobi CBD,P002,Ibuprofen 200mg,Pain Relief,2,15,30,M-Pesa
2744,2025-10-26,Sunday,B01,Nairobi CBD,P004,Azithromycin 500mg,Antibiotic,3,120,360,M-Pesa
2745,2025-10-26,Sunday,B01,Nairobi CBD,P003,Amoxicillin 250mg,Antibiotic,1,35,35,M-Pesa
2746,2025-10-26,Sunday,B01,Nairobi CBD,P006,Cough Syrup,Cold & Flu,2,90,180,Cash
2747,2025-10-26,Sunday,B01,Nairobi CBD,P005,Vitamin C Tablets,Supplement,1,25,25,M-Pesa
2748,2025-10-26,Sunday,B01,Nairobi CBD,P010,Antacid Tablets,Digestive,2,20,40,Insurance
2749,2025-10-26,Sunday,B01,Nairobi CBD,P004,Azithromycin 500mg,Antibiotic,2,120,240,M pesa
2750,2025-10-26,Sunday,B01,Nairobi CBD,P004,Azithromycin 500mg,Antibiotic,1,120,120,M pesa
2751,2025-10-26,Sunday,B01,Nairobi CBD,P009,Amlodipine 5mg,Hypertension,2,30,60,
2752,2025-10-26,Sunday,B01,,P005,Vitamin C Tablets,Supplement,2,25,50,M-Pesa
2753,2025-10-26,Sunday,B01,Nairobi CBD,P003,Amoxicillin 250mg,Antibiotic,3,35,105,Cash
2754,2025-10-26,Sunday,B01,Nairobi CBD,P002,Ibuprofen 200mg,Pain Relief,2,15,30,M-Pesa
2755,2025-10-26,Sunday,B01,Nairobi CBD,P010,Antacid Tablets,Digestive,2,20,40,M-Pesa
2756,2025-10-26,Sunday,B01,Nairobi CBD,P007,Metformin 500mg,Diabetes,2,40,80,M-Pesa
2757,2025-10-26,Sunday,B01,Nairobi CBD,P001,Paracetamol 500mg,Pain Relief,3,10,30,M-Pesa
2758,2025-10-26,Sunday,B01,Nairobi CBD,P003,Amoxicillin 250mg,Antibiotic,1,35,35,M-Pesa
2759,2025-10-26,Sunday,B01,Nairobi CBD,P009,Amlodipine 5mg,Hypertension,3,30,90,Insurance
2760,2025-10-26,Sunday,B01,Nairobi CBD,P005,Vitamin C Tablets,Supplement,3,25,75,Card
2761,2025-10-26,Sunday,B01,Nairobi CBD,P009,Amlodipine 5mg,Hypertension,1,30,30,Cash
2762,2025-10-26,Sunday,B01,Nairobi CBD,P008,Insulin,Diabetes,3,450,1350,M-Pesa
2763,2025-10-26,Sunday,B01,Nairobi CBD,P006,Cough Syrup,Cold & Flu,1,90,101,Cash
2764,2025-10-26,Sunday,B01,Nairobi CBD,P002,Ibuprofen 200mg,Pain Relief,3,15,45,Card
2765,2025-10-26,Sunday,B01,Nairobi CBD,P010,Antacid Tablets,Digestive,1,20,20,Insurance
2766,2025-10-26,Sunday,B01,Nairobi CBD,P002,Ibuprofen 200mg,Pain Relief,2,15,30,Cash
2767,2025-10-26,Sunday,B01,Nairobi CBD,P001,Paracetamol 500mg,Pain Relief,3,10,30,Card
2768,2025-10-26,Sunday,B01,Nairobi CBD,P001,Paracetamol 500mg,Pain Relief,3,10,30,Cash
2769,2025-10-26,Sunday,B01,Nairobi CBD,P010,Antacid Tablets,Digestive,3,20,60,Cash
2770,2025-10-26,Sunday,B01,Nairobi CBD,P003,Amoxicillin 250mg,Antibiotic,3,35,105,Cash
2771,2025-10-26,Sunday,B01,Nairobi CBD,P001,Paracetamol 500mg,Pain Relief,2,10,20,Cash
2772,2025-10-26,Sunday,B01,Nairobi CBD,P006,Cough Syrup,Cold & Flu,3,90,270,Cash
2773,2025-10-26,Sunday,B01,Nairobi CBD,P009,Amlodipine 5mg,Hypertension,2,30,60,M-Pesa
2774,2025-10-26,Sunday,B01,Nairobi CBD,P001,Paracetamol 500mg,Pain Relief,2,10,20,M-Pesa
2775,2025-10-26,Sunday,B01,Nairobi CBD,P002,Ibuprofen 200mg,Pain Relief,2,15,30,M-Pesa
2776,2025-10-26,Sunday,B02,Embakasi,P010,Antacid Tablets,Digestive,1,20,20,Cash
2777,2025-10-26,Sunday,B02,Embakasi,P009,Amlodipine 5mg,Hypertension,1,30,30,Cash
2778,2025-10-26,Sunday,B02,Embakasi,P001,Paracetmol,Pain Relief,3,10,30,Cash
2779,2025-10-26,Sunday,B02,Embakasi,P009,Amlodipine 5mg,Hypertension,1,30,30,Cash
2780,2025-10-26,Sunday,B02,Embakasi,P002,Ibuprofen 200mg,Pain Relief,1,15,15,Card
2781,2025-10-26,Sunday,B02,Embakasi,P007,Metformin 500mg,Diabetes,3,40,120,M-Pesa
2782,2025-10-26,Sunday,B02,Embakasi,P009,Amlodipine 5mg,Hypertension,3,30,90,M-Pesa
2783,2025-10-26,Sunday,B02,Embakasi,P010,Antacid Tablets,Digestive,3,20,60, M-Pesa
2784,2025-10-26,Sunday,B02,Embakasi,P010,Antacid Tablets,Digestive,1,20,20,M-Pesa
2785,2025-10-26,Sunday,B02,Embakasi,P008,Insulin,Diabetes,1,450,450,Card
2786,2025-10-26,Sunday,B02,Embakasi,P004,Azithromycin 500mg,Antibiotic,3,120,360,M-Pesa
2787,2025-10-26,Sunday,B02,Embakasi,P006,Cough Syrup,Cold & Flu,2,90,180,Cash
2788,2025-10-26,Sunday,B02,Embakasi,P005,Vitamin C Tablets,Supplement,3,25,75,M-Pesa
2789,2025-10-26,Sunday,B02,Embakasi,P010,Antacid Tablets,Digestive,2,20,40,M-Pesa
2790,2025-10-26,Sunday,B02,,P003,,Antibiotic,2,35,70,M-Pesa
2791,2025-10-26,Sunday,B02,embakasi,P001,Paracetamol 500mg,Pain Relief,3,10,30,Cash
2792,2025-10-26,Sunday,B02,,P001,Paracetamol 500mg,Pain Relief,3,10,30,M-Pesa
2793,2025-10-26,Sunday,B02,Embakasi,P005,Vitamin C Tablets,Supplement,3,25,75,M-Pesa
2794,2025-10-26,Sunday,B02,,P007,Metformin 500mg,Diabetes,1,40,40,M-Pesa
2795,2025-10-26,Sunday,B02,,P007,Metformin 500mg,Diabetes,2,40,80,
2796,2025-10-26,Sunday,B02,Embakasi,P002,Ibuprofen 200mg,Pain Relief,1,15,15,M pesa
2797,2025-10-26,Sunday,B02,,P006,Cough Syrup,Cold & Flu,1,90,90,Card
2798,2025-10-26,Sunday,B02,Embakasi,P007,Metformin 500mg,Diabetes,3,40,120,M-Pesa
2799,2025-10-26,Sunday,B02,embakasi,P001,Paracetamol 500mg,Pain Relief,1,10,10,M-Pesa
2800,2025-10-26,Sunday,B02,Embakasi,P002,Ibuprofen 200mg,Pain Relief,3,15,45,Cash
2801,2025-10-26,Sunday,B02,Embakasi,P004,Azithromycin 500mg,Antibiotic,2,120,240,M-Pesa
2802,2025-10-26,Sunday,B02,Embakasi,P001,,Pain Relief,3,10,30,M pesa
2803,2025-10-26,Sunday,B02,Embakasi,P002,Ibuprofen 200mg,Pain Relief,1,15,15,M-Pesa
2804,2025-10-26,Sunday,B02,Embakasi,P001,Paracetamol 500mg,Pain Relief,1,10,10,M-Pesa
2805,2025-10-26,Sunday,B02,Embakasi,P006,Cough Syrup,Cold & Flu,3,90,270,M-Pesa
2806,2025-10-26,Sunday,B02,Embakasi,P005,Vitamin C Tablets,Supplement,3,25,75,Cash
2807,2025-10-27,Monday,B01,Nairobi CBD,P009,Amlodipine 5mg,Hypertension,2,30,60,M-Pesa
2808,2025-10-27,Monday,B01,,P004,Azithromycin 500mg,Antibiotic,2,120,240,M-Pesa
2809,2025-10-27,Monday,B01,Nairobi CBD,P001,Paracetamol 500mg,Pain Relief,3,10,30,M-Pesa
2810,2025-10-27,Monday,B01,Nairobi CBD,P006,Cough Syrup,Cold & Flu,2,90,180,M-Pesa
2811,2025-10-27,Monday,B01,Nairobi CBD,P008,Insulin,Diabetes,1,450,461,Cash
2812,2025-10-27,Monday,B01,Nairobi CBD,P006,Cough Syrup,Cold & Flu,3,90,270,Card
2813,2025-10-27,Monday,B01,Nairobi CBD,P009,Amlodipine 5mg,Hypertension,1,30,30,Cash
2814,2025-10-27,Monday,B01,Nairobi CBD,P006,Cough Syrup,Cold & Flu,1,90,90,Cash
2815,2025-10-27,Monday,B01,Nairobi CBD,P003,Amoxicillin 250mg,Antibiotic,2,35,70,M-Pesa
2816,2025-10-27,Monday,B01,Nairobi CBD,P001,Paracetamol 500mg,Pain Relief,3,10,30,M pesa
2817,2025-10-27,Monday,B01,,P006,Cough Syrup,Cold & Flu,3,90,270,Cash
2818,2025-10-27,Monday,B01,Nairobi CBD,P005,Vitamin C Tablets,Supplement,2,25,50,Card
2819,2025-10-27,Monday,B01,Nairobi CBD,P004,Azithromycin 500mg,Antibiotic,1,120,120,Cash
2820,2025-10-27,Monday,B01,Nairobi CBD,P007,Metformin 500mg,Diabetes,1,40,40,M-Pesa
2821,2025-10-27,Monday,B01,Nairobi CBD,P001,Paracetamol 500mg,Pain Relief,1,10,10,M-Pesa
2822,2025-10-27,Monday,B01,Nairobi CBD,P003,Amoxicillin 250mg,Antibiotic,1,35,35,Cash
2823,2025-10-27,Monday,B01,Nairobi CBD,P002,Ibuprofen 200mg,Pain Relief,3,15,45,Cash
2824,2025-10-27,Monday,B01,Nairobi CBD,P007,Metformin 500mg,Diabetes,3,40,120,Card
2825,2025-10-27,Monday,B01,Nairobi CBD,P004,Azithromycin 500mg,Antibiotic,2,120,240,M-Pesa
2826,2025-10-27,Monday,B01,Nairobi CBD,P003,Amoxicillin 250mg,Antibiotic,2,35,70,M-Pesa
2827,2025-10-27,Monday,B01,Nairobi CBD,P010,Antacid Tablets,Digestive,3,20,60,Cash
2828,2025-10-27,Monday,B01,Nairobi CBD,P001,Paracetamol 500mg,Pain Relief,3,10,30,M-Pesa
2829,2025-10-27,Monday,B01,Nairobi CBD,P002,Ibuprofen 200mg,Pain Relief,1,15,15,M-Pesa
2830,2025-10-27,Monday,B01,Nairobi CBD,P003,Amoxicillin 250mg,Antibiotic,1,35,35,Cash
2831,2025-10-27,Monday,B01,Nairobi CBD,P004,Azithromycin 500mg,Antibiotic,2,120,240,M-Pesa
2832,2025-10-27,Monday,B01,Nairobi CBD,P010,,Digestive,3,20,60,M-Pesa
2833,2025-10-27,Monday,B01,Nairobi CBD,P006,Cough Syrup,Cold & Flu,2,90,180,M-Pesa
2834,2025-10-27,Monday,B01,Nairobi CBD,P007,Metformin 500mg,Diabetes,3,40,120,Cash
2835,2025-10-27,Monday,B01,Nairobi CBD,P003,Amoxicillin 250mg,Antibiotic,1,35,35,M-Pesa
2836,2025-10-27,Monday,B01,Nairobi CBD,P010,Antacid Tablets,Digestive,2,20,40,Card
2837,2025-10-27,Monday,B01,Nairobi CBD,P001,Paracetmol,Pain Relief,2,10,20,Card
2838,2025-10-27,Monday,B01,Nairobi CBD,P007,Metformin 500mg,Diabetes,3,40,120,Cash
2839,2025-10-27,Monday,B01,Nairobi CBD,P008,Insulin,Diabetes,1,450,450,M-Pesa
2840,2025-10-27,Monday,B01,Nairobi CBD,P006,,Cold & Flu,2,90,180,M-Pesa
2841,2025-10-27,Monday,B01,Nairobi CBD,P008,Insulin,Diabetes,1,450,450,M-Pesa
2842,2025-10-27,Monday,B02,Embakasi,P004,Azithromycin 500mg,Antibiotic,1,120,120,Insurance
2843,2025-10-27,Monday,B02,Embakasi,P009,Amlodipine 5mg,Hypertension,3,30,90,Cash
2844,2025-10-27,Monday,B02,Embakasi,P010,Antacid Tablets,Digestive,2,20,40,M-Pesa
2845,2025-10-27,Monday,B02,Embakasi,P004,Azithromycin 500mg,Antibiotic,2,120,240,M-Pesa
2846,2025-10-27,Monday,B02,Embakasi,P010,Antacid Tablets,Digestive,1,20,20,Insurance
2847,2025-10-27,Monday,B02,Embakasi,P005,Vitamin C Tablets,Supplement,1,25,25,Cash
2848,2025-10-27,Monday,B02,embakasi,P007,Metformin 500mg,Diabetes,2,40,80,Cash
2849,2025-10-27,Monday,B02,embakasi,P008,Insulin,Diabetes,3,450,1350,M-Pesa
2850,2025-10-27,Monday,B02,embakasi,P008,,Diabetes,1,450,450,M-Pesa
2851,2025-10-27,Monday,B02,Embakasi,P001,Paracetamol 500mg,Pain Relief,1,10,10,M pesa
2852,2025-10-27,Monday,B02,Embakasi,P005,Vitamin C Tablets,Supplement,1,25,25,M-Pesa
2853,2025-10-27,Monday,B02,Embakasi,P001,Paracetamol 500mg,Pain Relief,2,10,20,Cash
2854,2025-10-27,Monday,B02,Embakasi,P009,Amlodipine 5mg,Hypertension,2,30,60,M-Pesa
2855,2025-10-27,Monday,B02,Embakasi,P009,Amlodipine 5mg,Hypertension,2,30,60,Insurance
2856,2025-10-27,Monday,B02,Embakasi,P002,Ibuprofen 200mg,Pain Relief,2,15,30,M-Pesa
2857,2025-10-27,Monday,B02,Embakasi,P009,Amlodipine 5mg,Hypertension,3,30,90,M-Pesa
2858,2025-10-27,Monday,B02,Embakasi,P006,Cough Syrup,Cold & Flu,3,90,270,Cash
2859,2025-10-27,Monday,B02,Embakasi,P008,Insulin,Diabetes,2,450,900,M-Pesa
2860,2025-10-27,Monday,B02,Embakasi,P007,Metformin 500mg,Diabetes,3,40,120,M-Pesa
2861,2025-10-27,Monday,B02,Embakasi,P004,Azithromycin 500mg,Antibiotic,1,120,120,M-Pesa
2862,2025-10-27,Monday,B02,Embakasi,P008,Insulin,Diabetes,1,450,450,Insurance
2863,2025-10-27,Monday,B02,Embakasi,P007,Metformin 500mg,Diabetes,1,40,40,
2864,2025-10-27,Monday,B02,Embakasi,P003,Amoxicillin 250mg,Antibiotic,2,35,70,M-Pesa
2865,2025-10-27,Monday,B02,Embakasi,P002,Ibuprofen 200mg,Pain Relief,1,15,15,M-Pesa
2866,2025-10-27,Monday,B02,embakasi,P002,Ibuprofen 200mg,Pain Relief,3,15,45,Card
2867,2025-10-27,Monday,B02,,P005,Vitamin C Tablets,Supplement,2,25,50,M-Pesa
2868,2025-10-27,Monday,B02,Embakasi,P008,Insulin,Diabetes,3,450,1350,Cash
2869,2025-10-27,Monday,B02,Embakasi,P001,Paracetamol 500mg,Pain Relief,1,10,10,M-Pesa
2870,2025-10-27,Monday,B02,Embakasi,P003,Amoxicillin 250mg,Antibiotic,1,35,35,Cash
2871,2025-10-27,Monday,B02,Embakasi,P009,Amlodipine 5mg,Hypertension,1,30,30,Insurance
2872,2025-10-27,Monday,B02,Embakasi,P004,Azithromycin 500mg,Antibiotic,2,120,240,Card
2873,2025-10-27,Monday,B02,,P008,Insulin,Diabetes,3,450,1350,Cash
2874,2025-10-27,Monday,B02,Embakasi,P001,Paracetamol 500mg,Pain Relief,2,10,31,Cash
2875,2025-10-27,Monday,B02,Embakasi,P009,Amlodipine 5mg,Hypertension,2,30,60,M-Pesa
2876,2025-10-27,Monday,B02,Embakasi,P002,Ibuprofen 200mg,Pain Relief,1,15,15,Card
2877,2025-10-28,Tuesday,B01,Nairobi CBD,P003,Amoxicillin 250mg,Antibiotic,2,35,70,Cash
2878,2025-10-28,Tuesday,B01,Nairobi CBD,P008,Insulin,Diabetes,1,450,450,M-Pesa
2879,2025-10-28,Tuesday,B01,Nairobi CBD,P005,Vitamin C Tablets,Supplement,2,25,50,M-Pesa
2880,2025-10-28,Tuesday,B01,Nairobi CBD,P010,Antacid Tablets,Digestive,1,20,20,
2881,2025-10-28,Tuesday,B01,Nairobi CBD,P009,Amlodipine 5mg,Hypertension,1,30,30,Card
2882,2025-10-28,Tuesday,B01,Nairobi CBD,P005,Vitamin C Tablets,Supplement,1,25,25,M-Pesa
2883,2025-10-28,Tuesday,B01,Nairobi CBD,P009,Amlodipine 5mg,Hypertension,1,30,30,Card
2884,2025-10-28,Tuesday,B01,Nairobi CBD,P001,,Pain Relief,2,10,20,Cash
2885,2025-10-28,Tuesday,B01,Nairobi CBD,P006,Cough Syrup,Cold & Flu,1,90,90,M-Pesa
2886,2025-10-28,Tuesday,B01,Nairobi CBD,P002,Ibuprofen 200mg,Pain Relief,1,15,15,M-Pesa
2887,2025-10-28,Tuesday,B01,Nairobi CBD,P002,Ibuprofen 200mg,Pain Relief,2,15,30,Cash
2888,2025-10-28,Tuesday,B01,Nairobi CBD,P001,Paracetamol 500mg,Pain Relief,2,10,20,M pesa
2889,2025-10-28,Tuesday,B01,Nairobi CBD,P010,Antacid Tablets,Digestive,3,20,60,M-Pesa
2890,2025-10-28,Tuesday,B01,Nairobi CBD,P005,Vitamin C Tablets,Supplement,2,25,50,M-Pesa
2891,2025-10-28,Tuesday,B01,Nairobi CBD,P008,Insulin,Diabetes,2,450,900,M-Pesa
2892,2025-10-28,Tuesday,B01,Nairobi CBD,P009,Amlodipine 5mg,Hypertension,3,30,90,Insurance
2893,2025-10-28,Tuesday,B01,Nairobi CBD,P008,Insulin,Diabetes,2,450,900,Card
2894,2025-10-28,Tuesday,B01,Nairobi CBD,P010,Antacid Tablets,Digestive,2,20,40,M-Pesa
2895,2025-10-28,Tuesday,B01,Nairobi CBD,P005,Vitamin C Tablets,Supplement,2,25,50,M-Pesa
2896,2025-10-28,Tuesday,B01,Nairobi CBD,P003,Amoxicillin 250mg,Antibiotic,2,35,70,M-Pesa
2897,2025-10-28,Tuesday,B01,Nairobi CBD,P008,Insulin,Diabetes,3,450,1350,M-Pesa
2898,2025-10-28,Tuesday,B01,Nairobi CBD,P004,Azithromycin 500mg,Antibiotic,2,120,240,M-Pesa
2899,2025-10-28,Tuesday,B01,Nairobi CBD,P001,Paracetamol 500mg,Pain Relief,2,10,20,
2900,2025-10-28,Tuesday,B01,Nairobi CBD,P001,Paracetamol 500mg,Pain Relief,3,10,30,
2901,2025-10-28,Tuesday,B01,Nairobi CBD,P006,Cough Syrup,Cold & Flu,1,90,90,Cash
2902,2025-10-28,Tuesday,B01,Nairobi CBD,P004,,Antibiotic,3,120,360,
2903,2025-10-28,Tuesday,B01,Nairobi CBD,P002,Ibuprofen 200mg,Pain Relief,1,15,15,M-Pesa
2904,2025-10-28,Tuesday,B01,Nairobi CBD,P008,Insulin,Diabetes,3,450,1350,Cash
2905,2025-10-28,Tuesday,B01,Nairobi CBD,P004,Azithromycin 500mg,Antibiotic,3,120,360,Card
2906,2025-10-28,Tuesday,B01,,P003,Amoxicillin 250mg,Antibiotic,2,35,70,
2907,2025-10-28,Tuesday,B01,Nairobi CBD,P009,Amlodipine 5mg,Hypertension,1,30,30,M-Pesa
2908,2025-10-28,Tuesday,B01,Nairobi CBD,P007,,Diabetes,2,40,80,M-Pesa
2909,2025-10-28,Tuesday,B01,Nairobi CBD,P006,Cough Syrup,Cold & Flu,1,90,90,M-Pesa
2910,2025-10-28,Tuesday,B01,Nairobi CBD,P010,Antacid Tablets,Digestive,3,20,60,M-Pesa
2911,2025-10-28,Tuesday,B01,Nairobi CBD,P003,Amoxicillin 250mg,Antibiotic,3,35,105,Card
2912,2025-10-28,Tuesday,B01,Nairobi CBD,P008,Insulin,Diabetes,1,450,450,
2913,2025-10-28,Tuesday,B02,embakasi,P001,Paracetamol 500mg,Pain Relief,2,10,20,M-Pesa
2914,2025-10-28,Tuesday,B02,Embakasi,P008,Insulin,Diabetes,2,450,900,M-Pesa
2915,2025-10-28,Tuesday,B02,Embakasi,P002,Ibuprofen 200mg,Pain Relief,2,15,30,M-Pesa
2916,2025-10-28,Tuesday,B02,Embakasi,P004,Azithromycin 500mg,Antibiotic,3,120,360,Card
2917,2025-10-28,Tuesday,B02,embakasi,P004,Azithromycin 500mg,Antibiotic,3,120,360,M-Pesa
2918,2025-10-28,Tuesday,B02,Embakasi,P009,Amlodipine 5mg,Hypertension,3,30,90,M-Pesa
2919,2025-10-28,Tuesday,B02,Embakasi,P003,Amoxicillin 250mg,Antibiotic,3,35,105,Card
2920,2025-10-28,Tuesday,B02,Embakasi,P002,Ibuprofen 200mg,Pain Relief,3,15,45,M pesa
2921,2025-10-28,Tuesday,B02,Embakasi,P001,Paracetamol 500mg,Pain Relief,2,10,20,Card
2922,2025-10-28,Tuesday,B02,Embakasi,P009,Amlodipine 5mg,Hypertension,2,30,60,M-Pesa
2923,2025-10-28,Tuesday,B02,Embakasi,P008,Insulin,Diabetes,2,450,900,M-Pesa
2924,2025-10-28,Tuesday,B02,Embakasi,P002,Ibuprofen 200mg,Pain Relief,2,15,30,Cash
2925,2025-10-28,Tuesday,B02,Embakasi,P008,Insulin,Diabetes,3,450,1350,M-Pesa
2926,2025-10-28,Tuesday,B02,Embakasi,P010,Antacid Tablets,Digestive,3,20,60,Card
2927,2025-10-28,Tuesday,B02,Embakasi,P005,Vitamin C Tablets,Supplement,3,25,75,M pesa
2928,2025-10-28,Tuesday,B02,Embakasi,P008,Insulin,Diabetes,1,450,450,M-Pesa
2929,2025-10-28,Tuesday,B02,Embakasi,P009,Amlodipine 5mg,Hypertension,2,30,60,M-Pesa
2930,2025-10-28,Tuesday,B02,Embakasi,P009,Amlodipine 5mg,Hypertension,2,30,60,M-Pesa
2931,2025-10-28,Tuesday,B02,Embakasi,P001,Paracetamol 500mg,Pain Relief,3,10,30,Cash
2932,2025-10-28,Tuesday,B02,Embakasi,P010,Antacid Tablets,Digestive,2,20,40,M-Pesa
2933,2025-10-28,Tuesday,B02,Embakasi,P003,Amoxicillin 250mg,Antibiotic,2,35,70,Card
2934,2025-10-28,Tuesday,B02,Embakasi,P009,Amlodipine 5mg,Hypertension,3,30,90,M-Pesa
2935,2025-10-28,Tuesday,B02,Embakasi,P004,Azithromycin 500mg,Antibiotic,1,120,120,Cash
2936,2025-10-28,Tuesday,B02,Embakasi,P001,Paracetamol 500mg,Pain Relief,1,10,10,Cash
2937,2025-10-28,Tuesday,B02,Embakasi,P008,Insulin,Diabetes,1,450,450,M-Pesa
2938,2025-10-28,Tuesday,B02,Embakasi,P007,Metformin 500mg,Diabetes,3,40,120,Cash
2939,2025-10-28,Tuesday,B02,Embakasi,P004,Azithromycin 500mg,Antibiotic,2,120,240,M pesa
2940,2025-10-28,Tuesday,B02,Embakasi,P001,Paracetamol 500mg,Pain Relief,3,10,30,Card
2941,2025-10-28,Tuesday,B02,Embakasi,P001,Paracetamol 500mg,Pain Relief,3,10,30,Cash
2942,2025-10-28,Tuesday,B02,Embakasi,P008,Insulin,Diabetes,2,450,900,Cash
2943,2025-10-28,Tuesday,B02,Embakasi,P005,Vitamin C Tablets,Supplement,1,25,25,M-Pesa
2944,2025-10-29,Wednesday,B01,Nairobi CBD,P002,Ibuprofen 200mg,Pain Relief,3,15,45,Cash
2945,2025-10-29,Wednesday,B01,Nairobi CBD,P001,Paracetamol 500mg,Pain Relief,1,10,10,M-Pesa
2946,2025-10-29,Wednesday,B01,Nairobi CBD,P006,Cough Syrup,Cold & Flu,3,90,270,M-Pesa
2947,2025-10-29,Wednesday,B01,Nairobi CBD,P001,Paracetamol 500mg,Pain Relief,3,10,30,M-Pesa
2948,2025-10-29,Wednesday,B01,Nairobi CBD,P007,Metformin 500mg,Diabetes,2,40,80,Cash
2949,2025-10-29,Wednesday,B01,Nairobi CBD,P005,Vitamin C Tablets,Supplement,2,25,50,M-Pesa
2950,2025-10-29,Wednesday,B01,Nairobi CBD,P002,,Pain Relief,2,15,30,M-Pesa
2951,2025-10-29,Wednesday,B01,Nairobi CBD,P010,Antacid Tablets,Digestive,3,20,60,
2952,2025-10-29,Wednesday,B01,Nairobi CBD,P005,Vitamin C Tablets,Supplement,2,25,50,
2953,2025-10-29,Wednesday,B01,Nairobi CBD,P004,Azithromycin 500mg,Antibiotic,1,120,120,M-Pesa
2954,2025-10-29,Wednesday,B01,Nairobi CBD,P001,Paracetamol 500mg,Pain Relief,1,10,10,Cash
2955,2025-10-29,Wednesday,B01,Nairobi CBD,P009,Amlodipine 5mg,Hypertension,3,30,90,Cash
2956,2025-10-29,Wednesday,B01,Nairobi CBD,P002,Ibuprofen 200mg,Pain Relief,3,15,45,Insurance
2957,2025-10-29,Wednesday,B01,Nairobi CBD,P004,Azithromycin 500mg,Antibiotic,2,120,240,M-Pesa
2958,2025-10-29,Wednesday,B01,Nairobi CBD,P007,Metformin 500mg,Diabetes,3,40,120,M-Pesa
2959,2025-10-29,Wednesday,B01,Nairobi CBD,P006,Cough Syrup,Cold & Flu,3,90,270,Cash
2960,2025-10-29,Wednesday,B01,Nairobi CBD,P005,Vitamin C Tablets,Supplement,1,25,25,M-Pesa
2961,2025-10-29,Wednesday,B01,Nairobi CBD,P010,Antacid Tablets,Digestive,1,20,20,M-Pesa
2962,2025-10-29,Wednesday,B01,Nairobi CBD,P002,Ibuprofen 200mg,Pain Relief,2,15,30,Cash
2963,2025-10-29,Wednesday,B01,Nairobi CBD,P008,Insulin,Diabetes,3,450,1350,Cash
2964,2025-10-29,Wednesday,B01,Nairobi CBD,P001,Paracetamol 500mg,Pain Relief,3,10,30,Insurance
2965,2025-10-29,Wednesday,B01,Nairobi CBD,P008,Insulin,Diabetes,1,450,450,Card
2966,2025-10-29,Wednesday,B01,,P009,,Hypertension,3,30,90,Cash
2967,2025-10-29,Wednesday,B01,Nairobi CBD,P003,Amoxicillin 250mg,Antibiotic,1,35,35,M-Pesa
2968,2025-10-29,Wednesday,B01,Nairobi CBD,P007,Metformin 500mg,Diabetes,2,40,80,Cash
2969,2025-10-29,Wednesday,B01,Nairobi CBD,P005,Vitamin C Tablets,Supplement,1,25,25,M-Pesa
2970,2025-10-29,Wednesday,B01,Nairobi CBD,P003,Amoxicillin 250mg,Antibiotic,3,35,105,M-Pesa
2971,2025-10-29,Wednesday,B01,Nairobi CBD,P006,Cough Syrup,Cold & Flu,2,90,180,Cash
2972,2025-10-29,Wednesday,B01,Nairobi CBD,P007,Metformin 500mg,Diabetes,1,40,40,Cash
2973,2025-10-29,Wednesday,B01,Nairobi CBD,P007,Metformin 500mg,Diabetes,1,40,40,M-Pesa
2974,2025-10-29,Wednesday,B01,Nairobi CBD,P005,Vitamin C Tablets,Supplement,2,25,50,M-Pesa
2975,2025-10-29,Wednesday,B01,Nairobi CBD,P007,Metformin 500mg,Diabetes,2,40,80,M-Pesa
2976,2025-10-29,Wednesday,B01,Nairobi CBD,P001,Paracetamol 500mg,Pain Relief,1,10,10,M-Pesa
2977,2025-10-29,Wednesday,B01,Nairobi CBD,P002,Ibuprofen 200mg,Pain Relief,3,15,45,M-Pesa
2978,2025-10-29,Wednesday,B01,Nairobi CBD,P006,Cough Syrup,Cold & Flu,1,90,90,M-Pesa
2979,2025-10-29,Wednesday,B01,Nairobi CBD,P006,Cough Syrup,Cold & Flu,2,90,180,Cash
2980,2025-10-29,Wednesday,B01,Nairobi CBD,P009,,Hypertension,1,30,30,Insurance
2981,2025-10-29,Wednesday,B01,Nairobi CBD,P008,Insulin,Diabetes,2,450,900,M-Pesa
2982,2025-10-29,Wednesday,B01,Nairobi CBD,P009,Amlodipine 5mg,Hypertension,2,30,60,Cash
2983,2025-10-29,Wednesday,B02,Embakasi,P004,Azithromycin 500mg,Antibiotic,2,120,240,M-Pesa
2984,2025-10-29,Wednesday,B02,Embakasi,P006,Cough Syrup,Cold & Flu,3,90,270,M-Pesa
2985,2025-10-29,Wednesday,B02,Embakasi,P009,Amlodipine 5mg,Hypertension,2,30,60,M-Pesa
2986,2025-10-29,Wednesday,B02,Embakasi,P006,Cough Syrup,Cold & Flu,3,90,270,M-Pesa
2987,2025-10-29,Wednesday,B02,Embakasi,P003,Amoxicillin 250mg,Antibiotic,3,35,105,Card
2988,2025-10-29,Wednesday,B02,,P004,Azithromycin 500mg,Antibiotic,2,120,240,M-Pesa
2989,2025-10-29,Wednesday,B02,Embakasi,P006,Cough Syrup,Cold & Flu,2,90,180,M-Pesa
2990,2025-10-29,Wednesday,B02,Embakasi,P003,Amoxicillin 250mg,Antibiotic,1,35,35,Card
2991,2025-10-29,Wednesday,B02,Embakasi,P006,Cough Syrup,Cold & Flu,3,90,270,M-Pesa
2992,2025-10-29,Wednesday,B02,Embakasi,P009,Amlodipine 5mg,Hypertension,1,30,30,Card
2993,2025-10-29,Wednesday,B02,Embakasi,P006,Cough Syrup,Cold & Flu,2,90,180,M-Pesa
2994,2025-10-29,Wednesday,B02,Embakasi,P005,Vitamin C Tablets,Supplement,1,25,25,M pesa
2995,2025-10-29,Wednesday,B02,Embakasi,P010,Antacid Tablets,Digestive,3,20,60,M-Pesa
2996,2025-10-29,Wednesday,B02,Embakasi,P003,Amoxicillin 250mg,Antibiotic,1,35,35,Cash
2997,2025-10-29,Wednesday,B02,,P008,Insulin,Diabetes,3,450,1350,M-Pesa
2998,2025-10-29,Wednesday,B02,Embakasi,P003,,Antibiotic,2,35,70,M-Pesa
2999,2025-10-29,Wednesday,B02,Embakasi,P008,Insulin,Diabetes,2,450,900,M-Pesa
3000,2025-10-29,Wednesday,B02,Embakasi,P009,Amlodipine 5mg,Hypertension,3,30,90,Cash
3001,2025-10-29,Wednesday,B02,Embakasi,P004,Azithromycin 500mg,Antibiotic,2,120,240,M-Pesa
3002,2025-10-29,Wednesday,B02,Embakasi,P001,Paracetamol 500mg,Pain Relief,2,10,20,
3003,2025-10-29,Wednesday,B02,embakasi,P010,Antacid Tablets,Digestive,2,20,40,M-Pesa
3004,2025-10-29,Wednesday,B02,Embakasi,P009,Amlodipine 5mg,Hypertension,2,30,60,M-Pesa
3005,2025-10-29,Wednesday,B02,Embakasi,P003,Amoxicillin 250mg,Antibiotic,3,35,105,Card
3006,2025-10-29,Wednesday,B02,Embakasi,P008,Insulin,Diabetes,1,450,450,Insurance
3007,2025-10-29,Wednesday,B02,Embakasi,P003,Amoxicillin 250mg,Antibiotic,1,35,35,M-Pesa
3008,2025-10-29,Wednesday,B02,,P007,Metformin 500mg,Diabetes,2,40,80,M-Pesa
3009,2025-10-29,Wednesday,B02,Embakasi,P009,,Hypertension,1,30,30,
3010,2025-10-29,Wednesday,B02,Embakasi,P003,Amoxicillin 250mg,Antibiotic,1,35,35,M-Pesa
3011,2025-10-29,Wednesday,B02,Embakasi,P006,Cough Syrup,Cold & Flu,2,90,180,Card
3012,2025-10-29,Wednesday,B02,Embakasi,P004,Azithromycin 500mg,Antibiotic,2,120,240,Card
3013,2025-10-29,Wednesday,B02,Embakasi,P004,Azithromycin 500mg,Antibiotic,1,120,120,M pesa
3014,2025-10-30,Thursday,B01,Nairobi CBD,P001,Paracetamol 500mg,Pain Relief,3,10,30,M-Pesa
3015,2025-10-30,Thursday,B01,Nairobi CBD,P010,Antacid Tablets,Digestive,1,20,20,M-Pesa
3016,2025-10-30,Thursday,B01,Nairobi CBD,P004,Azithromycin 500mg,Antibiotic,2,120,240,M-Pesa
3017,2025-10-30,Thursday,B01,Nairobi CBD,P005,Vitamin C Tablets,Supplement,3,25,75,M pesa
3018,2025-10-30,Thursday,B01,Nairobi CBD,P004,Azithromycin 500mg,Antibiotic,2,120,240,M-Pesa
3019,2025-10-30,Thursday,B01,Nairobi CBD,P002,Ibuprofen 200mg,Pain Relief,1,15,26,Cash
3020,2025-10-30,Thursday,B01,Nairobi CBD,P007,Metformin 500mg,Diabetes,3,40,120,Cash
3021,2025-10-30,Thursday,B01,Nairobi CBD,P007,Metformin 500mg,Diabetes,1,40,40,
3022,2025-10-30,Thursday,B01,Nairobi CBD,P010,Antacid Tablets,Digestive,1,20,20,M-Pesa
3023,2025-10-30,Thursday,B01,Nairobi CBD,P007,Metformin 500mg,Diabetes,2,40,80,M-Pesa
3024,2025-10-30,Thursday,B01,Nairobi CBD,P001,Paracetamol 500mg,Pain Relief,3,10,30,M-Pesa
3025,2025-10-30,Thursday,B01,Nairobi CBD,P005,Vitamin C Tablets,Supplement,1,25,25,M-Pesa
3026,2025-10-30,Thursday,B01,Nairobi CBD,P002,Ibuprofen 200mg,Pain Relief,1,15,15,M-Pesa
3027,2025-10-30,Thursday,B01,Nairobi CBD,P010,Antacid Tablets,Digestive,3,20,60,Cash
3028,2025-10-30,Thursday,B01,Nairobi CBD,P002,Ibuprofen 200mg,Pain Relief,1,15,15,M-Pesa
3029,2025-10-30,Thursday,B01,Nairobi CBD,P004,Azithromycin 500mg,Antibiotic,1,120,120,M-Pesa
3030,2025-10-30,Thursday,B01,Nairobi CBD,P001,Paracetamol 500mg,Pain Relief,3,10,30,M pesa
3031,2025-10-30,Thursday,B01,Nairobi CBD,P010,Antacid Tablets,Digestive,3,20,60,M-Pesa
3032,2025-10-30,Thursday,B01,Nairobi CBD,P008,Insulin,Diabetes,3,450,1350,Card
3033,2025-10-30,Thursday,B01,Nairobi CBD,P006,Cough Syrup,Cold & Flu,3,90,270,M pesa
3034,2025-10-30,Thursday,B01,Nairobi CBD,P004,Azithromycin 500mg,Antibiotic,2,120,240, Cash
3035,2025-10-30,Thursday,B01,,P009,,Hypertension,3,30,90,Card
3036,2025-10-30,Thursday,B01,Nairobi CBD,P004,Azithromycin 500mg,Antibiotic,2,120,240,M-Pesa
3037,2025-10-30,Thursday,B01,Nairobi CBD,P004,Azithromycin 500mg,Antibiotic,2,120,240,Cash
3038,2025-10-30,Thursday,B01,,P008,Insulin,Diabetes,2,450,900,M-Pesa
3039,2025-10-30,Thursday,B01,Nairobi CBD,P004,Azithromycin 500mg,Antibiotic,1,120,120,Card
3040,2025-10-30,Thursday,B01,Nairobi CBD,P005,Vitamin C Tablets,Supplement,2,25,50,M pesa
3041,2025-10-30,Thursday,B01,Nairobi CBD,P002,Ibuprofen 200mg,Pain Relief,2,15,30,Card
3042,2025-10-30,Thursday,B01,Nairobi CBD,P003,Amoxicillin 250mg,Antibiotic,1,35,35,M-Pesa
3043,2025-10-30,Thursday,B01,Nairobi CBD,P007,Metformin 500mg,Diabetes,1,40,40,Insurance
3044,2025-10-30,Thursday,B01,Nairobi CBD,P010,Antacid Tablets,Digestive,1,20,20, M-Pesa
3045,2025-10-30,Thursday,B01,Nairobi CBD,P006,Cough Syrup,Cold & Flu,3,90,270,M-Pesa
3046,2025-10-30,Thursday,B01,Nairobi CBD,P002,Ibuprofen 200mg,Pain Relief,1,15,15,M-Pesa
3047,2025-10-30,Thursday,B01,Nairobi CBD,P003,Amoxicillin 250mg,Antibiotic,1,35,35,Cash
3048,2025-10-30,Thursday,B01,Nairobi CBD,P007,Metformin 500mg,Diabetes,2,40,80,M-Pesa
3049,2025-10-30,Thursday,B01,Nairobi CBD,P005,Vitamin C Tablets,Supplement,1,25,25,M-Pesa
3050,2025-10-30,Thursday,B01,,P001,,Pain Relief,3,10,30,Card
3051,2025-10-30,Thursday,B01,,P010,Antacid Tablets,Digestive,1,20,20,Card
3052,2025-10-30,Thursday,B01,Nairobi CBD,P009,Amlodipine 5mg,Hypertension,3,30,90,M-Pesa
3053,2025-10-30,Thursday,B01,Nairobi CBD,P009,Amlodipine 5mg,Hypertension,1,30,30,M-Pesa
3054,2025-10-30,Thursday,B02,Embakasi,P006,Cough Syrup,Cold & Flu,1,90,90,M-Pesa
3055,2025-10-30,Thursday,B02,Embakasi,P009,Amlodipine 5mg,Hypertension,1,30,30,M-Pesa
3056,2025-10-30,Thursday,B02,Embakasi,P005,Vitamin C Tablets,Supplement,1,25,25,Card
3057,2025-10-30,Thursday,B02,Embakasi,P005,Vitamin C Tablets,Supplement,3,25,75,M-Pesa
3058,2025-10-30,Thursday,B02,Embakasi,P009,Amlodipine 5mg,Hypertension,3,30,90,Cash
3059,2025-10-30,Thursday,B02,Embakasi,P010,Antacid Tablets,Digestive,2,20,40,M-Pesa
3060,2025-10-30,Thursday,B02,Embakasi,P010,Antacid Tablets,Digestive,3,20,71,Cash
3061,2025-10-30,Thursday,B02,Embakasi,P002,Ibuprofen 200mg,Pain Relief,1,15,15,Card
3062,2025-10-30,Thursday,B02,Embakasi,P005,Vitamin C Tablets,Supplement,2,25,50,Cash
3063,2025-10-30,Thursday,B02,Embakasi,P010,Antacid Tablets,Digestive,2,20,40,M-Pesa
3064,2025-10-30,Thursday,B02,Embakasi,P001,Paracetamol 500mg,Pain Relief,2,10,31,M-Pesa
3065,2025-10-30,Thursday,B02,Embakasi,P002,Ibuprofen 200mg,Pain Relief,1,15,15, Cash
3066,2025-10-30,Thursday,B02,Embakasi,P006,Cough Syrup,Cold & Flu,3,90,270,Card
3067,2025-10-30,Thursday,B02,,P007,Metformin 500mg,Diabetes,1,40,40,M-Pesa
3068,2025-10-30,Thursday,B02,,P004,Azithromycin 500mg,Antibiotic,2,120,240,Insurance
3069,2025-10-30,Thursday,B02,Embakasi,P007,Metformin 500mg,Diabetes,1,40,40,Cash
3070,2025-10-30,Thursday,B02,Embakasi,P005,Vitamin C Tablets,Supplement,1,25,25,M-Pesa
3071,2025-10-30,Thursday,B02,Embakasi,P008,Insulin,Diabetes,3,450,1350,M-Pesa
3072,2025-10-30,Thursday,B02,Embakasi,P009,Amlodipine 5mg,Hypertension,3,30,90,M-Pesa
3073,2025-10-30,Thursday,B02,Embakasi,P009,Amlodipine 5mg,Hypertension,2,30,60,M-Pesa
3074,2025-10-30,Thursday,B02,Embakasi,P009,Amlodipine 5mg,Hypertension,1,30,30,Cash
3075,2025-10-30,Thursday,B02,Embakasi,P002,Ibuprofen 200mg,Pain Relief,1,15,15,Cash
3076,2025-10-30,Thursday,B02,Embakasi,P006,Cough Syrup,Cold & Flu,3,90,270,Insurance
3077,2025-10-30,Thursday,B02,Embakasi,P002,Ibuprofen 200mg,Pain Relief,1,15,15,Cash
3078,2025-10-30,Thursday,B02,Embakasi,P006,Cough Syrup,Cold & Flu,1,90,90,
3079,2025-10-30,Thursday,B02,Embakasi,P004,Azithromycin 500mg,Antibiotic,1,120,120,M-Pesa
3080,2025-10-30,Thursday,B02,Embakasi,P008,Insulin,Diabetes,3,450,1350,M-Pesa
3081,2025-10-30,Thursday,B02,Embakasi,P004,Azithromycin 500mg,Antibiotic,2,120,240, Cash
3082,2025-10-30,Thursday,B02,Embakasi,P007,Metformin 500mg,Diabetes,2,40,80, M-Pesa
3083,2025-10-30,Thursday,B02,Embakasi,P005,Vitamin C Tablets,Supplement,1,25,25,Cash
3084,2025-10-30,Thursday,B02,Embakasi,P007,Metformin 500mg,Diabetes,2,40,80,M-Pesa
3085,2025-10-30,Thursday,B02,Embakasi,P003,Amoxicillin 250mg,Antibiotic,3,35,105,M-Pesa
3086,2025-10-30,Thursday,B02,Embakasi,P003,Amoxicillin 250mg,Antibiotic,3,35,105,M-Pesa
3087,2025-10-31,Friday,B01,Nairobi CBD,P004,Azithromycin 500mg,Antibiotic,2,120,240,Cash
3088,2025-10-31,Friday,B01,Nairobi CBD,P008,Insulin,Diabetes,1,450,450,M-Pesa
3089,2025-10-31,Friday,B01,Nairobi CBD,P003,Amoxicillin 250mg,Antibiotic,2,35,70,M-Pesa
3090,2025-10-31,Friday,B01,Nairobi CBD,P009,Amlodipine 5mg,Hypertension,1,30,30,M-Pesa
3091,2025-10-31,Friday,B01,Nairobi CBD,P001,Paracetamol 500mg,Pain Relief,1,10,10,
3092,2025-10-31,Friday,B01,Nairobi CBD,P004,,Antibiotic,3,120,360,M-Pesa
3093,2025-10-31,Friday,B01,,P008,,Diabetes,3,450,1350,Cash
3094,2025-10-31,Friday,B01,Nairobi CBD,P010,Antacid Tablets,Digestive,3,20,60,M-Pesa
3095,2025-10-31,Friday,B01,Nairobi CBD,P003,,Antibiotic,3,35,105,M-Pesa
3096,2025-10-31,Friday,B01,Nairobi CBD,P004,Azithromycin 500mg,Antibiotic,2,120,251,M-Pesa
3097,2025-10-31,Friday,B01,Nairobi CBD,P008,Insulin,Diabetes,3,450,1350,M-Pesa
3098,2025-10-31,Friday,B01,Nairobi CBD,P010,Antacid Tablets,Digestive,2,20,40,M-Pesa
3099,2025-10-31,Friday,B01,Nairobi CBD,P004,Azithromycin 500mg,Antibiotic,3,120,360,M-Pesa
3100,2025-10-31,Friday,B01,Nairobi CBD,P008,Insulin,Diabetes,2,450,900,M pesa
3101,2025-10-31,Friday,B01,Nairobi CBD,P009,Amlodipine 5mg,Hypertension,1,30,30,Cash
3102,2025-10-31,Friday,B01,Nairobi CBD,P009,Amlodipine 5mg,Hypertension,2,30,60,M-Pesa
3103,2025-10-31,Friday,B01,Nairobi CBD,P007,Metformin 500mg,Diabetes,2,40,80,Cash
3104,2025-10-31,Friday,B01,,P007,Metformin 500mg,Diabetes,3,40,120,M-Pesa
3105,2025-10-31,Friday,B01,Nairobi CBD,P001,Paracetamol 500mg,Pain Relief,2,10,20,M pesa
3106,2025-10-31,Friday,B01,Nairobi CBD,P004,Azithromycin 500mg,Antibiotic,1,120,120,Card
3107,2025-10-31,Friday,B01,Nairobi CBD,P001,Paracetamol 500mg,Pain Relief,1,10,10,M-Pesa
3108,2025-10-31,Friday,B01,Nairobi CBD,P004,Azithromycin 500mg,Antibiotic,3,120,360,Cash
3109,2025-10-31,Friday,B01,Nairobi CBD,P003,Amoxicillin 250mg,Antibiotic,1,35,35,M-Pesa
3110,2025-10-31,Friday,B01,Nairobi CBD,P010,Antacid Tablets,Digestive,2,20,40,Card
3111,2025-10-31,Friday,B01,Nairobi CBD,P007,Metformin 500mg,Diabetes,1,40,40,M-Pesa
3112,2025-10-31,Friday,B01,Nairobi CBD,P002,Ibuprofen 200mg,Pain Relief,3,15,45,M-Pesa
3113,2025-10-31,Friday,B01,,P001,Paracetamol 500mg,Pain Relief,2,10,20,
3114,2025-10-31,Friday,B01,Nairobi CBD,P003,Amoxicillin 250mg,Antibiotic,3,35,105,Insurance
3115,2025-10-31,Friday,B01,Nairobi CBD,P008,Insulin,Diabetes,2,450,900,M-Pesa
3116,2025-10-31,Friday,B01,Nairobi CBD,P007,Metformin 500mg,Diabetes,1,40,40,M-Pesa
3117,2025-10-31,Friday,B01,Nairobi CBD,P004,Azithromycin 500mg,Antibiotic,3,120,360,M-Pesa
3118,2025-10-31,Friday,B01,Nairobi CBD,P005,Vitamin C Tablets,Supplement,3,25,75,M-Pesa
3119,2025-10-31,Friday,B01,Nairobi CBD,P010,Antacid Tablets,Digestive,2,20,40,M-Pesa
3120,2025-10-31,Friday,B01,Nairobi CBD,P009,Amlodipine 5mg,Hypertension,3,30,90,M-Pesa
3121,2025-10-31,Friday,B01,Nairobi CBD,P003,Amoxicillin 250mg,Antibiotic,2,35,70,M-Pesa
3122,2025-10-31,Friday,B01,Nairobi CBD,P004,Azithromycin 500mg,Antibiotic,2,120,240,Insurance
3123,2025-10-31,Friday,B01,Nairobi CBD,P004,Azithromycin 500mg,Antibiotic,2,120,240,M-Pesa
3124,2025-10-31,Friday,B01,Nairobi CBD,P001,Paracetmol,Pain Relief,2,10,20,M-Pesa
3125,2025-10-31,Friday,B01,Nairobi CBD,P006,Cough Syrup,Cold & Flu,1,90,90,M-Pesa
3126,2025-10-31,Friday,B01,Nairobi CBD,P005,Vitamin C Tablets,Supplement,2,25,50,Cash
3127,2025-10-31,Friday,B02,Embakasi,P004,Azithromycin 500mg,Antibiotic,3,120,360,M-Pesa
3128,2025-10-31,Friday,B02,Embakasi,P006,Cough Syrup,Cold & Flu,1,90,90,M-Pesa
3129,2025-10-31,Friday,B02,Embakasi,P010,Antacid Tablets,Digestive,2,20,40,Card
3130,2025-10-31,Friday,B02,Embakasi,P006,Cough Syrup,Cold & Flu,1,90,90,M-Pesa
3131,2025-10-31,Friday,B02,Embakasi,P001,,Pain Relief,1,10,10,M-Pesa
3132,2025-10-31,Friday,B02,Embakasi,P001,Paracetmol,Pain Relief,3,10,30,M-Pesa
3133,2025-10-31,Friday,B02,Embakasi,P004,Azithromycin 500mg,Antibiotic,3,120,360,Cash
3134,2025-10-31,Friday,B02,Embakasi,P010,Antacid Tablets,Digestive,2,20,40,Cash
3135,2025-10-31,Friday,B02,Embakasi,P005,Vitamin C Tablets,Supplement,1,25,25,M-Pesa
3136,2025-10-31,Friday,B02,Embakasi,P005,Vitamin C Tablets,Supplement,1,25,25,M-Pesa
3137,2025-10-31,Friday,B02,Embakasi,P007,Metformin 500mg,Diabetes,1,40,40,M-Pesa
3138,2025-10-31,Friday,B02,Embakasi,P001,Paracetamol 500mg,Pain Relief,2,10,20,Insurance
3139,2025-10-31,Friday,B02,Embakasi,P001,,Pain Relief,2,10,20,M pesa
3140,2025-10-31,Friday,B02,Embakasi,P004,Azithromycin 500mg,Antibiotic,2,120,240,M-Pesa
3141,2025-10-31,Friday,B02,Embakasi,P006,Cough Syrup,Cold & Flu,2,90,180,M-Pesa
3142,2025-10-31,Friday,B02,embakasi,P009,Amlodipine 5mg,Hypertension,2,30,60,Cash
3143,2025-10-31,Friday,B02,Embakasi,P001,Paracetamol 500mg,Pain Relief,3,10,30,M-Pesa
3144,2025-10-31,Friday,B02,Embakasi,P002,Ibuprofen 200mg,Pain Relief,1,15,15,M-Pesa
3145,2025-10-31,Friday,B02,Embakasi,P006,Cough Syrup,Cold & Flu,1,90,90,M-Pesa
3146,2025-10-31,Friday,B02,Embakasi,P008,Insulin,Diabetes,1,450,450,M-Pesa
3147,2025-10-31,Friday,B02,Embakasi,P003,Amoxicillin 250mg,Antibiotic,1,35,35,Card
3148,2025-10-31,Friday,B02,Embakasi,P001,Paracetamol 500mg,Pain Relief,1,10,10,M-Pesa
3149,2025-10-31,Friday,B02,Embakasi,P006,Cough Syrup,Cold & Flu,1,90,90,
3150,2025-10-31,Friday,B02,Embakasi,P010,Antacid Tablets,Digestive,1,20,20,
3151,2025-10-31,Friday,B02,Embakasi,P003,Amoxicillin 250mg,Antibiotic,1,35,35,M-Pesa
3152,2025-10-31,Friday,B02,Embakasi,P004,Azithromycin 500mg,Antibiotic,3,120,360,Cash
3153,2025-10-31,Friday,B02,Embakasi,P006,Cough Syrup,Cold & Flu,1,90,90, Card
3154,2025-10-31,Friday,B02,Embakasi,P003,Amoxicillin 250mg,Antibiotic,3,35,105,M-Pesa
3155,2025-10-31,Friday,B02,Embakasi,P008,Insulin,Diabetes,2,450,900,M-Pesa
3156,2025-10-31,Friday,B02,Embakasi,P001,Paracetamol 500mg,Pain Relief,1,10,10,M-Pesa
3157,2025-11-01,Saturday,B01,Nairobi CBD,P005,Vitamin C Tablets,Supplement,2,25,50,M-Pesa
3158,2025-11-01,Saturday,B01,Nairobi CBD,P002,,Pain Relief,2,15,30,M-Pesa
3159,2025-11-01,Saturday,B01,Nairobi CBD,P004,Azithromycin 500mg,Antibiotic,3,120,360,M-Pesa
3160,2025-11-01,Saturday,B01,Nairobi CBD,P005,Vitamin C Tablets,Supplement,2,25,50,Cash
3161,2025-11-01,Saturday,B01,Nairobi CBD,P007,Metformin 500mg,Diabetes,2,40,80,M-Pesa
3162,2025-11-01,Saturday,B01,,P004,Azithromycin 500mg,Antibiotic,2,120,240,M-Pesa
3163,2025-11-01,Saturday,B01,Nairobi CBD,P009,Amlodipine 5mg,Hypertension,1,30,30,Cash
3164,2025-11-01,Saturday,B01,Nairobi CBD,P006,Cough Syrup,Cold & Flu,1,90,90,M-Pesa
3165,2025-11-01,Saturday,B01,Nairobi CBD,P004,Azithromycin 500mg,Antibiotic,3,120,360,M pesa
3166,2025-11-01,Saturday,B01,,P004,Azithromycin 500mg,Antibiotic,3,120,360,M-Pesa
3167,2025-11-01,Saturday,B01,Nairobi CBD,P005,Vitamin C Tablets,Supplement,1,25,25,Cash
3168,2025-11-01,Saturday,B01,Nairobi CBD,P003,Amoxicillin 250mg,Antibiotic,3,35,105,Cash
3169,2025-11-01,Saturday,B01,,P005,Vitamin C Tablets,Supplement,1,25,25,Card
3170,2025-11-01,Saturday,B01,Nairobi CBD,P005,Vitamin C Tablets,Supplement,2,25,50,M-Pesa
3171,2025-11-01,Saturday,B01,Nairobi CBD,P005,Vitamin C Tablets,Supplement,2,25,50,Card
3172,2025-11-01,Saturday,B01,Nairobi CBD,P005,,Supplement,3,25,75,
3173,2025-11-01,Saturday,B01,Nairobi CBD,P007,Metformin 500mg,Diabetes,1,40,40,M-Pesa
3174,2025-11-01,Saturday,B01,Nairobi CBD,P002,Ibuprofen 200mg,Pain Relief,1,15,15,Cash
3175,2025-11-01,Saturday,B01,Nairobi CBD,P007,Metformin 500mg,Diabetes,3,40,120,M-Pesa
3176,2025-11-01,Saturday,B01,Nairobi CBD,P002,Ibuprofen 200mg,Pain Relief,1,15,15,Cash
3177,2025-11-01,Saturday,B01,Nairobi CBD,P009,Amlodipine 5mg,Hypertension,2,30,60,M-Pesa
3178,2025-11-01,Saturday,B01,Nairobi CBD,P008,Insulin,Diabetes,3,450,1350,Insurance
3179,2025-11-01,Saturday,B01,Nairobi CBD,P009,Amlodipine 5mg,Hypertension,3,30,90,M-Pesa
3180,2025-11-01,Saturday,B01,Nairobi CBD,P008,Insulin,Diabetes,1,450,461,M-Pesa
3181,2025-11-01,Saturday,B01,Nairobi CBD,P006,Cough Syrup,Cold & Flu,3,90,270,M-Pesa
3182,2025-11-01,Saturday,B01,Nairobi CBD,P007,Metformin 500mg,Diabetes,1,40,40,M-Pesa
3183,2025-11-01,Saturday,B01,,P008,Insulin,Diabetes,1,450,450,M-Pesa
3184,2025-11-01,Saturday,B01,Nairobi CBD,P010,Antacid Tablets,Digestive,1,20,20,M-Pesa
3185,2025-11-01,Saturday,B01,Nairobi CBD,P009,Amlodipine 5mg,Hypertension,1,30,30,Cash
3186,2025-11-01,Saturday,B01,Nairobi CBD,P005,Vitamin C Tablets,Supplement,1,25,36,M-Pesa
3187,2025-11-01,Saturday,B01,Nairobi CBD,P007,Metformin 500mg,Diabetes,3,40,120,M-Pesa
3188,2025-11-01,Saturday,B01,Nairobi CBD,P002,Ibuprofen 200mg,Pain Relief,2,15,30,M-Pesa
3189,2025-11-01,Saturday,B01,Nairobi CBD,P007,Metformin 500mg,Diabetes,2,40,80,M-Pesa
3190,2025-11-01,Saturday,B01,Nairobi CBD,P002,Ibuprofen 200mg,Pain Relief,3,15,45,Insurance
3191,2025-11-01,Saturday,B01,Nairobi CBD,P007,Metformin 500mg,Diabetes,3,40,120,Cash
3192,2025-11-01,Saturday,B01,Nairobi CBD,P001,Paracetamol 500mg,Pain Relief,2,10,20,Card
3193,2025-11-01,Saturday,B01,Nairobi CBD,P002,Ibuprofen 200mg,Pain Relief,2,15,30, M-Pesa
3194,2025-11-01,Saturday,B01,Nairobi CBD,P008,Insulin,Diabetes,2,450,900,
3195,2025-11-01,Saturday,B01,Nairobi CBD,P004,Azithromycin 500mg,Antibiotic,2,120,240,Cash
3196,2025-11-01,Saturday,B01,Nairobi CBD,P010,Antacid Tablets,Digestive,2,20,40,M-Pesa
3197,2025-11-01,Saturday,B02,Embakasi,P006,Cough Syrup,Cold & Flu,3,90,270,Cash
3198,2025-11-01,Saturday,B02,Embakasi,P002,Ibuprofen 200mg,Pain Relief,1,15,15,M-Pesa
3199,2025-11-01,Saturday,B02,embakasi,P010,Antacid Tablets,Digestive,2,20,40,M-Pesa
3200,2025-11-01,Saturday,B02,Embakasi,P002,Ibuprofen 200mg,Pain Relief,2,15,30,Insurance
3201,2025-11-01,Saturday,B02,Embakasi,P001,Paracetamol 500mg,Pain Relief,2,10,20,M-Pesa
3202,2025-11-01,Saturday,B02,Embakasi,P009,Amlodipine 5mg,Hypertension,1,30,30,M-Pesa
3203,2025-11-01,Saturday,B02,Embakasi,P005,Vitamin C Tablets,Supplement,1,25,25,Card
3204,2025-11-01,Saturday,B02,Embakasi,P001,Paracetamol 500mg,Pain Relief,2,10,20,M-Pesa
3205,2025-11-01,Saturday,B02,Embakasi,P001,Paracetamol 500mg,Pain Relief,1,10,21,M-Pesa
3206,2025-11-01,Saturday,B02,Embakasi,P002,Ibuprofen 200mg,Pain Relief,1,15,15,Card
3207,2025-11-01,Saturday,B02,Embakasi,P010,Antacid Tablets,Digestive,2,20,40,Cash
3208,2025-11-01,Saturday,B02,Embakasi,P006,Cough Syrup,Cold & Flu,1,90,90,M-Pesa
3209,2025-11-01,Saturday,B02,Embakasi,P003,Amoxicillin 250mg,Antibiotic,3,35,105,M-Pesa
3210,2025-11-01,Saturday,B02,Embakasi,P005,,Supplement,3,25,75,M-Pesa
3211,2025-11-01,Saturday,B02,embakasi,P007,Metformin 500mg,Diabetes,3,40,120,M-Pesa
3212,2025-11-01,Saturday,B02,Embakasi,P002,Ibuprofen 200mg,Pain Relief,3,15,45,M-Pesa
3213,2025-11-01,Saturday,B02,Embakasi,P008,Insulin,Diabetes,2,450,911,M pesa
3214,2025-11-01,Saturday,B02,Embakasi,P002,Ibuprofen 200mg,Pain Relief,2,15,30,M-Pesa
3215,2025-11-01,Saturday,B02,Embakasi,P003,Amoxicillin 250mg,Antibiotic,2,35,70,M-Pesa
3216,2025-11-01,Saturday,B02,Embakasi,P006,Cough Syrup,Cold & Flu,3,90,270,M-Pesa
3217,2025-11-01,Saturday,B02,Embakasi,P001,Paracetamol 500mg,Pain Relief,3,10,30,Card
3218,2025-11-01,Saturday,B02,,P008,Insulin,Diabetes,1,450,450,M-Pesa
3219,2025-11-01,Saturday,B02,Embakasi,P005,,Supplement,1,25,25,M-Pesa
3220,2025-11-01,Saturday,B02,Embakasi,P003,Amoxicillin 250mg,Antibiotic,3,35,105,M-Pesa
3221,2025-11-01,Saturday,B02,Embakasi,P006,Cough Syrup,Cold & Flu,3,90,270,M-Pesa
3222,2025-11-01,Saturday,B02,Embakasi,P003,Amoxicillin 250mg,Antibiotic,3,35,105,
3223,2025-11-01,Saturday,B02,Embakasi,P005,Vitamin C Tablets,Supplement,3,25,75,M-Pesa
3224,2025-11-01,Saturday,B02,Embakasi,P007,Metformin 500mg,Diabetes,1,40,40,M-Pesa
3225,2025-11-01,Saturday,B02,Embakasi,P002,Ibuprofen 200mg,Pain Relief,3,15,45,M-Pesa
3226,2025-11-01,Saturday,B02,Embakasi,P005,Vitamin C Tablets,Supplement,1,25,25,M-Pesa
3227,2025-11-02,Sunday,B01,Nairobi CBD,P001,Paracetamol 500mg,Pain Relief,3,10,30,Cash
3228,2025-11-02,Sunday,B01,Nairobi CBD,P001,Paracetamol 500mg,Pain Relief,3,10,30,M-Pesa
3229,2025-11-02,Sunday,B01,Nairobi CBD,P010,Antacid Tablets,Digestive,3,20,60,M-Pesa
3230,2025-11-02,Sunday,B01,Nairobi CBD,P009,,Hypertension,1,30,30,M-Pesa
3231,2025-11-02,Sunday,B01,Nairobi CBD,P001,Paracetamol 500mg,Pain Relief,1,10,10,
3232,2025-11-02,Sunday,B01,Nairobi CBD,P006,Cough Syrup,Cold & Flu,2,90,180,Cash
3233,2025-11-02,Sunday,B01,Nairobi CBD,P005,Vitamin C Tablets,Supplement,3,25,75,M-Pesa
3234,2025-11-02,Sunday,B01,Nairobi CBD,P009,Amlodipine 5mg,Hypertension,2,30,60,M-Pesa
3235,2025-11-02,Sunday,B01,Nairobi CBD,P004,Azithromycin 500mg,Antibiotic,2,120,240,M-Pesa
3236,2025-11-02,Sunday,B01,Nairobi CBD,P004,Azithromycin 500mg,Antibiotic,1,120,120,M-Pesa
3237,2025-11-02,Sunday,B01,Nairobi CBD,P002,Ibuprofen 200mg,Pain Relief,1,15,15,M-Pesa
3238,2025-11-02,Sunday,B01,Nairobi CBD,P005,Vitamin C Tablets,Supplement,2,25,50,Cash
3239,2025-11-02,Sunday,B01,Nairobi CBD,P005,Vitamin C Tablets,Supplement,3,25,75,Cash
3240,2025-11-02,Sunday,B01,Nairobi CBD,P002,Ibuprofen 200mg,Pain Relief,1,15,15,M-Pesa
3241,2025-11-02,Sunday,B01,Nairobi CBD,P002,Ibuprofen 200mg,Pain Relief,3,15,45,M-Pesa
3242,2025-11-02,Sunday,B01,Nairobi CBD,P001,Paracetamol 500mg,Pain Relief,3,10,30,Card
3243,2025-11-02,Sunday,B01,Nairobi CBD,P008,Insulin,Diabetes,2,450,900,M-Pesa
3244,2025-11-02,Sunday,B01,Nairobi CBD,P005,Vitamin C Tablets,Supplement,2,25,50,M-Pesa
3245,2025-11-02,Sunday,B01,Nairobi CBD,P007,Metformin 500mg,Diabetes,2,40,80,M-Pesa
3246,2025-11-02,Sunday,B01,Nairobi CBD,P009,Amlodipine 5mg,Hypertension,2,30,60,M-Pesa
3247,2025-11-02,Sunday,B01,,P004,Azithromycin 500mg,Antibiotic,1,120,120,M-Pesa
3248,2025-11-02,Sunday,B01,Nairobi CBD,P008,Insulin,Diabetes,1,450,450,Cash
3249,2025-11-02,Sunday,B01,Nairobi CBD,P004,Azithromycin 500mg,Antibiotic,2,120,240,M-Pesa
3250,2025-11-02,Sunday,B01,Nairobi CBD,P007,Metformin 500mg,Diabetes,1,40,40,Cash
3251,2025-11-02,Sunday,B01,Nairobi CBD,P001,Paracetamol 500mg,Pain Relief,2,10,20, Cash
3252,2025-11-02,Sunday,B01,Nairobi CBD,P001,Paracetamol 500mg,Pain Relief,3,10,30,M-Pesa
3253,2025-11-02,Sunday,B01,Nairobi CBD,P006,Cough Syrup,Cold & Flu,3,90,270,M-Pesa
3254,2025-11-02,Sunday,B01,Nairobi CBD,P006,Cough Syrup,Cold & Flu,3,90,270,M-Pesa
3255,2025-11-02,Sunday,B01,Nairobi CBD,P004,Azithromycin 500mg,Antibiotic,2,120,240,Card
3256,2025-11-02,Sunday,B01,Nairobi CBD,P003,Amoxicillin 250mg,Antibiotic,3,35,105,Card
3257,2025-11-02,Sunday,B01,Nairobi CBD,P001,Paracetamol 500mg,Pain Relief,1,10,10,Cash
3258,2025-11-02,Sunday,B01,Nairobi CBD,P006,Cough Syrup,Cold & Flu,3,90,270,Cash
3259,2025-11-02,Sunday,B01,Nairobi CBD,P010,Antacid Tablets,Digestive,3,20,60,M-Pesa
3260,2025-11-02,Sunday,B01,Nairobi CBD,P002,Ibuprofen 200mg,Pain Relief,3,15,45,M-Pesa
3261,2025-11-02,Sunday,B01,Nairobi CBD,P003,Amoxicillin 250mg,Antibiotic,1,35,35,Card
3262,2025-11-02,Sunday,B01,Nairobi CBD,P008,,Diabetes,2,450,900,M-Pesa
3263,2025-11-02,Sunday,B01,Nairobi CBD,P009,Amlodipine 5mg,Hypertension,1,30,30,Card
3264,2025-11-02,Sunday,B01,Nairobi CBD,P003,Amoxicillin 250mg,Antibiotic,2,35,70,M-Pesa
3265,2025-11-02,Sunday,B02,Embakasi,P006,Cough Syrup,Cold & Flu,2,90,180,M-Pesa
3266,2025-11-02,Sunday,B02,Embakasi,P002,Ibuprofen 200mg,Pain Relief,3,15,45,M-Pesa
3267,2025-11-02,Sunday,B02,Embakasi,P004,Azithromycin 500mg,Antibiotic,2,120,240,M-Pesa
3268,2025-11-02,Sunday,B02,Embakasi,P003,Amoxicillin 250mg,Antibiotic,1,35,35,
3269,2025-11-02,Sunday,B02,Embakasi,P006,Cough Syrup,Cold & Flu,1,90,90,Card
3270,2025-11-02,Sunday,B02,Embakasi,P007,Metformin 500mg,Diabetes,2,40,80,M pesa
3271,2025-11-02,Sunday,B02,Embakasi,P009,Amlodipine 5mg,Hypertension,3,30,90,
3272,2025-11-02,Sunday,B02,Embakasi,P008,Insulin,Diabetes,3,450,1350,Cash
3273,2025-11-02,Sunday,B02,Embakasi,P010,Antacid Tablets,Digestive,1,20,20,Card
3274,2025-11-02,Sunday,B02,Embakasi,P008,Insulin,Diabetes,3,450,1350,M-Pesa
3275,2025-11-02,Sunday,B02,Embakasi,P010,Antacid Tablets,Digestive,2,20,51,Cash
3276,2025-11-02,Sunday,B02,embakasi,P010,Antacid Tablets,Digestive,2,20,40,M-Pesa
3277,2025-11-02,Sunday,B02,Embakasi,P006,Cough Syrup,Cold & Flu,1,90,90,Cash
3278,2025-11-02,Sunday,B02,Embakasi,P005,Vitamin C Tablets,Supplement,2,25,50,M-Pesa
3279,2025-11-02,Sunday,B02,Embakasi,P010,Antacid Tablets,Digestive,1,20,20,M-Pesa
3280,2025-11-02,Sunday,B02,Embakasi,P007,Metformin 500mg,Diabetes,2,40,80,M-Pesa
3281,2025-11-02,Sunday,B02,Embakasi,P005,Vitamin C Tablets,Supplement,1,25,25,Cash
3282,2025-11-02,Sunday,B02,Embakasi,P004,Azithromycin 500mg,Antibiotic,3,120,360,M-Pesa
3283,2025-11-02,Sunday,B02,Embakasi,P008,Insulin,Diabetes,2,450,911,M-Pesa
3284,2025-11-02,Sunday,B02,Embakasi,P003,Amoxicillin 250mg,Antibiotic,2,35,70,Card
3285,2025-11-02,Sunday,B02,Embakasi,P004,Azithromycin 500mg,Antibiotic,1,120,120,Cash
3286,2025-11-02,Sunday,B02,Embakasi,P010,Antacid Tablets,Digestive,1,20,20,M-Pesa
3287,2025-11-02,Sunday,B02,,P004,Azithromycin 500mg,Antibiotic,2,120,240,Cash
3288,2025-11-02,Sunday,B02,Embakasi,P007,Metformin 500mg,Diabetes,1,40,40,M-Pesa
3289,2025-11-02,Sunday,B02,,P007,Metformin 500mg,Diabetes,2,40,80,M-Pesa
3290,2025-11-02,Sunday,B02,Embakasi,P006,Cough Syrup,Cold & Flu,3,90,270,Insurance
3291,2025-11-02,Sunday,B02,Embakasi,P007,Metformin 500mg,Diabetes,1,40,40,M-Pesa
3292,2025-11-02,Sunday,B02,Embakasi,P007,Metformin 500mg,Diabetes,2,40,80,M-Pesa
3293,2025-11-02,Sunday,B02,Embakasi,P010,Antacid Tablets,Digestive,3,20,60,M-Pesa
3294,2025-11-02,Sunday,B02,Embakasi,P010,Antacid Tablets,Digestive,3,20,60,Cash
3295,2025-11-02,Sunday,B02,Embakasi,P006,Cough Syrup,Cold & Flu,2,90,180,M-Pesa
3296,2025-11-02,Sunday,B02,Embakasi,P008,Insulin,Diabetes,1,450,450,M-Pesa
3297,2025-11-02,Sunday,B02,Embakasi,P005,Vitamin C Tablets,Supplement,2,25,50,M-Pesa
3298,2025-11-03,Monday,B01,Nairobi CBD,P009,Amlodipine 5mg,Hypertension,2,30,60, M-Pesa
3299,2025-11-03,Monday,B01,Nairobi CBD,P007,Metformin 500mg,Diabetes,1,40,40,Cash
3300,2025-11-03,Monday,B01,Nairobi CBD,P009,Amlodipine 5mg,Hypertension,3,30,90,M-Pesa
3301,2025-11-03,Monday,B01,Nairobi CBD,P002,Ibuprofen 200mg,Pain Relief,2,15,30,
3302,2025-11-03,Monday,B01,Nairobi CBD,P008,,Diabetes,1,450,450,Cash
3303,2025-11-03,Monday,B01,Nairobi CBD,P010,Antacid Tablets,Digestive,3,20,60,Insurance
3304,2025-11-03,Monday,B01,Nairobi CBD,P010,Antacid Tablets,Digestive,1,20,20,M-Pesa
3305,2025-11-03,Monday,B01,Nairobi CBD,P005,,Supplement,3,25,75,M-Pesa
3306,2025-11-03,Monday,B01,Nairobi CBD,P002,Ibuprofen 200mg,Pain Relief,2,15,30,M-Pesa
3307,2025-11-03,Monday,B01,Nairobi CBD,P004,Azithromycin 500mg,Antibiotic,1,120,120,M-Pesa
3308,2025-11-03,Monday,B01,Nairobi CBD,P009,Amlodipine 5mg,Hypertension,3,30,90,M-Pesa
3309,2025-11-03,Monday,B01,Nairobi CBD,P004,Azithromycin 500mg,Antibiotic,1,120,120,M-Pesa
3310,2025-11-03,Monday,B01,Nairobi CBD,P006,Cough Syrup,Cold & Flu,1,90,90,Card
3311,2025-11-03,Monday,B01,Nairobi CBD,P008,Insulin,Diabetes,2,450,900,M-Pesa
3312,2025-11-03,Monday,B01,Nairobi CBD,P007,Metformin 500mg,Diabetes,1,40,40,Cash
3313,2025-11-03,Monday,B01,Nairobi CBD,P002,Ibuprofen 200mg,Pain Relief,3,15,45,Cash
3314,2025-11-03,Monday,B01,Nairobi CBD,P004,Azithromycin 500mg,Antibiotic,3,120,360,M pesa
3315,2025-11-03,Monday,B01,Nairobi CBD,P009,Amlodipine 5mg,Hypertension,3,30,90,Cash
3316,2025-11-03,Monday,B01,Nairobi CBD,P010,Antacid Tablets,Digestive,3,20,60,M-Pesa
3317,2025-11-03,Monday,B01,Nairobi CBD,P001,Paracetamol 500mg,Pain Relief,2,10,20,Cash
3318,2025-11-03,Monday,B01,Nairobi CBD,P010,Antacid Tablets,Digestive,1,20,20,Cash
3319,2025-11-03,Monday,B01,Nairobi CBD,P007,Metformin 500mg,Diabetes,2,40,80,M-Pesa
3320,2025-11-03,Monday,B01,Nairobi CBD,P001,Paracetamol 500mg,Pain Relief,1,10,10,Cash
3321,2025-11-03,Monday,B01,Nairobi CBD,P004,Azithromycin 500mg,Antibiotic,1,120,120,Card
3322,2025-11-03,Monday,B01,Nairobi CBD,P002,Ibuprofen 200mg,Pain Relief,1,15,15,M-Pesa
3323,2025-11-03,Monday,B01,Nairobi CBD,P009,Amlodipine 5mg,Hypertension,2,30,60,M-Pesa
3324,2025-11-03,Monday,B01,Nairobi CBD,P009,Amlodipine 5mg,Hypertension,1,30,30,Cash
3325,2025-11-03,Monday,B01,Nairobi CBD,P008,Insulin,Diabetes,2,450,900,M-Pesa
3326,2025-11-03,Monday,B01,Nairobi CBD,P008,Insulin,Diabetes,3,450,1350,Cash
3327,2025-11-03,Monday,B01,Nairobi CBD,P010,Antacid Tablets,Digestive,3,20,60,Card
3328,2025-11-03,Monday,B01,Nairobi CBD,P010,Antacid Tablets,Digestive,1,20,20,
3329,2025-11-03,Monday,B01,Nairobi CBD,P001,,Pain Relief,2,10,20,Cash
3330,2025-11-03,Monday,B01,Nairobi CBD,P007,Metformin 500mg,Diabetes,3,40,120,Cash
3331,2025-11-03,Monday,B01,Nairobi CBD,P010,Antacid Tablets,Digestive,2,20,40,M-Pesa
3332,2025-11-03,Monday,B01,Nairobi CBD,P008,Insulin,Diabetes,2,450,900,M pesa
3333,2025-11-03,Monday,B01,Nairobi CBD,P009,Amlodipine 5mg,Hypertension,1,30,30,M-Pesa
3334,2025-11-03,Monday,B01,Nairobi CBD,P003,,Antibiotic,3,35,105,Cash
3335,2025-11-03,Monday,B02,Embakasi,P007,Metformin 500mg,Diabetes,1,40,40,Insurance
3336,2025-11-03,Monday,B02,Embakasi,P007,Metformin 500mg,Diabetes,3,40,120,Insurance
3337,2025-11-03,Monday,B02,Embakasi,P003,Amoxicillin 250mg,Antibiotic,3,35,105,M-Pesa
3338,2025-11-03,Monday,B02,Embakasi,P006,Cough Syrup,Cold & Flu,2,90,180,M-Pesa
3339,2025-11-03,Monday,B02,Embakasi,P008,Insulin,Diabetes,3,450,1350,Cash
3340,2025-11-03,Monday,B02,Embakasi,P010,Antacid Tablets,Digestive,2,20,40,M-Pesa
3341,2025-11-03,Monday,B02,Embakasi,P010,Antacid Tablets,Digestive,2,20,40,Card
3342,2025-11-03,Monday,B02,Embakasi,P008,Insulin,Diabetes,2,450,900,M-Pesa
3343,2025-11-03,Monday,B02,,P004,Azithromycin 500mg,Antibiotic,3,120,360,Insurance
3344,2025-11-03,Monday,B02,Embakasi,P007,Metformin 500mg,Diabetes,1,40,40,Cash
3345,2025-11-03,Monday,B02,Embakasi,P010,Antacid Tablets,Digestive,2,20,40,M-Pesa
3346,2025-11-03,Monday,B02,Embakasi,P006,Cough Syrup,Cold & Flu,1,90,90,Card
3347,2025-11-03,Monday,B02,Embakasi,P003,,Antibiotic,1,35,46,M-Pesa
3348,2025-11-03,Monday,B02,Embakasi,P006,Cough Syrup,Cold & Flu,3,90,270,M-Pesa
3349,2025-11-03,Monday,B02,Embakasi,P010,Antacid Tablets,Digestive,1,20,20,M-Pesa
3350,2025-11-03,Monday,B02,Embakasi,P008,Insulin,Diabetes,1,450,450,M-Pesa
3351,2025-11-03,Monday,B02,Embakasi,P003,Amoxicillin 250mg,Antibiotic,3,35,105,M-Pesa
3352,2025-11-03,Monday,B02,Embakasi,P003,Amoxicillin 250mg,Antibiotic,2,35,70,M-Pesa
3353,2025-11-03,Monday,B02,,P008,Insulin,Diabetes,1,450,450,Insurance
3354,2025-11-03,Monday,B02,Embakasi,P005,Vitamin C Tablets,Supplement,3,25,75,M-Pesa
3355,2025-11-03,Monday,B02,Embakasi,P005,Vitamin C Tablets,Supplement,1,25,36,Cash
3356,2025-11-03,Monday,B02,Embakasi,P008,Insulin,Diabetes,1,450,450,M-Pesa
3357,2025-11-03,Monday,B02,Embakasi,P004,Azithromycin 500mg,Antibiotic,2,120,240,Cash
3358,2025-11-03,Monday,B02,Embakasi,P010,Antacid Tablets,Digestive,1,20,20,M-Pesa
3359,2025-11-03,Monday,B02,Embakasi,P004,Azithromycin 500mg,Antibiotic,3,120,360,M-Pesa
3360,2025-11-03,Monday,B02,Embakasi,P005,Vitamin C Tablets,Supplement,1,25,25,M-Pesa
3361,2025-11-03,Monday,B02,Embakasi,P010,Antacid Tablets,Digestive,2,20,40,
3362,2025-11-03,Monday,B02,Embakasi,P003,Amoxicillin 250mg,Antibiotic,2,35,70,M-Pesa
3363,2025-11-03,Monday,B02,Embakasi,P004,Azithromycin 500mg,Antibiotic,3,120,360,M-Pesa
3364,2025-11-03,Monday,B02,Embakasi,P004,Azithromycin 500mg,Antibiotic,2,120,240,M-Pesa
3365,2025-11-04,Tuesday,B01,Nairobi CBD,P010,Antacid Tablets,Digestive,1,20,20,M-Pesa
3366,2025-11-04,Tuesday,B01,Nairobi CBD,P008,Insulin,Diabetes,2,450,900,Cash
3367,2025-11-04,Tuesday,B01,Nairobi CBD,P010,Antacid Tablets,Digestive,3,20,60,M-Pesa
3368,2025-11-04,Tuesday,B01,Nairobi CBD,P008,Insulin,Diabetes,2,450,900,Cash
3369,2025-11-04,Tuesday,B01,Nairobi CBD,P003,Amoxicillin 250mg,Antibiotic,2,35,70,M-Pesa
3370,2025-11-04,Tuesday,B01,Nairobi CBD,P008,Insulin,Diabetes,2,450,900,Card
3371,2025-11-04,Tuesday,B01,Nairobi CBD,P009,Amlodipine 5mg,Hypertension,3,30,90,M-Pesa
3372,2025-11-04,Tuesday,B01,Nairobi CBD,P009,Amlodipine 5mg,Hypertension,2,30,60,Cash
3373,2025-11-04,Tuesday,B01,Nairobi CBD,P002,Ibuprofen 200mg,Pain Relief,2,15,30,M-Pesa
3374,2025-11-04,Tuesday,B01,Nairobi CBD,P007,Metformin 500mg,Diabetes,1,40,51,M pesa
3375,2025-11-04,Tuesday,B01,Nairobi CBD,P001,Paracetamol 500mg,Pain Relief,3,10,30,M-Pesa
3376,2025-11-04,Tuesday,B01,Nairobi CBD,P010,Antacid Tablets,Digestive,2,20,40,M-Pesa
3377,2025-11-04,Tuesday,B01,Nairobi CBD,P006,Cough Syrup,Cold & Flu,3,90,270,M-Pesa
3378,2025-11-04,Tuesday,B01,Nairobi CBD,P003,Amoxicillin 250mg,Antibiotic,2,35,70,Cash
3379,2025-11-04,Tuesday,B01,Nairobi CBD,P008,Insulin,Diabetes,2,450,900,M-Pesa
3380,2025-11-04,Tuesday,B01,Nairobi CBD,P003,Amoxicillin 250mg,Antibiotic,2,35,70,M-Pesa
3381,2025-11-04,Tuesday,B01,Nairobi CBD,P009,Amlodipine 5mg,Hypertension,1,30,30,Cash
3382,2025-11-04,Tuesday,B01,Nairobi CBD,P009,Amlodipine 5mg,Hypertension,1,30,30,M-Pesa
3383,2025-11-04,Tuesday,B01,Nairobi CBD,P005,Vitamin C Tablets,Supplement,1,25,25,Card
3384,2025-11-04,Tuesday,B01,Nairobi CBD,P007,,Diabetes,3,40,120,
3385,2025-11-04,Tuesday,B01,Nairobi CBD,P010,Antacid Tablets,Digestive,3,20,60,M-Pesa
3386,2025-11-04,Tuesday,B01,Nairobi CBD,P001,Paracetamol 500mg,Pain Relief,1,10,10,M-Pesa
3387,2025-11-04,Tuesday,B01,Nairobi CBD,P007,Metformin 500mg,Diabetes,3,40,120,Cash
3388,2025-11-04,Tuesday,B01,Nairobi CBD,P002,Ibuprofen 200mg,Pain Relief,2,15,30,M-Pesa
3389,2025-11-04,Tuesday,B01,Nairobi CBD,P001,Paracetamol 500mg,Pain Relief,2,10,20,M-Pesa
3390,2025-11-04,Tuesday,B01,Nairobi CBD,P001,Paracetamol 500mg,Pain Relief,2,10,20,M-Pesa
3391,2025-11-04,Tuesday,B01,Nairobi CBD,P005,Vitamin C Tablets,Supplement,1,25,25,M-Pesa
3392,2025-11-04,Tuesday,B01,Nairobi CBD,P008,Insulin,Diabetes,3,450,1350,Card
3393,2025-11-04,Tuesday,B01,Nairobi CBD,P002,Ibuprofen 200mg,Pain Relief,1,15,15,M-Pesa
3394,2025-11-04,Tuesday,B01,Nairobi CBD,P008,Insulin,Diabetes,3,450,1350,Card
3395,2025-11-04,Tuesday,B01,Nairobi CBD,P007,Metformin 500mg,Diabetes,2,40,80,Card
3396,2025-11-04,Tuesday,B01,Nairobi CBD,P003,Amoxicillin 250mg,Antibiotic,1,35,35,M-Pesa
3397,2025-11-04,Tuesday,B01,Nairobi CBD,P005,Vitamin C Tablets,Supplement,3,25,75,Card
3398,2025-11-04,Tuesday,B01,Nairobi CBD,P005,Vitamin C Tablets,Supplement,3,25,75,M-Pesa
3399,2025-11-04,Tuesday,B01,Nairobi CBD,P010,Antacid Tablets,Digestive,2,20,40,M-Pesa
3400,2025-11-04,Tuesday,B01,Nairobi CBD,P006,,Cold & Flu,1,90,90,M-Pesa
3401,2025-11-04,Tuesday,B01,Nairobi CBD,P006,Cough Syrup,Cold & Flu,1,90,90,M-Pesa
3402,2025-11-04,Tuesday,B01,Nairobi CBD,P008,Insulin,Diabetes,1,450,450,M-Pesa
3403,2025-11-04,Tuesday,B02,Embakasi,P004,Azithromycin 500mg,Antibiotic,1,120,120,Card
3404,2025-11-04,Tuesday,B02,Embakasi,P002,Ibuprofen 200mg,Pain Relief,2,15,30,M-Pesa
3405,2025-11-04,Tuesday,B02,Embakasi,P009,Amlodipine 5mg,Hypertension,2,30,60,Insurance
3406,2025-11-04,Tuesday,B02,Embakasi,P006,Cough Syrup,Cold & Flu,2,90,180,M-Pesa
3407,2025-11-04,Tuesday,B02,Embakasi,P009,Amlodipine 5mg,Hypertension,3,30,90,M pesa
3408,2025-11-04,Tuesday,B02,Embakasi,P004,Azithromycin 500mg,Antibiotic,1,120,120,M-Pesa
3409,2025-11-04,Tuesday,B02,Embakasi,P002,Ibuprofen 200mg,Pain Relief,1,15,15,Card
3410,2025-11-04,Tuesday,B02,Embakasi,P002,Ibuprofen 200mg,Pain Relief,2,15,30,Insurance
3411,2025-11-04,Tuesday,B02,Embakasi,P010,Antacid Tablets,Digestive,2,20,40,M-Pesa
3412,2025-11-04,Tuesday,B02,Embakasi,P009,,Hypertension,1,30,30,M-Pesa
3413,2025-11-04,Tuesday,B02,Embakasi,P001,Paracetamol 500mg,Pain Relief,2,10,20,M-Pesa
3414,2025-11-04,Tuesday,B02,Embakasi,P009,Amlodipine 5mg,Hypertension,1,30,30,Card
3415,2025-11-04,Tuesday,B02,Embakasi,P007,Metformin 500mg,Diabetes,3,40,120,M-Pesa
3416,2025-11-04,Tuesday,B02,Embakasi,P010,Antacid Tablets,Digestive,2,20,40,M-Pesa
3417,2025-11-04,Tuesday,B02,Embakasi,P008,Insulin,Diabetes,1,450,450,M-Pesa
3418,2025-11-04,Tuesday,B02,embakasi,P002,Ibuprofen 200mg,Pain Relief,2,15,30,M-Pesa
3419,2025-11-04,Tuesday,B02,Embakasi,P009,Amlodipine 5mg,Hypertension,1,30,30,M-Pesa
3420,2025-11-04,Tuesday,B02,Embakasi,P009,Amlodipine 5mg,Hypertension,1,30,30,M-Pesa
3421,2025-11-04,Tuesday,B02,Embakasi,P007,Metformin 500mg,Diabetes,2,40,80,M-Pesa
3422,2025-11-04,Tuesday,B02,Embakasi,P008,Insulin,Diabetes,3,450,1350,M-Pesa
3423,2025-11-04,Tuesday,B02,Embakasi,P005,Vitamin C Tablets,Supplement,1,25,25,Insurance
3424,2025-11-04,Tuesday,B02,Embakasi,P010,Antacid Tablets,Digestive,1,20,20,M-Pesa
3425,2025-11-04,Tuesday,B02,Embakasi,P001,Paracetamol 500mg,Pain Relief,1,10,10,Insurance
3426,2025-11-04,Tuesday,B02,Embakasi,P006,Cough Syrup,Cold & Flu,3,90,270,M-Pesa
3427,2025-11-04,Tuesday,B02,Embakasi,P003,Amoxicillin 250mg,Antibiotic,3,35,105,M-Pesa
3428,2025-11-04,Tuesday,B02,Embakasi,P008,,Diabetes,2,450,900,Card
3429,2025-11-04,Tuesday,B02,Embakasi,P001,Paracetamol 500mg,Pain Relief,3,10,30,Cash
3430,2025-11-04,Tuesday,B02,Embakasi,P009,Amlodipine 5mg,Hypertension,2,30,60, M-Pesa
3431,2025-11-04,Tuesday,B02,Embakasi,P010,Antacid Tablets,Digestive,2,20,40,M-Pesa
3432,2025-11-04,Tuesday,B02,Embakasi,P001,Paracetamol 500mg,Pain Relief,3,10,30,Cash
3433,2025-11-04,Tuesday,B02,Embakasi,P009,Amlodipine 5mg,Hypertension,2,30,60,M-Pesa
3434,2025-11-04,Tuesday,B02,Embakasi,P006,Cough Syrup,Cold & Flu,3,90,270,Insurance
3435,2025-11-04,Tuesday,B02,Embakasi,P010,Antacid Tablets,Digestive,2,20,40,Card
3436,2025-11-04,Tuesday,B02,Embakasi,P003,Amoxicillin 250mg,Antibiotic,3,35,105,Cash
3437,2025-11-04,Tuesday,B02,,P010,Antacid Tablets,Digestive,3,20,60,M-Pesa
3438,2025-11-05,Wednesday,B01,Nairobi CBD,P010,Antacid Tablets,Digestive,1,20,20,Cash
3439,2025-11-05,Wednesday,B01,Nairobi CBD,P003,Amoxicillin 250mg,Antibiotic,2,35,70,M-Pesa
3440,2025-11-05,Wednesday,B01,Nairobi CBD,P009,Amlodipine 5mg,Hypertension,3,30,90,Cash
3441,2025-11-05,Wednesday,B01,Nairobi CBD,P009,Amlodipine 5mg,Hypertension,1,30,30,M-Pesa
3442,2025-11-05,Wednesday,B01,Nairobi CBD,P008,Insulin,Diabetes,2,450,900,M-Pesa
3443,2025-11-05,Wednesday,B01,Nairobi CBD,P001,Paracetamol 500mg,Pain Relief,2,10,20,M-Pesa
3444,2025-11-05,Wednesday,B01,Nairobi CBD,P008,Insulin,Diabetes,2,450,900,M-Pesa
3445,2025-11-05,Wednesday,B01,Nairobi CBD,P010,Antacid Tablets,Digestive,1,20,20,M-Pesa
3446,2025-11-05,Wednesday,B01,Nairobi CBD,P010,Antacid Tablets,Digestive,3,20,60,Cash
3447,2025-11-05,Wednesday,B01,Nairobi CBD,P006,Cough Syrup,Cold & Flu,2,90,180,M-Pesa
3448,2025-11-05,Wednesday,B01,Nairobi CBD,P006,Cough Syrup,Cold & Flu,2,90,180,Cash
3449,2025-11-05,Wednesday,B01,Nairobi CBD,P006,Cough Syrup,Cold & Flu,2,90,180,M-Pesa
3450,2025-11-05,Wednesday,B01,Nairobi CBD,P005,Vitamin C Tablets,Supplement,2,25,50,Insurance
3451,2025-11-05,Wednesday,B01,Nairobi CBD,P003,Amoxicillin 250mg,Antibiotic,2,35,70,Cash
3452,2025-11-05,Wednesday,B01,Nairobi CBD,P009,Amlodipine 5mg,Hypertension,3,30,90,M-Pesa
3453,2025-11-05,Wednesday,B01,,P001,Paracetamol 500mg,Pain Relief,3,10,30,M-Pesa
3454,2025-11-05,Wednesday,B01,Nairobi CBD,P010,Antacid Tablets,Digestive,2,20,40,M-Pesa
3455,2025-11-05,Wednesday,B01,,P005,Vitamin C Tablets,Supplement,1,25,25,M-Pesa
3456,2025-11-05,Wednesday,B01,Nairobi CBD,P007,Metformin 500mg,Diabetes,3,40,120,Cash
3457,2025-11-05,Wednesday,B01,Nairobi CBD,P003,Amoxicillin 250mg,Antibiotic,1,35,35,M-Pesa
3458,2025-11-05,Wednesday,B01,Nairobi CBD,P006,Cough Syrup,Cold & Flu,3,90,270,M-Pesa
3459,2025-11-05,Wednesday,B01,Nairobi CBD,P009,Amlodipine 5mg,Hypertension,2,30,60,Cash
3460,2025-11-05,Wednesday,B01,Nairobi CBD,P005,Vitamin C Tablets,Supplement,3,25,75, M-Pesa
3461,2025-11-05,Wednesday,B01,Nairobi CBD,P010,Antacid Tablets,Digestive,2,20,40,Card
3462,2025-11-05,Wednesday,B01,Nairobi CBD,P005,Vitamin C Tablets,Supplement,3,25,75,M-Pesa
3463,2025-11-05,Wednesday,B01,,P001,Paracetamol 500mg,Pain Relief,2,10,20,Insurance
3464,2025-11-05,Wednesday,B01,Nairobi CBD,P008,Insulin,Diabetes,2,450,900,M-Pesa
3465,2025-11-05,Wednesday,B01,Nairobi CBD,P002,Ibuprofen 200mg,Pain Relief,2,15,30,
3466,2025-11-05,Wednesday,B01,Nairobi CBD,P005,Vitamin C Tablets,Supplement,2,25,50,Card
3467,2025-11-05,Wednesday,B01,Nairobi CBD,P008,Insulin,Diabetes,1,450,450,Cash
3468,2025-11-05,Wednesday,B01,Nairobi CBD,P002,Ibuprofen 200mg,Pain Relief,2,15,30,M-Pesa
3469,2025-11-05,Wednesday,B01,Nairobi CBD,P009,Amlodipine 5mg,Hypertension,1,30,30,Card
3470,2025-11-05,Wednesday,B01,Nairobi CBD,P007,Metformin 500mg,Diabetes,1,40,40,Cash
3471,2025-11-05,Wednesday,B01,Nairobi CBD,P009,Amlodipine 5mg,Hypertension,2,30,60,Card
3472,2025-11-05,Wednesday,B01,Nairobi CBD,P010,Antacid Tablets,Digestive,1,20,20,M-Pesa
3473,2025-11-05,Wednesday,B01,Nairobi CBD,P008,Insulin,Diabetes,3,450,1350,M-Pesa
3474,2025-11-05,Wednesday,B01,Nairobi CBD,P004,Azithromycin 500mg,Antibiotic,2,120,240,M-Pesa
3475,2025-11-05,Wednesday,B01,Nairobi CBD,P005,Vitamin C Tablets,Supplement,1,25,25,M-Pesa
3476,2025-11-05,Wednesday,B01,Nairobi CBD,P003,Amoxicillin 250mg,Antibiotic,2,35,70, M-Pesa
3477,2025-11-05,Wednesday,B01,Nairobi CBD,P010,,Digestive,2,20,40,Card
3478,2025-11-05,Wednesday,B02,Embakasi,P005,Vitamin C Tablets,Supplement,1,25,25,
3479,2025-11-05,Wednesday,B02,Embakasi,P008,,Diabetes,3,450,1350,M-Pesa
3480,2025-11-05,Wednesday,B02,Embakasi,P005,Vitamin C Tablets,Supplement,3,25,75,M-Pesa
3481,2025-11-05,Wednesday,B02,Embakasi,P004,Azithromycin 500mg,Antibiotic,1,120,120,M-Pesa
3482,2025-11-05,Wednesday,B02,Embakasi,P002,Ibuprofen 200mg,Pain Relief,2,15,30,Card
3483,2025-11-05,Wednesday,B02,Embakasi,P003,Amoxicillin 250mg,Antibiotic,1,35,35,M-Pesa
3484,2025-11-05,Wednesday,B02,Embakasi,P009,Amlodipine 5mg,Hypertension,1,30,30,M-Pesa
3485,2025-11-05,Wednesday,B02,Embakasi,P005,Vitamin C Tablets,Supplement,1,25,25,Cash
3486,2025-11-05,Wednesday,B02,Embakasi,P005,Vitamin C Tablets,Supplement,2,25,50,Cash
3487,2025-11-05,Wednesday,B02,,P004,Azithromycin 500mg,Antibiotic,1,120,120,M-Pesa
3488,2025-11-05,Wednesday,B02,Embakasi,P008,Insulin,Diabetes,2,450,900,
3489,2025-11-05,Wednesday,B02,Embakasi,P008,Insulin,Diabetes,1,450,450,Insurance
3490,2025-11-05,Wednesday,B02,Embakasi,P002,Ibuprofen 200mg,Pain Relief,3,15,45,M-Pesa
3491,2025-11-05,Wednesday,B02,,P003,Amoxicillin 250mg,Antibiotic,1,35,35,M-Pesa
3492,2025-11-05,Wednesday,B02,,P003,Amoxicillin 250mg,Antibiotic,1,35,35,M-Pesa
3493,2025-11-05,Wednesday,B02,Embakasi,P005,Vitamin C Tablets,Supplement,3,25,75,Insurance
3494,2025-11-05,Wednesday,B02,Embakasi,P008,Insulin,Diabetes,2,450,900,Insurance
3495,2025-11-05,Wednesday,B02,,P001,Paracetamol 500mg,Pain Relief,2,10,20,Cash
3496,2025-11-05,Wednesday,B02,Embakasi,P005,Vitamin C Tablets,Supplement,1,25,25,
3497,2025-11-05,Wednesday,B02,Embakasi,P010,Antacid Tablets,Digestive,3,20,60,Cash
3498,2025-11-05,Wednesday,B02,Embakasi,P009,Amlodipine 5mg,Hypertension,2,30,60,Insurance
3499,2025-11-05,Wednesday,B02,Embakasi,P006,Cough Syrup,Cold & Flu,1,90,90,Cash
3500,2025-11-05,Wednesday,B02,Embakasi,P010,Antacid Tablets,Digestive,3,20,60,M-Pesa
3501,2025-11-05,Wednesday,B02,Embakasi,P006,Cough Syrup,Cold & Flu,2,90,180,Cash
3502,2025-11-05,Wednesday,B02,Embakasi,P008,Insulin,Diabetes,2,450,900,M-Pesa
3503,2025-11-05,Wednesday,B02,Embakasi,P007,Metformin 500mg,Diabetes,3,40,120,M-Pesa
3504,2025-11-05,Wednesday,B02,Embakasi,P001,Paracetamol 500mg,Pain Relief,3,10,30,
3505,2025-11-05,Wednesday,B02,Embakasi,P010,Antacid Tablets,Digestive,3,20,60,Card
3506,2025-11-05,Wednesday,B02,,P008,Insulin,Diabetes,3,450,1350,Card
3507,2025-11-05,Wednesday,B02,Embakasi,P002,Ibuprofen 200mg,Pain Relief,1,15,15,M-Pesa
3508,2025-11-05,Wednesday,B02,Embakasi,P004,Azithromycin 500mg,Antibiotic,3,120,360,M-Pesa
3509,2025-11-05,Wednesday,B02,Embakasi,P008,Insulin,Diabetes,2,450,900,M-Pesa
3510,2025-11-05,Wednesday,B02,Embakasi,P006,Cough Syrup,Cold & Flu,2,90,180,
3511,2025-11-05,Wednesday,B02,Embakasi,P009,Amlodipine 5mg,Hypertension,1,30,30,M-Pesa
3512,2025-11-05,Wednesday,B02,Embakasi,P005,Vitamin C Tablets,Supplement,2,25,50,M-Pesa
3513,2025-11-06,Thursday,B01,Nairobi CBD,P010,Antacid Tablets,Digestive,3,20,60,M-Pesa
3514,2025-11-06,Thursday,B01,Nairobi CBD,P005,Vitamin C Tablets,Supplement,2,25,50,M-Pesa
3515,2025-11-06,Thursday,B01,Nairobi CBD,P001,Paracetamol 500mg,Pain Relief,1,10,10,M-Pesa
3516,2025-11-06,Thursday,B01,Nairobi CBD,P005,Vitamin C Tablets,Supplement,3,25,75,M-Pesa
3517,2025-11-06,Thursday,B01,Nairobi CBD,P008,Insulin,Diabetes,3,450,1350,Cash
3518,2025-11-06,Thursday,B01,Nairobi CBD,P001,Paracetamol 500mg,Pain Relief,1,10,10,Cash
3519,2025-11-06,Thursday,B01,Nairobi CBD,P002,,Pain Relief,3,15,45,M-Pesa
3520,2025-11-06,Thursday,B01,Nairobi CBD,P008,Insulin,Diabetes,3,450,1350,
3521,2025-11-06,Thursday,B01,Nairobi CBD,P005,Vitamin C Tablets,Supplement,1,25,25,M-Pesa
3522,2025-11-06,Thursday,B01,Nairobi CBD,P010,Antacid Tablets,Digestive,3,20,60,Cash
3523,2025-11-06,Thursday,B01,Nairobi CBD,P004,Azithromycin 500mg,Antibiotic,1,120,120,M-Pesa
3524,2025-11-06,Thursday,B01,Nairobi CBD,P010,Antacid Tablets,Digestive,1,20,20,M-Pesa
3525,2025-11-06,Thursday,B01,Nairobi CBD,P003,Amoxicillin 250mg,Antibiotic,2,35,70,
3526,2025-11-06,Thursday,B01,Nairobi CBD,P003,Amoxicillin 250mg,Antibiotic,2,35,70,M-Pesa
3527,2025-11-06,Thursday,B01,Nairobi CBD,P005,Vitamin C Tablets,Supplement,3,25,75,M-Pesa
3528,2025-11-06,Thursday,B01,Nairobi CBD,P001,Paracetamol 500mg,Pain Relief,3,10,30,M-Pesa
3529,2025-11-06,Thursday,B01,Nairobi CBD,P004,Azithromycin 500mg,Antibiotic,1,120,120,M-Pesa
3530,2025-11-06,Thursday,B01,Nairobi CBD,P002,Ibuprofen 200mg,Pain Relief,3,15,45,Cash
3531,2025-11-06,Thursday,B01,Nairobi CBD,P004,Azithromycin 500mg,Antibiotic,1,120,120,M-Pesa
3532,2025-11-06,Thursday,B01,Nairobi CBD,P007,Metformin 500mg,Diabetes,1,40,40,M-Pesa
3533,2025-11-06,Thursday,B01,Nairobi CBD,P001,,Pain Relief,3,10,30,Cash
3534,2025-11-06,Thursday,B01,Nairobi CBD,P002,Ibuprofen 200mg,Pain Relief,1,15,15,M-Pesa
3535,2025-11-06,Thursday,B01,Nairobi CBD,P004,Azithromycin 500mg,Antibiotic,2,120,240,M-Pesa
3536,2025-11-06,Thursday,B01,Nairobi CBD,P008,,Diabetes,3,450,1350,M-Pesa
3537,2025-11-06,Thursday,B01,Nairobi CBD,P002,Ibuprofen 200mg,Pain Relief,2,15,30,M-Pesa
3538,2025-11-06,Thursday,B01,Nairobi CBD,P004,,Antibiotic,3,120,360,Card
3539,2025-11-06,Thursday,B01,Nairobi CBD,P002,Ibuprofen 200mg,Pain Relief,1,15,15,M-Pesa
3540,2025-11-06,Thursday,B01,Nairobi CBD,P003,Amoxicillin 250mg,Antibiotic,3,35,105,M-Pesa
3541,2025-11-06,Thursday,B01,Nairobi CBD,P008,Insulin,Diabetes,2,450,900,M-Pesa
3542,2025-11-06,Thursday,B01,,P005,Vitamin C Tablets,Supplement,1,25,25,M-Pesa
3543,2025-11-06,Thursday,B01,Nairobi CBD,P010,Antacid Tablets,Digestive,3,20,60,M-Pesa
3544,2025-11-06,Thursday,B01,,P010,Antacid Tablets,Digestive,3,20,60,M-Pesa
3545,2025-11-06,Thursday,B01,Nairobi CBD,P004,Azithromycin 500mg,Antibiotic,3,120,360,Insurance
3546,2025-11-06,Thursday,B01,Nairobi CBD,P001,Paracetamol 500mg,Pain Relief,2,10,20,Cash
3547,2025-11-06,Thursday,B01,Nairobi CBD,P007,Metformin 500mg,Diabetes,2,40,80,M-Pesa
3548,2025-11-06,Thursday,B01,Nairobi CBD,P010,Antacid Tablets,Digestive,3,20,60,M-Pesa
3549,2025-11-06,Thursday,B01,Nairobi CBD,P010,Antacid Tablets,Digestive,1,20,20,M-Pesa
3550,2025-11-06,Thursday,B01,Nairobi CBD,P010,Antacid Tablets,Digestive,1,20,20,Card
3551,2025-11-06,Thursday,B01,Nairobi CBD,P003,Amoxicillin 250mg,Antibiotic,2,35,70,M-Pesa
3552,2025-11-06,Thursday,B01,Nairobi CBD,P008,Insulin,Diabetes,1,450,450,Card
3553,2025-11-06,Thursday,B02,Embakasi,P009,Amlodipine 5mg,Hypertension,3,30,90,
3554,2025-11-06,Thursday,B02,Embakasi,P006,Cough Syrup,Cold & Flu,2,90,180,M-Pesa
3555,2025-11-06,Thursday,B02,Embakasi,P007,Metformin 500mg,Diabetes,2,40,80,M-Pesa
3556,2025-11-06,Thursday,B02,Embakasi,P009,Amlodipine 5mg,Hypertension,3,30,90,Insurance
3557,2025-11-06,Thursday,B02,Embakasi,P007,Metformin 500mg,Diabetes,1,40,40,Cash
3558,2025-11-06,Thursday,B02,Embakasi,P004,Azithromycin 500mg,Antibiotic,2,120,240,M-Pesa
3559,2025-11-06,Thursday,B02,Embakasi,P003,Amoxicillin 250mg,Antibiotic,2,35,70,M-Pesa
3560,2025-11-06,Thursday,B02,Embakasi,P003,Amoxicillin 250mg,Antibiotic,3,35,105,M-Pesa
3561,2025-11-06,Thursday,B02,Embakasi,P009,Amlodipine 5mg,Hypertension,1,30,30,M-Pesa
3562,2025-11-06,Thursday,B02,Embakasi,P005,Vitamin C Tablets,Supplement,2,25,50,Insurance
3563,2025-11-06,Thursday,B02,Embakasi,P002,Ibuprofen 200mg,Pain Relief,3,15,56,Cash
3564,2025-11-06,Thursday,B02,Embakasi,P005,Vitamin C Tablets,Supplement,2,25,50,M-Pesa
3565,2025-11-06,Thursday,B02,Embakasi,P002,Ibuprofen 200mg,Pain Relief,3,15,45,M-Pesa
3566,2025-11-06,Thursday,B02,Embakasi,P009,Amlodipine 5mg,Hypertension,1,30,30,Card
3567,2025-11-06,Thursday,B02,Embakasi,P001,Paracetamol 500mg,Pain Relief,1,10,10,Card
3568,2025-11-06,Thursday,B02,Embakasi,P006,Cough Syrup,Cold & Flu,1,90,90,Cash
3569,2025-11-06,Thursday,B02,Embakasi,P010,Antacid Tablets,Digestive,1,20,20,M-Pesa
3570,2025-11-06,Thursday,B02,Embakasi,P006,,Cold & Flu,2,90,180,M-Pesa
3571,2025-11-06,Thursday,B02,Embakasi,P007,Metformin 500mg,Diabetes,2,40,80,Cash
3572,2025-11-06,Thursday,B02,Embakasi,P003,Amoxicillin 250mg,Antibiotic,1,35,35,Cash
3573,2025-11-06,Thursday,B02,Embakasi,P001,Paracetamol 500mg,Pain Relief,1,10,10,Cash
3574,2025-11-06,Thursday,B02,Embakasi,P008,Insulin,Diabetes,1,450,450,M-Pesa
3575,2025-11-06,Thursday,B02,Embakasi,P008,Insulin,Diabetes,2,450,900,M-Pesa
3576,2025-11-06,Thursday,B02,Embakasi,P008,Insulin,Diabetes,1,450,450,M-Pesa
3577,2025-11-06,Thursday,B02,Embakasi,P003,Amoxicillin 250mg,Antibiotic,1,35,35,
3578,2025-11-06,Thursday,B02,,P001,Paracetamol 500mg,Pain Relief,1,10,10,M-Pesa
3579,2025-11-06,Thursday,B02,Embakasi,P004,Azithromycin 500mg,Antibiotic,3,120,360,
3580,2025-11-06,Thursday,B02,Embakasi,P007,Metformin 500mg,Diabetes,1,40,40,M-Pesa
3581,2025-11-06,Thursday,B02,Embakasi,P002,Ibuprofen 200mg,Pain Relief,3,15,45,M-Pesa
3582,2025-11-06,Thursday,B02,Embakasi,P004,Azithromycin 500mg,Antibiotic,3,120,360,Cash
3583,2025-11-06,Thursday,B02,Embakasi,P001,Paracetamol 500mg,Pain Relief,1,10,10,Card
3584,2025-11-06,Thursday,B02,Embakasi,P003,,Antibiotic,3,35,105,Card
3585,2025-11-06,Thursday,B02,embakasi,P003,Amoxicillin 250mg,Antibiotic,1,35,35,M-Pesa
3586,2025-11-06,Thursday,B02,Embakasi,P003,Amoxicillin 250mg,Antibiotic,2,35,70,M-Pesa
3587,2025-11-06,Thursday,B02,Embakasi,P006,Cough Syrup,Cold & Flu,2,90,180,M-Pesa
3588,2025-11-07,Friday,B01,Nairobi CBD,P008,Insulin,Diabetes,2,450,900,M-Pesa
3589,2025-11-07,Friday,B01,Nairobi CBD,P010,Antacid Tablets,Digestive,2,20,40,M-Pesa
3590,2025-11-07,Friday,B01,Nairobi CBD,P001,Paracetamol 500mg,Pain Relief,3,10,30, Cash
3591,2025-11-07,Friday,B01,Nairobi CBD,P003,Amoxicillin 250mg,Antibiotic,1,35,35,M-Pesa
3592,2025-11-07,Friday,B01,Nairobi CBD,P006,Cough Syrup,Cold & Flu,1,90,90,M-Pesa
3593,2025-11-07,Friday,B01,Nairobi CBD,P005,Vitamin C Tablets,Supplement,1,25,25,M-Pesa
3594,2025-11-07,Friday,B01,Nairobi CBD,P002,Ibuprofen 200mg,Pain Relief,2,15,30,Cash
3595,2025-11-07,Friday,B01,Nairobi CBD,P006,Cough Syrup,Cold & Flu,2,90,180,
3596,2025-11-07,Friday,B01,Nairobi CBD,P002,,Pain Relief,1,15,15,M-Pesa
3597,2025-11-07,Friday,B01,Nairobi CBD,P002,,Pain Relief,2,15,30,M-Pesa
3598,2025-11-07,Friday,B01,Nairobi CBD,P001,Paracetamol 500mg,Pain Relief,1,10,10,M-Pesa
3599,2025-11-07,Friday,B01,Nairobi CBD,P003,Amoxicillin 250mg,Antibiotic,1,35,35,M-Pesa
3600,2025-11-07,Friday,B01,Nairobi CBD,P006,Cough Syrup,Cold & Flu,1,90,90,Card
3601,2025-11-07,Friday,B01,Nairobi CBD,P007,Metformin 500mg,Diabetes,1,40,40,M-Pesa
3602,2025-11-07,Friday,B01,Nairobi CBD,P002,Ibuprofen 200mg,Pain Relief,1,15,15,M-Pesa
3603,2025-11-07,Friday,B01,Nairobi CBD,P003,Amoxicillin 250mg,Antibiotic,1,35,35,M-Pesa
3604,2025-11-07,Friday,B01,Nairobi CBD,P003,Amoxicillin 250mg,Antibiotic,1,35,35,Card
3605,2025-11-07,Friday,B01,Nairobi CBD,P002,,Pain Relief,2,15,30,M-Pesa
3606,2025-11-07,Friday,B01,Nairobi CBD,P001,Paracetamol 500mg,Pain Relief,1,10,10,M-Pesa
3607,2025-11-07,Friday,B01,,P001,Paracetamol 500mg,Pain Relief,1,10,10,M-Pesa
3608,2025-11-07,Friday,B01,Nairobi CBD,P007,Metformin 500mg,Diabetes,2,40,80,Card
3609,2025-11-07,Friday,B01,Nairobi CBD,P002,Ibuprofen 200mg,Pain Relief,2,15,30,M-Pesa
3610,2025-11-07,Friday,B01,Nairobi CBD,P006,Cough Syrup,Cold & Flu,2,90,180,M-Pesa
3611,2025-11-07,Friday,B01,Nairobi CBD,P006,Cough Syrup,Cold & Flu,1,90,90,Card
3612,2025-11-07,Friday,B01,Nairobi CBD,P007,Metformin 500mg,Diabetes,3,40,131,M-Pesa
3613,2025-11-07,Friday,B01,Nairobi CBD,P010,,Digestive,3,20,60,Card
3614,2025-11-07,Friday,B01,Nairobi CBD,P006,Cough Syrup,Cold & Flu,2,90,180,Card
3615,2025-11-07,Friday,B01,Nairobi CBD,P002,Ibuprofen 200mg,Pain Relief,3,15,45,
3616,2025-11-07,Friday,B01,Nairobi CBD,P004,Azithromycin 500mg,Antibiotic,2,120,240,M-Pesa
3617,2025-11-07,Friday,B01,Nairobi CBD,P009,Amlodipine 5mg,Hypertension,1,30,30,M-Pesa
3618,2025-11-07,Friday,B01,Nairobi CBD,P008,Insulin,Diabetes,3,450,1350,Cash
3619,2025-11-07,Friday,B01,Nairobi CBD,P008,Insulin,Diabetes,1,450,450,M-Pesa
3620,2025-11-07,Friday,B01,Nairobi CBD,P006,Cough Syrup,Cold & Flu,3,90,270,M-Pesa
3621,2025-11-07,Friday,B01,Nairobi CBD,P008,Insulin,Diabetes,1,450,450,M-Pesa
3622,2025-11-07,Friday,B01,Nairobi CBD,P005,Vitamin C Tablets,Supplement,3,25,75,
3623,2025-11-07,Friday,B01,Nairobi CBD,P008,Insulin,Diabetes,1,450,450,M-Pesa
3624,2025-11-07,Friday,B01,Nairobi CBD,P007,Metformin 500mg,Diabetes,1,40,40,M-Pesa
3625,2025-11-07,Friday,B01,Nairobi CBD,P007,Metformin 500mg,Diabetes,3,40,120,
3626,2025-11-07,Friday,B02,Embakasi,P008,Insulin,Diabetes,1,450,450,M-Pesa
3627,2025-11-07,Friday,B02,Embakasi,P009,Amlodipine 5mg,Hypertension,1,30,30,M-Pesa
3628,2025-11-07,Friday,B02,Embakasi,P008,Insulin,Diabetes,3,450,1350,M-Pesa
3629,2025-11-07,Friday,B02,Embakasi,P006,Cough Syrup,Cold & Flu,3,90,270,M-Pesa
3630,2025-11-07,Friday,B02,,P008,Insulin,Diabetes,1,450,450,M-Pesa
3631,2025-11-07,Friday,B02,Embakasi,P001,Paracetamol 500mg,Pain Relief,1,10,10,M-Pesa
3632,2025-11-07,Friday,B02,Embakasi,P005,Vitamin C Tablets,Supplement,3,25,75,M-Pesa
3633,2025-11-07,Friday,B02,Embakasi,P005,Vitamin C Tablets,Supplement,3,25,75,M-Pesa
3634,2025-11-07,Friday,B02,Embakasi,P001,Paracetamol 500mg,Pain Relief,1,10,10,M-Pesa
3635,2025-11-07,Friday,B02,Embakasi,P007,Metformin 500mg,Diabetes,1,40,40,
3636,2025-11-07,Friday,B02,Embakasi,P002,,Pain Relief,1,15,15,M-Pesa
3637,2025-11-07,Friday,B02,Embakasi,P003,Amoxicillin 250mg,Antibiotic,2,35,70,M-Pesa
3638,2025-11-07,Friday,B02,Embakasi,P004,,Antibiotic,3,120,360,M-Pesa
3639,2025-11-07,Friday,B02,Embakasi,P006,Cough Syrup,Cold & Flu,2,90,180,M-Pesa
3640,2025-11-07,Friday,B02,Embakasi,P005,Vitamin C Tablets,Supplement,3,25,75,Card
3641,2025-11-07,Friday,B02,Embakasi,P007,Metformin 500mg,Diabetes,3,40,120,M-Pesa
3642,2025-11-07,Friday,B02,Embakasi,P008,,Diabetes,3,450,1350,M-Pesa
3643,2025-11-07,Friday,B02,Embakasi,P003,Amoxicillin 250mg,Antibiotic,3,35,105,M-Pesa
3644,2025-11-07,Friday,B02,embakasi,P003,Amoxicillin 250mg,Antibiotic,3,35,105,M-Pesa
3645,2025-11-07,Friday,B02,Embakasi,P009,Amlodipine 5mg,Hypertension,3,30,90,M-Pesa
3646,2025-11-07,Friday,B02,Embakasi,P002,Ibuprofen 200mg,Pain Relief,3,15,45,Cash
3647,2025-11-07,Friday,B02,Embakasi,P002,Ibuprofen 200mg,Pain Relief,2,15,30,M-Pesa
3648,2025-11-07,Friday,B02,Embakasi,P009,Amlodipine 5mg,Hypertension,1,30,30,Insurance
3649,2025-11-07,Friday,B02,Embakasi,P010,Antacid Tablets,Digestive,1,20,20,Card
3650,2025-11-07,Friday,B02,embakasi,P006,Cough Syrup,Cold & Flu,2,90,180,M-Pesa
3651,2025-11-07,Friday,B02,Embakasi,P001,Paracetamol 500mg,Pain Relief,2,10,20,M-Pesa
3652,2025-11-07,Friday,B02,Embakasi,P008,Insulin,Diabetes,2,450,900,
3653,2025-11-07,Friday,B02,Embakasi,P004,Azithromycin 500mg,Antibiotic,2,120,240,Card
3654,2025-11-07,Friday,B02,Embakasi,P004,Azithromycin 500mg,Antibiotic,3,120,371,M-Pesa
3655,2025-11-07,Friday,B02,embakasi,P006,Cough Syrup,Cold & Flu,1,90,90,Cash
3656,2025-11-07,Friday,B02,Embakasi,P002,Ibuprofen 200mg,Pain Relief,3,15,45,M-Pesa
3657,2025-11-07,Friday,B02,Embakasi,P005,Vitamin C Tablets,Supplement,1,25,25,M-Pesa
3658,2025-11-07,Friday,B02,Embakasi,P010,Antacid Tablets,Digestive,1,20,20,M-Pesa
3659,2025-11-07,Friday,B02,embakasi,P004,Azithromycin 500mg,Antibiotic,2,120,240,M-Pesa
3660,2025-11-08,Saturday,B01,Nairobi CBD,P007,Metformin 500mg,Diabetes,3,40,120,M-Pesa
3661,2025-11-08,Saturday,B01,Nairobi CBD,P008,Insulin,Diabetes,1,450,450,Cash
3662,2025-11-08,Saturday,B01,Nairobi CBD,P009,Amlodipine 5mg,Hypertension,2,30,60,M-Pesa
3663,2025-11-08,Saturday,B01,Nairobi CBD,P002,,Pain Relief,2,15,30,M-Pesa
3664,2025-11-08,Saturday,B01,Nairobi CBD,P007,,Diabetes,1,40,40,M-Pesa
3665,2025-11-08,Saturday,B01,Nairobi CBD,P001,Paracetamol 500mg,Pain Relief,1,10,10,Cash
3666,2025-11-08,Saturday,B01,Nairobi CBD,P002,Ibuprofen 200mg,Pain Relief,1,15,15,M-Pesa
3667,2025-11-08,Saturday,B01,Nairobi CBD,P002,Ibuprofen 200mg,Pain Relief,2,15,30,Cash
3668,2025-11-08,Saturday,B01,Nairobi CBD,P010,Antacid Tablets,Digestive,3,20,60,M-Pesa
3669,2025-11-08,Saturday,B01,Nairobi CBD,P001,Paracetamol 500mg,Pain Relief,2,10,20,M-Pesa
3670,2025-11-08,Saturday,B01,,P001,Paracetamol 500mg,Pain Relief,3,10,30,
3671,2025-11-08,Saturday,B01,Nairobi CBD,P003,Amoxicillin 250mg,Antibiotic,2,35,70,M-Pesa
3672,2025-11-08,Saturday,B01,Nairobi CBD,P007,Metformin 500mg,Diabetes,2,40,80,Cash
3673,2025-11-08,Saturday,B01,Nairobi CBD,P008,Insulin,Diabetes,1,450,450,Cash
3674,2025-11-08,Saturday,B01,Nairobi CBD,P010,Antacid Tablets,Digestive,3,20,60,M-Pesa
3675,2025-11-08,Saturday,B01,Nairobi CBD,P003,,Antibiotic,2,35,70,M-Pesa
3676,2025-11-08,Saturday,B01,Nairobi CBD,P002,Ibuprofen 200mg,Pain Relief,2,15,30,M-Pesa
3677,2025-11-08,Saturday,B01,Nairobi CBD,P003,Amoxicillin 250mg,Antibiotic,1,35,35,M-Pesa
3678,2025-11-08,Saturday,B01,Nairobi CBD,P004,Azithromycin 500mg,Antibiotic,1,120,120,M-Pesa
3679,2025-11-08,Saturday,B01,Nairobi CBD,P009,Amlodipine 5mg,Hypertension,3,30,90,Cash
3680,2025-11-08,Saturday,B01,Nairobi CBD,P007,Metformin 500mg,Diabetes,2,40,80,M pesa
3681,2025-11-08,Saturday,B01,Nairobi CBD,P001,Paracetamol 500mg,Pain Relief,3,10,30,M-Pesa
3682,2025-11-08,Saturday,B01,Nairobi CBD,P002,Ibuprofen 200mg,Pain Relief,2,15,30,Cash
3683,2025-11-08,Saturday,B01,Nairobi CBD,P001,Paracetamol 500mg,Pain Relief,3,10,30,M-Pesa
3684,2025-11-08,Saturday,B01,Nairobi CBD,P001,Paracetamol 500mg,Pain Relief,1,10,10,Cash
3685,2025-11-08,Saturday,B01,Nairobi CBD,P004,Azithromycin 500mg,Antibiotic,2,120,240,Cash
3686,2025-11-08,Saturday,B01,Nairobi CBD,P004,Azithromycin 500mg,Antibiotic,3,120,360,M-Pesa
3687,2025-11-08,Saturday,B01,Nairobi CBD,P001,Paracetamol 500mg,Pain Relief,1,10,10,M-Pesa
3688,2025-11-08,Saturday,B01,Nairobi CBD,P005,Vitamin C Tablets,Supplement,1,25,25,M-Pesa
3689,2025-11-08,Saturday,B01,Nairobi CBD,P008,,Diabetes,3,450,1350,M-Pesa
3690,2025-11-08,Saturday,B01,Nairobi CBD,P003,Amoxicillin 250mg,Antibiotic,2,35,70,M-Pesa
3691,2025-11-08,Saturday,B01,,P009,Amlodipine 5mg,Hypertension,2,30,60,Card
3692,2025-11-08,Saturday,B01,Nairobi CBD,P007,Metformin 500mg,Diabetes,1,40,40,Insurance
3693,2025-11-08,Saturday,B01,Nairobi CBD,P010,Antacid Tablets,Digestive,2,20,40,M-Pesa
3694,2025-11-08,Saturday,B01,Nairobi CBD,P005,Vitamin C Tablets,Supplement,2,25,50,Cash
3695,2025-11-08,Saturday,B01,Nairobi CBD,P006,Cough Syrup,Cold & Flu,2,90,180,M-Pesa
3696,2025-11-08,Saturday,B02,Embakasi,P001,Paracetamol 500mg,Pain Relief,1,10,10,M-Pesa
3697,2025-11-08,Saturday,B02,Embakasi,P001,Paracetamol 500mg,Pain Relief,3,10,30,Card
3698,2025-11-08,Saturday,B02,Embakasi,P001,Paracetamol 500mg,Pain Relief,2,10,20,M-Pesa
3699,2025-11-08,Saturday,B02,Embakasi,P010,Antacid Tablets,Digestive,1,20,20,Insurance
3700,2025-11-08,Saturday,B02,Embakasi,P001,Paracetamol 500mg,Pain Relief,1,10,10,M-Pesa
3701,2025-11-08,Saturday,B02,embakasi,P007,Metformin 500mg,Diabetes,3,40,120,M-Pesa
3702,2025-11-08,Saturday,B02,Embakasi,P006,,Cold & Flu,2,90,180, M-Pesa
3703,2025-11-08,Saturday,B02,Embakasi,P002,Ibuprofen 200mg,Pain Relief,2,15,30,Cash
3704,2025-11-08,Saturday,B02,Embakasi,P004,Azithromycin 500mg,Antibiotic,3,120,360,M-Pesa
3705,2025-11-08,Saturday,B02,Embakasi,P010,Antacid Tablets,Digestive,3,20,60,M-Pesa
3706,2025-11-08,Saturday,B02,Embakasi,P004,Azithromycin 500mg,Antibiotic,1,120,120,Cash
3707,2025-11-08,Saturday,B02,Embakasi,P005,Vitamin C Tablets,Supplement,1,25,25,M-Pesa
3708,2025-11-08,Saturday,B02,Embakasi,P008,Insulin,Diabetes,3,450,1350,
3709,2025-11-08,Saturday,B02,Embakasi,P010,Antacid Tablets,Digestive,2,20,40,M-Pesa
3710,2025-11-08,Saturday,B02,Embakasi,P005,Vitamin C Tablets,Supplement,1,25,25,Cash
3711,2025-11-08,Saturday,B02,Embakasi,P001,Paracetamol 500mg,Pain Relief,1,10,10,M-Pesa
3712,2025-11-08,Saturday,B02,Embakasi,P001,Paracetamol 500mg,Pain Relief,2,10,20,Cash
3713,2025-11-08,Saturday,B02,Embakasi,P002,Ibuprofen 200mg,Pain Relief,1,15,15,
3714,2025-11-08,Saturday,B02,Embakasi,P005,Vitamin C Tablets,Supplement,2,25,50,M-Pesa
3715,2025-11-08,Saturday,B02,Embakasi,P008,Insulin,Diabetes,2,450,900,M-Pesa
3716,2025-11-08,Saturday,B02,Embakasi,P008,Insulin,Diabetes,2,450,900,M-Pesa
3717,2025-11-08,Saturday,B02,Embakasi,P004,Azithromycin 500mg,Antibiotic,3,120,360,Card
3718,2025-11-08,Saturday,B02,Embakasi,P005,Vitamin C Tablets,Supplement,3,25,75,M-Pesa
3719,2025-11-08,Saturday,B02,embakasi,P003,Amoxicillin 250mg,Antibiotic,3,35,105,M-Pesa
3720,2025-11-08,Saturday,B02,Embakasi,P008,Insulin,Diabetes,2,450,900,
3721,2025-11-08,Saturday,B02,Embakasi,P009,Amlodipine 5mg,Hypertension,2,30,60,Card
3722,2025-11-08,Saturday,B02,Embakasi,P002,Ibuprofen 200mg,Pain Relief,3,15,45,M-Pesa
3723,2025-11-08,Saturday,B02,Embakasi,P010,Antacid Tablets,Digestive,1,20,20,Card
3724,2025-11-08,Saturday,B02,Embakasi,P003,Amoxicillin 250mg,Antibiotic,2,35,70,M-Pesa
3725,2025-11-08,Saturday,B02,Embakasi,P006,Cough Syrup,Cold & Flu,1,90,90,Cash
3726,2025-11-08,Saturday,B02,Embakasi,P006,Cough Syrup,Cold & Flu,1,90,90,Cash
3727,2025-11-08,Saturday,B02,Embakasi,P002,Ibuprofen 200mg,Pain Relief,2,15,30,M-Pesa
3728,2025-11-08,Saturday,B02,Embakasi,P008,Insulin,Diabetes,2,450,900,M-Pesa
3729,2025-11-09,Sunday,B01,Nairobi CBD,P005,Vitamin C Tablets,Supplement,1,25,36,M-Pesa
3730,2025-11-09,Sunday,B01,Nairobi CBD,P009,Amlodipine 5mg,Hypertension,3,30,90,M-Pesa
3731,2025-11-09,Sunday,B01,Nairobi CBD,P002,Ibuprofen 200mg,Pain Relief,3,15,45,Card
3732,2025-11-09,Sunday,B01,,P005,Vitamin C Tablets,Supplement,2,25,50,M-Pesa
3733,2025-11-09,Sunday,B01,Nairobi CBD,P009,Amlodipine 5mg,Hypertension,3,30,90,M-Pesa
3734,2025-11-09,Sunday,B01,Nairobi CBD,P003,Amoxicillin 250mg,Antibiotic,3,35,105,M-Pesa
3735,2025-11-09,Sunday,B01,Nairobi CBD,P005,Vitamin C Tablets,Supplement,3,25,75,M-Pesa
3736,2025-11-09,Sunday,B01,Nairobi CBD,P001,Paracetmol,Pain Relief,3,10,30,M-Pesa
3737,2025-11-09,Sunday,B01,Nairobi CBD,P008,Insulin,Diabetes,1,450,450,
3738,2025-11-09,Sunday,B01,Nairobi CBD,P008,Insulin,Diabetes,2,450,900,Insurance
3739,2025-11-09,Sunday,B01,,P001,Paracetamol 500mg,Pain Relief,3,10,30,M-Pesa
3740,2025-11-09,Sunday,B01,Nairobi CBD,P004,Azithromycin 500mg,Antibiotic,1,120,120,
3741,2025-11-09,Sunday,B01,Nairobi CBD,P001,Paracetamol 500mg,Pain Relief,1,10,21,M-Pesa
3742,2025-11-09,Sunday,B01,Nairobi CBD,P010,Antacid Tablets,Digestive,1,20,20,M-Pesa
3743,2025-11-09,Sunday,B01,Nairobi CBD,P007,,Diabetes,3,40,120,M-Pesa
3744,2025-11-09,Sunday,B01,Nairobi CBD,P004,Azithromycin 500mg,Antibiotic,3,120,360,Cash
3745,2025-11-09,Sunday,B01,Nairobi CBD,P008,Insulin,Diabetes,2,450,900,M-Pesa
3746,2025-11-09,Sunday,B01,,P005,Vitamin C Tablets,Supplement,3,25,75,Card
3747,2025-11-09,Sunday,B01,Nairobi CBD,P009,Amlodipine 5mg,Hypertension,3,30,90,Insurance
3748,2025-11-09,Sunday,B01,Nairobi CBD,P002,Ibuprofen 200mg,Pain Relief,1,15,15,Cash
3749,2025-11-09,Sunday,B01,Nairobi CBD,P006,Cough Syrup,Cold & Flu,2,90,180,Insurance
3750,2025-11-09,Sunday,B01,Nairobi CBD,P004,Azithromycin 500mg,Antibiotic,3,120,360,M-Pesa
3751,2025-11-09,Sunday,B01,Nairobi CBD,P001,Paracetamol 500mg,Pain Relief,3,10,30,Card
3752,2025-11-09,Sunday,B01,Nairobi CBD,P002,Ibuprofen 200mg,Pain Relief,1,15,15,Cash
3753,2025-11-09,Sunday,B01,Nairobi CBD,P003,Amoxicillin 250mg,Antibiotic,1,35,35,Card
3754,2025-11-09,Sunday,B01,Nairobi CBD,P002,Ibuprofen 200mg,Pain Relief,3,15,45,
3755,2025-11-09,Sunday,B01,Nairobi CBD,P009,Amlodipine 5mg,Hypertension,2,30,60,M-Pesa
3756,2025-11-09,Sunday,B01,Nairobi CBD,P004,Azithromycin 500mg,Antibiotic,2,120,240,M-Pesa
3757,2025-11-09,Sunday,B01,Nairobi CBD,P010,Antacid Tablets,Digestive,1,20,20,Insurance
3758,2025-11-09,Sunday,B01,,P007,Metformin 500mg,Diabetes,1,40,51,Card
3759,2025-11-09,Sunday,B01,Nairobi CBD,P010,Antacid Tablets,Digestive,3,20,60,M-Pesa
3760,2025-11-09,Sunday,B01,Nairobi CBD,P009,Amlodipine 5mg,Hypertension,1,30,30, M-Pesa
3761,2025-11-09,Sunday,B01,,P004,Azithromycin 500mg,Antibiotic,3,120,360,M-Pesa
3762,2025-11-09,Sunday,B01,Nairobi CBD,P005,Vitamin C Tablets,Supplement,2,25,50,Insurance
3763,2025-11-09,Sunday,B01,Nairobi CBD,P003,Amoxicillin 250mg,Antibiotic,2,35,70,M-Pesa
3764,2025-11-09,Sunday,B01,Nairobi CBD,P008,Insulin,Diabetes,3,450,1350,
3765,2025-11-09,Sunday,B01,,P007,Metformin 500mg,Diabetes,1,40,40,M-Pesa
3766,2025-11-09,Sunday,B01,Nairobi CBD,P005,Vitamin C Tablets,Supplement,2,25,50,Cash
3767,2025-11-09,Sunday,B01,Nairobi CBD,P010,Antacid Tablets,Digestive,1,20,31,Insurance
3768,2025-11-09,Sunday,B02,Embakasi,P010,,Digestive,3,20,60,Cash
3769,2025-11-09,Sunday,B02,Embakasi,P006,Cough Syrup,Cold & Flu,3,90,270,Cash
3770,2025-11-09,Sunday,B02,Embakasi,P001,Paracetamol 500mg,Pain Relief,3,10,30,M-Pesa
3771,2025-11-09,Sunday,B02,Embakasi,P007,Metformin 500mg,Diabetes,2,40,80,Cash
3772,2025-11-09,Sunday,B02,Embakasi,P004,Azithromycin 500mg,Antibiotic,1,120,120,Cash
3773,2025-11-09,Sunday,B02,Embakasi,P002,Ibuprofen 200mg,Pain Relief,1,15,15,M-Pesa
3774,2025-11-09,Sunday,B02,Embakasi,P007,Metformin 500mg,Diabetes,1,40,40,Card
3775,2025-11-09,Sunday,B02,Embakasi,P002,Ibuprofen 200mg,Pain Relief,2,15,30,Cash
3776,2025-11-09,Sunday,B02,Embakasi,P007,Metformin 500mg,Diabetes,2,40,80,M-Pesa
3777,2025-11-09,Sunday,B02,Embakasi,P002,,Pain Relief,2,15,30,M-Pesa
3778,2025-11-09,Sunday,B02,Embakasi,P005,Vitamin C Tablets,Supplement,2,25,50,Cash
3779,2025-11-09,Sunday,B02,Embakasi,P005,Vitamin C Tablets,Supplement,2,25,50,M-Pesa
3780,2025-11-09,Sunday,B02,Embakasi,P009,Amlodipine 5mg,Hypertension,1,30,30,Card
3781,2025-11-09,Sunday,B02,Embakasi,P002,Ibuprofen 200mg,Pain Relief,2,15,30,M-Pesa
3782,2025-11-09,Sunday,B02,Embakasi,P010,Antacid Tablets,Digestive,2,20,40,Insurance
3783,2025-11-09,Sunday,B02,Embakasi,P007,Metformin 500mg,Diabetes,1,40,40,M-Pesa
3784,2025-11-09,Sunday,B02,Embakasi,P006,,Cold & Flu,2,90,180,M-Pesa
3785,2025-11-09,Sunday,B02,Embakasi,P008,Insulin,Diabetes,1,450,450,M-Pesa
3786,2025-11-09,Sunday,B02,Embakasi,P005,Vitamin C Tablets,Supplement,1,25,25,Cash
3787,2025-11-09,Sunday,B02,Embakasi,P009,Amlodipine 5mg,Hypertension,3,30,90,Card
3788,2025-11-09,Sunday,B02,Embakasi,P007,Metformin 500mg,Diabetes,3,40,120,M-Pesa
3789,2025-11-09,Sunday,B02,Embakasi,P010,,Digestive,3,20,60,Card
3790,2025-11-09,Sunday,B02,embakasi,P007,Metformin 500mg,Diabetes,3,40,120,Cash
3791,2025-11-09,Sunday,B02,Embakasi,P005,Vitamin C Tablets,Supplement,2,25,61,M-Pesa
3792,2025-11-09,Sunday,B02,Embakasi,P005,Vitamin C Tablets,Supplement,3,25,75,M-Pesa
3793,2025-11-09,Sunday,B02,Embakasi,P005,Vitamin C Tablets,Supplement,1,25,25,M-Pesa
3794,2025-11-09,Sunday,B02,Embakasi,P005,Vitamin C Tablets,Supplement,2,25,50,Card
3795,2025-11-09,Sunday,B02,Embakasi,P002,Ibuprofen 200mg,Pain Relief,3,15,45,Cash
3796,2025-11-09,Sunday,B02,Embakasi,P008,Insulin,Diabetes,1,450,450,Card
3797,2025-11-09,Sunday,B02,Embakasi,P009,Amlodipine 5mg,Hypertension,2,30,60,M-Pesa
3798,2025-11-09,Sunday,B02,Embakasi,P005,,Supplement,2,25,50,Card
3799,2025-11-09,Sunday,B02,Embakasi,P010,,Digestive,3,20,60,M-Pesa
3800,2025-11-09,Sunday,B02,Embakasi,P005,Vitamin C Tablets,Supplement,2,25,50,Cash
3801,2025-11-09,Sunday,B02,embakasi,P009,Amlodipine 5mg,Hypertension,1,30,30,M-Pesa
3802,2025-11-09,Sunday,B02,Embakasi,P009,Amlodipine 5mg,Hypertension,2,30,60,M-Pesa
3803,2025-11-10,Monday,B01,Nairobi CBD,P008,Insulin,Diabetes,2,450,900,M-Pesa
3804,2025-11-10,Monday,B01,Nairobi CBD,P004,Azithromycin 500mg,Antibiotic,3,120,360,M-Pesa
3805,2025-11-10,Monday,B01,Nairobi CBD,P010,Antacid Tablets,Digestive,1,20,20,Card
3806,2025-11-10,Monday,B01,Nairobi CBD,P010,Antacid Tablets,Digestive,2,20,40,Cash
3807,2025-11-10,Monday,B01,Nairobi CBD,P002,Ibuprofen 200mg,Pain Relief,2,15,30,M-Pesa
3808,2025-11-10,Monday,B01,Nairobi CBD,P008,Insulin,Diabetes,2,450,900,Cash
3809,2025-11-10,Monday,B01,Nairobi CBD,P001,Paracetmol,Pain Relief,1,10,10,Cash
3810,2025-11-10,Monday,B01,Nairobi CBD,P004,Azithromycin 500mg,Antibiotic,1,120,120,Card
3811,2025-11-10,Monday,B01,Nairobi CBD,P010,Antacid Tablets,Digestive,1,20,20,Card
3812,2025-11-10,Monday,B01,,P003,Amoxicillin 250mg,Antibiotic,3,35,105,M-Pesa
3813,2025-11-10,Monday,B01,Nairobi CBD,P006,Cough Syrup,Cold & Flu,3,90,270,Cash
3814,2025-11-10,Monday,B01,Nairobi CBD,P002,Ibuprofen 200mg,Pain Relief,1,15,15,Cash
3815,2025-11-10,Monday,B01,Nairobi CBD,P002,Ibuprofen 200mg,Pain Relief,2,15,30,M-Pesa
3816,2025-11-10,Monday,B01,Nairobi CBD,P009,Amlodipine 5mg,Hypertension,3,30,90,Cash
3817,2025-11-10,Monday,B01,Nairobi CBD,P003,Amoxicillin 250mg,Antibiotic,1,35,35,Card
3818,2025-11-10,Monday,B01,Nairobi CBD,P003,Amoxicillin 250mg,Antibiotic,2,35,70,M-Pesa
3819,2025-11-10,Monday,B01,Nairobi CBD,P003,Amoxicillin 250mg,Antibiotic,3,35,105,Cash
3820,2025-11-10,Monday,B01,Nairobi CBD,P010,,Digestive,2,20,40,M-Pesa
3821,2025-11-10,Monday,B01,Nairobi CBD,P004,Azithromycin 500mg,Antibiotic,2,120,240,Cash
3822,2025-11-10,Monday,B01,Nairobi CBD,P004,Azithromycin 500mg,Antibiotic,2,120,240,M-Pesa
3823,2025-11-10,Monday,B01,Nairobi CBD,P003,Amoxicillin 250mg,Antibiotic,2,35,70,Cash
3824,2025-11-10,Monday,B01,Nairobi CBD,P001,Paracetamol 500mg,Pain Relief,3,10,30,M-Pesa
3825,2025-11-10,Monday,B01,Nairobi CBD,P004,Azithromycin 500mg,Antibiotic,3,120,360,Insurance
3826,2025-11-10,Monday,B01,Nairobi CBD,P005,Vitamin C Tablets,Supplement,3,25,75,M-Pesa
3827,2025-11-10,Monday,B01,Nairobi CBD,P005,Vitamin C Tablets,Supplement,1,25,25,Cash
3828,2025-11-10,Monday,B01,,P002,,Pain Relief,3,15,45,M-Pesa
3829,2025-11-10,Monday,B01,Nairobi CBD,P010,Antacid Tablets,Digestive,2,20,40,M-Pesa
3830,2025-11-10,Monday,B01,Nairobi CBD,P002,Ibuprofen 200mg,Pain Relief,3,15,45,M-Pesa
3831,2025-11-10,Monday,B01,Nairobi CBD,P008,Insulin,Diabetes,2,450,900,M-Pesa
3832,2025-11-10,Monday,B01,Nairobi CBD,P006,Cough Syrup,Cold & Flu,1,90,90,M-Pesa
3833,2025-11-10,Monday,B01,Nairobi CBD,P007,Metformin 500mg,Diabetes,2,40,80,M-Pesa
3834,2025-11-10,Monday,B01,Nairobi CBD,P010,Antacid Tablets,Digestive,2,20,40,Cash
3835,2025-11-10,Monday,B01,Nairobi CBD,P001,Paracetamol 500mg,Pain Relief,2,10,20,M-Pesa
3836,2025-11-10,Monday,B01,Nairobi CBD,P005,Vitamin C Tablets,Supplement,1,25,25,M-Pesa
3837,2025-11-10,Monday,B01,Nairobi CBD,P005,Vitamin C Tablets,Supplement,3,25,75,M-Pesa
3838,2025-11-10,Monday,B01,Nairobi CBD,P001,Paracetamol 500mg,Pain Relief,3,10,30,M-Pesa
3839,2025-11-10,Monday,B01,Nairobi CBD,P007,Metformin 500mg,Diabetes,1,40,40,M pesa
3840,2025-11-10,Monday,B01,Nairobi CBD,P009,Amlodipine 5mg,Hypertension,2,30,60,Insurance
3841,2025-11-10,Monday,B01,Nairobi CBD,P003,Amoxicillin 250mg,Antibiotic,3,35,105,M-Pesa
3842,2025-11-10,Monday,B02,embakasi,P010,Antacid Tablets,Digestive,3,20,60,M pesa
3843,2025-11-10,Monday,B02,Embakasi,P010,,Digestive,1,20,20,
3844,2025-11-10,Monday,B02,,P010,Antacid Tablets,Digestive,2,20,40,M-Pesa
3845,2025-11-10,Monday,B02,Embakasi,P008,Insulin,Diabetes,3,450,1350,M-Pesa
3846,2025-11-10,Monday,B02,Embakasi,P009,Amlodipine 5mg,Hypertension,1,30,30,Cash
3847,2025-11-10,Monday,B02,Embakasi,P001,Paracetamol 500mg,Pain Relief,3,10,30,Cash
3848,2025-11-10,Monday,B02,Embakasi,P007,Metformin 500mg,Diabetes,3,40,120,Card
3849,2025-11-10,Monday,B02,Embakasi,P006,Cough Syrup,Cold & Flu,3,90,270,M-Pesa
3850,2025-11-10,Monday,B02,Embakasi,P004,Azithromycin 500mg,Antibiotic,3,120,360,M-Pesa
3851,2025-11-10,Monday,B02,Embakasi,P010,Antacid Tablets,Digestive,1,20,20,Card
3852,2025-11-10,Monday,B02,Embakasi,P004,Azithromycin 500mg,Antibiotic,2,120,240,Insurance
3853,2025-11-10,Monday,B02,Embakasi,P007,Metformin 500mg,Diabetes,1,40,40,Insurance
3854,2025-11-10,Monday,B02,Embakasi,P010,Antacid Tablets,Digestive,1,20,20,Cash
3855,2025-11-10,Monday,B02,Embakasi,P008,,Diabetes,1,450,450,M-Pesa
3856,2025-11-10,Monday,B02,Embakasi,P010,Antacid Tablets,Digestive,2,20,40,M-Pesa
3857,2025-11-10,Monday,B02,Embakasi,P008,Insulin,Diabetes,3,450,1350,Card
3858,2025-11-10,Monday,B02,Embakasi,P006,Cough Syrup,Cold & Flu,3,90,270,M-Pesa
3859,2025-11-10,Monday,B02,Embakasi,P009,Amlodipine 5mg,Hypertension,3,30,90,M-Pesa
3860,2025-11-10,Monday,B02,Embakasi,P003,Amoxicillin 250mg,Antibiotic,2,35,70,M-Pesa
3861,2025-11-10,Monday,B02,Embakasi,P001,Paracetamol 500mg,Pain Relief,3,10,30,Cash
3862,2025-11-10,Monday,B02,,P003,Amoxicillin 250mg,Antibiotic,2,35,70,M-Pesa
3863,2025-11-10,Monday,B02,Embakasi,P007,Metformin 500mg,Diabetes,3,40,120,Card
3864,2025-11-10,Monday,B02,Embakasi,P008,Insulin,Diabetes,3,450,1350,M-Pesa
3865,2025-11-10,Monday,B02,Embakasi,P007,Metformin 500mg,Diabetes,1,40,40,M-Pesa
3866,2025-11-10,Monday,B02,Embakasi,P004,Azithromycin 500mg,Antibiotic,2,120,240,M-Pesa
3867,2025-11-10,Monday,B02,Embakasi,P003,Amoxicillin 250mg,Antibiotic,1,35,35,Card
3868,2025-11-10,Monday,B02,Embakasi,P008,Insulin,Diabetes,1,450,450,M-Pesa
3869,2025-11-10,Monday,B02,Embakasi,P004,Azithromycin 500mg,Antibiotic,1,120,120,M-Pesa
3870,2025-11-10,Monday,B02,Embakasi,P006,Cough Syrup,Cold & Flu,2,90,180,M-Pesa
3871,2025-11-10,Monday,B02,,P005,Vitamin C Tablets,Supplement,2,25,50,Cash
3872,2025-11-11,Tuesday,B01,Nairobi CBD,P007,Metformin 500mg,Diabetes,1,40,40,M-Pesa
3873,2025-11-11,Tuesday,B01,Nairobi CBD,P005,Vitamin C Tablets,Supplement,3,25,75,M-Pesa
3874,2025-11-11,Tuesday,B01,Nairobi CBD,P005,Vitamin C Tablets,Supplement,1,25,25,Cash
3875,2025-11-11,Tuesday,B01,Nairobi CBD,P007,Metformin 500mg,Diabetes,2,40,80,M-Pesa
3876,2025-11-11,Tuesday,B01,Nairobi CBD,P003,Amoxicillin 250mg,Antibiotic,2,35,70,M-Pesa
3877,2025-11-11,Tuesday,B01,Nairobi CBD,P003,Amoxicillin 250mg,Antibiotic,2,35,70,M-Pesa
3878,2025-11-11,Tuesday,B01,,P002,Ibuprofen 200mg,Pain Relief,1,15,15,M-Pesa
3879,2025-11-11,Tuesday,B01,Nairobi CBD,P008,Insulin,Diabetes,2,450,900,Cash
3880,2025-11-11,Tuesday,B01,Nairobi CBD,P009,Amlodipine 5mg,Hypertension,1,30,30,M-Pesa
3881,2025-11-11,Tuesday,B01,,P006,Cough Syrup,Cold & Flu,3,90,270,M-Pesa
3882,2025-11-11,Tuesday,B01,Nairobi CBD,P007,Metformin 500mg,Diabetes,1,40,40,M-Pesa
3883,2025-11-11,Tuesday,B01,Nairobi CBD,P009,,Hypertension,3,30,90,M-Pesa
3884,2025-11-11,Tuesday,B01,Nairobi CBD,P010,Antacid Tablets,Digestive,1,20,20,M-Pesa
3885,2025-11-11,Tuesday,B01,Nairobi CBD,P007,Metformin 500mg,Diabetes,3,40,120,Card
3886,2025-11-11,Tuesday,B01,Nairobi CBD,P008,Insulin,Diabetes,2,450,900,M-Pesa
3887,2025-11-11,Tuesday,B01,Nairobi CBD,P009,Amlodipine 5mg,Hypertension,3,30,101,M-Pesa
3888,2025-11-11,Tuesday,B01,Nairobi CBD,P007,Metformin 500mg,Diabetes,2,40,80,M-Pesa
3889,2025-11-11,Tuesday,B01,Nairobi CBD,P009,Amlodipine 5mg,Hypertension,2,30,60,
3890,2025-11-11,Tuesday,B01,Nairobi CBD,P007,Metformin 500mg,Diabetes,3,40,120,Card
3891,2025-11-11,Tuesday,B01,Nairobi CBD,P004,Azithromycin 500mg,Antibiotic,1,120,120,M-Pesa
3892,2025-11-11,Tuesday,B01,Nairobi CBD,P008,Insulin,Diabetes,1,450,450,M-Pesa
3893,2025-11-11,Tuesday,B01,Nairobi CBD,P004,Azithromycin 500mg,Antibiotic,1,120,120,M-Pesa
3894,2025-11-11,Tuesday,B01,Nairobi CBD,P005,Vitamin C Tablets,Supplement,1,25,25,M-Pesa
3895,2025-11-11,Tuesday,B01,Nairobi CBD,P010,Antacid Tablets,Digestive,1,20,20,M-Pesa
3896,2025-11-11,Tuesday,B01,Nairobi CBD,P005,Vitamin C Tablets,Supplement,2,25,61,Insurance
3897,2025-11-11,Tuesday,B01,Nairobi CBD,P010,Antacid Tablets,Digestive,1,20,20,M-Pesa
3898,2025-11-11,Tuesday,B01,,P004,Azithromycin 500mg,Antibiotic,2,120,240,M-Pesa
3899,2025-11-11,Tuesday,B01,Nairobi CBD,P005,Vitamin C Tablets,Supplement,2,25,50,
3900,2025-11-11,Tuesday,B01,Nairobi CBD,P006,Cough Syrup,Cold & Flu,2,90,180,M-Pesa
3901,2025-11-11,Tuesday,B01,Nairobi CBD,P002,Ibuprofen 200mg,Pain Relief,3,15,45,M-Pesa
3902,2025-11-11,Tuesday,B01,Nairobi CBD,P006,Cough Syrup,Cold & Flu,3,90,270,M-Pesa
3903,2025-11-11,Tuesday,B01,Nairobi CBD,P006,Cough Syrup,Cold & Flu,2,90,180,M-Pesa
3904,2025-11-11,Tuesday,B01,,P008,,Diabetes,3,450,1350,Cash
3905,2025-11-11,Tuesday,B01,Nairobi CBD,P002,Ibuprofen 200mg,Pain Relief,1,15,15,M pesa
3906,2025-11-11,Tuesday,B01,Nairobi CBD,P005,Vitamin C Tablets,Supplement,1,25,25,
3907,2025-11-11,Tuesday,B01,Nairobi CBD,P005,Vitamin C Tablets,Supplement,2,25,50,Cash
3908,2025-11-11,Tuesday,B01,Nairobi CBD,P006,Cough Syrup,Cold & Flu,1,90,90,Card
3909,2025-11-11,Tuesday,B02,Embakasi,P006,Cough Syrup,Cold & Flu,2,90,180,Card
3910,2025-11-11,Tuesday,B02,Embakasi,P001,Paracetamol 500mg,Pain Relief,1,10,10,M-Pesa
3911,2025-11-11,Tuesday,B02,Embakasi,P008,Insulin,Diabetes,3,450,1361,M-Pesa
3912,2025-11-11,Tuesday,B02,Embakasi,P004,Azithromycin 500mg,Antibiotic,1,120,120,M-Pesa
3913,2025-11-11,Tuesday,B02,Embakasi,P007,Metformin 500mg,Diabetes,1,40,40,Cash
3914,2025-11-11,Tuesday,B02,Embakasi,P006,Cough Syrup,Cold & Flu,2,90,180,M-Pesa
3915,2025-11-11,Tuesday,B02,Embakasi,P005,Vitamin C Tablets,Supplement,2,25,50,M-Pesa
3916,2025-11-11,Tuesday,B02,Embakasi,P008,Insulin,Diabetes,2,450,900,M-Pesa
3917,2025-11-11,Tuesday,B02,Embakasi,P004,Azithromycin 500mg,Antibiotic,2,120,240,M-Pesa
3918,2025-11-11,Tuesday,B02,embakasi,P001,Paracetamol 500mg,Pain Relief,3,10,30,M-Pesa
3919,2025-11-11,Tuesday,B02,Embakasi,P010,Antacid Tablets,Digestive,3,20,60,M-Pesa
3920,2025-11-11,Tuesday,B02,embakasi,P005,Vitamin C Tablets,Supplement,3,25,75,M-Pesa
3921,2025-11-11,Tuesday,B02,Embakasi,P003,Amoxicillin 250mg,Antibiotic,2,35,70,M-Pesa
3922,2025-11-11,Tuesday,B02,Embakasi,P007,Metformin 500mg,Diabetes,2,40,80,Card
3923,2025-11-11,Tuesday,B02,Embakasi,P009,Amlodipine 5mg,Hypertension,2,30,60,M-Pesa
3924,2025-11-11,Tuesday,B02,Embakasi,P009,Amlodipine 5mg,Hypertension,3,30,90, Cash
3925,2025-11-11,Tuesday,B02,Embakasi,P008,Insulin,Diabetes,2,450,900,Card
3926,2025-11-11,Tuesday,B02,Embakasi,P001,,Pain Relief,1,10,10,Insurance
3927,2025-11-11,Tuesday,B02,,P003,,Antibiotic,1,35,35,M-Pesa
3928,2025-11-11,Tuesday,B02,Embakasi,P001,Paracetamol 500mg,Pain Relief,2,10,20,Cash
3929,2025-11-11,Tuesday,B02,Embakasi,P010,Antacid Tablets,Digestive,1,20,20,Cash
3930,2025-11-11,Tuesday,B02,Embakasi,P009,Amlodipine 5mg,Hypertension,1,30,30,M-Pesa
3931,2025-11-11,Tuesday,B02,Embakasi,P009,Amlodipine 5mg,Hypertension,3,30,90,M-Pesa
3932,2025-11-11,Tuesday,B02,Embakasi,P003,Amoxicillin 250mg,Antibiotic,2,35,70,Cash
3933,2025-11-11,Tuesday,B02,embakasi,P003,Amoxicillin 250mg,Antibiotic,2,35,70,Insurance
3934,2025-11-11,Tuesday,B02,Embakasi,P007,,Diabetes,3,40,120,M-Pesa
3935,2025-11-11,Tuesday,B02,Embakasi,P001,Paracetamol 500mg,Pain Relief,1,10,10,Cash
3936,2025-11-11,Tuesday,B02,Embakasi,P007,Metformin 500mg,Diabetes,1,40,40,M-Pesa
3937,2025-11-11,Tuesday,B02,Embakasi,P010,Antacid Tablets,Digestive,2,20,40,Cash
3938,2025-11-11,Tuesday,B02,Embakasi,P003,Amoxicillin 250mg,Antibiotic,1,35,35,M-Pesa
3939,2025-11-11,Tuesday,B02,Embakasi,P009,Amlodipine 5mg,Hypertension,3,30,90,Cash
3940,2025-11-11,Tuesday,B02,Embakasi,P006,,Cold & Flu,3,90,270,M-Pesa
3941,2025-11-11,Tuesday,B02,Embakasi,P010,Antacid Tablets,Digestive,2,20,40,M-Pesa
3942,2025-11-11,Tuesday,B02,Embakasi,P003,Amoxicillin 250mg,Antibiotic,3,35,105,M-Pesa
3943,2025-11-11,Tuesday,B02,Embakasi,P003,Amoxicillin 250mg,Antibiotic,3,35,105,M-Pesa
3944,2025-11-12,Wednesday,B01,,P008,Insulin,Diabetes,3,450,1350,M-Pesa
3945,2025-11-12,Wednesday,B01,Nairobi CBD,P007,Metformin 500mg,Diabetes,3,40,120,M-Pesa
3946,2025-11-12,Wednesday,B01,Nairobi CBD,P006,Cough Syrup,Cold & Flu,3,90,270,M-Pesa
3947,2025-11-12,Wednesday,B01,Nairobi CBD,P004,Azithromycin 500mg,Antibiotic,1,120,120, M-Pesa
3948,2025-11-12,Wednesday,B01,Nairobi CBD,P010,Antacid Tablets,Digestive,2,20,40,M-Pesa
3949,2025-11-12,Wednesday,B01,Nairobi CBD,P005,Vitamin C Tablets,Supplement,2,25,50,
3950,2025-11-12,Wednesday,B01,Nairobi CBD,P009,Amlodipine 5mg,Hypertension,2,30,60,M-Pesa
3951,2025-11-12,Wednesday,B01,Nairobi CBD,P003,Amoxicillin 250mg,Antibiotic,1,35,35,M-Pesa
3952,2025-11-12,Wednesday,B01,Nairobi CBD,P007,Metformin 500mg,Diabetes,1,40,40,M-Pesa
3953,2025-11-12,Wednesday,B01,Nairobi CBD,P007,Metformin 500mg,Diabetes,2,40,80,Cash
3954,2025-11-12,Wednesday,B01,Nairobi CBD,P003,Amoxicillin 250mg,Antibiotic,1,35,35,M-Pesa
3955,2025-11-12,Wednesday,B01,Nairobi CBD,P009,Amlodipine 5mg,Hypertension,2,30,60,M-Pesa
3956,2025-11-12,Wednesday,B01,Nairobi CBD,P009,Amlodipine 5mg,Hypertension,1,30,30,M-Pesa
3957,2025-11-12,Wednesday,B01,Nairobi CBD,P008,Insulin,Diabetes,3,450,1350,M-Pesa
3958,2025-11-12,Wednesday,B01,Nairobi CBD,P009,Amlodipine 5mg,Hypertension,3,30,90,M-Pesa
3959,2025-11-12,Wednesday,B01,Nairobi CBD,P002,Ibuprofen 200mg,Pain Relief,2,15,30,M-Pesa
3960,2025-11-12,Wednesday,B01,Nairobi CBD,P006,Cough Syrup,Cold & Flu,1,90,90,Cash
3961,2025-11-12,Wednesday,B01,Nairobi CBD,P009,Amlodipine 5mg,Hypertension,1,30,30,M-Pesa
3962,2025-11-12,Wednesday,B01,Nairobi CBD,P009,Amlodipine 5mg,Hypertension,3,30,90,
3963,2025-11-12,Wednesday,B01,Nairobi CBD,P005,Vitamin C Tablets,Supplement,3,25,75,M-Pesa
3964,2025-11-12,Wednesday,B01,Nairobi CBD,P005,Vitamin C Tablets,Supplement,1,25,25,M-Pesa
3965,2025-11-12,Wednesday,B01,Nairobi CBD,P008,Insulin,Diabetes,1,450,450,M-Pesa
3966,2025-11-12,Wednesday,B01,Nairobi CBD,P003,Amoxicillin 250mg,Antibiotic,1,35,35,M-Pesa
3967,2025-11-12,Wednesday,B01,Nairobi CBD,P007,Metformin 500mg,Diabetes,1,40,40,Cash
3968,2025-11-12,Wednesday,B01,Nairobi CBD,P008,Insulin,Diabetes,1,450,450,
3969,2025-11-12,Wednesday,B01,Nairobi CBD,P001,Paracetamol 500mg,Pain Relief,1,10,10,M-Pesa
3970,2025-11-12,Wednesday,B01,Nairobi CBD,P002,Ibuprofen 200mg,Pain Relief,2,15,30,Cash
3971,2025-11-12,Wednesday,B01,Nairobi CBD,P003,Amoxicillin 250mg,Antibiotic,1,35,35,Cash
3972,2025-11-12,Wednesday,B01,Nairobi CBD,P007,Metformin 500mg,Diabetes,3,40,120,M-Pesa
3973,2025-11-12,Wednesday,B01,Nairobi CBD,P003,Amoxicillin 250mg,Antibiotic,2,35,70,M-Pesa
3974,2025-11-12,Wednesday,B01,Nairobi CBD,P002,Ibuprofen 200mg,Pain Relief,1,15,15,Cash
3975,2025-11-12,Wednesday,B01,Nairobi CBD,P004,Azithromycin 500mg,Antibiotic,3,120,360,M pesa
3976,2025-11-12,Wednesday,B01,Nairobi CBD,P009,Amlodipine 5mg,Hypertension,2,30,60,Cash
3977,2025-11-12,Wednesday,B01,Nairobi CBD,P002,Ibuprofen 200mg,Pain Relief,3,15,45,M-Pesa
3978,2025-11-12,Wednesday,B01,Nairobi CBD,P006,Cough Syrup,Cold & Flu,1,90,90,M-Pesa
3979,2025-11-12,Wednesday,B01,Nairobi CBD,P008,Insulin,Diabetes,1,450,450,Cash
3980,2025-11-12,Wednesday,B02,Embakasi,P008,Insulin,Diabetes,1,450,450,Card
3981,2025-11-12,Wednesday,B02,Embakasi,P009,Amlodipine 5mg,Hypertension,2,30,60,M-Pesa
3982,2025-11-12,Wednesday,B02,Embakasi,P005,Vitamin C Tablets,Supplement,2,25,50,Cash
3983,2025-11-12,Wednesday,B02,Embakasi,P009,Amlodipine 5mg,Hypertension,3,30,101,M-Pesa
3984,2025-11-12,Wednesday,B02,Embakasi,P008,Insulin,Diabetes,1,450,450,Card
3985,2025-11-12,Wednesday,B02,Embakasi,P006,Cough Syrup,Cold & Flu,3,90,270,Insurance
3986,2025-11-12,Wednesday,B02,Embakasi,P009,Amlodipine 5mg,Hypertension,2,30,60,M-Pesa
3987,2025-11-12,Wednesday,B02,Embakasi,P008,Insulin,Diabetes,1,450,450,M-Pesa
3988,2025-11-12,Wednesday,B02,,P003,Amoxicillin 250mg,Antibiotic,1,35,35,M-Pesa
3989,2025-11-12,Wednesday,B02,embakasi,P001,Paracetamol 500mg,Pain Relief,2,10,20,M-Pesa
3990,2025-11-12,Wednesday,B02,Embakasi,P003,,Antibiotic,2,35,70,M-Pesa
3991,2025-11-12,Wednesday,B02,Embakasi,P010,Antacid Tablets,Digestive,2,20,40,Insurance
3992,2025-11-12,Wednesday,B02,Embakasi,P009,Amlodipine 5mg,Hypertension,2,30,60,Card
3993,2025-11-12,Wednesday,B02,Embakasi,P002,Ibuprofen 200mg,Pain Relief,2,15,30,M-Pesa
3994,2025-11-12,Wednesday,B02,Embakasi,P006,Cough Syrup,Cold & Flu,1,90,90,M-Pesa
3995,2025-11-12,Wednesday,B02,Embakasi,P009,Amlodipine 5mg,Hypertension,2,30,60,M-Pesa
3996,2025-11-12,Wednesday,B02,Embakasi,P007,Metformin 500mg,Diabetes,1,40,40,M-Pesa
3997,2025-11-12,Wednesday,B02,Embakasi,P009,Amlodipine 5mg,Hypertension,1,30,30,M-Pesa
3998,2025-11-12,Wednesday,B02,,P005,Vitamin C Tablets,Supplement,2,25,50,
3999,2025-11-12,Wednesday,B02,,P004,Azithromycin 500mg,Antibiotic,2,120,240,M-Pesa
4000,2025-11-12,Wednesday,B02,Embakasi,P002,Ibuprofen 200mg,Pain Relief,1,15,15,
4001,2025-11-12,Wednesday,B02,Embakasi,P005,Vitamin C Tablets,Supplement,2,25,50,M-Pesa
4002,2025-11-12,Wednesday,B02,Embakasi,P006,Cough Syrup,Cold & Flu,2,90,180,M-Pesa
4003,2025-11-12,Wednesday,B02,Embakasi,P001,Paracetamol 500mg,Pain Relief,2,10,20,M-Pesa
4004,2025-11-12,Wednesday,B02,Embakasi,P010,Antacid Tablets,Digestive,3,20,60,Cash
4005,2025-11-12,Wednesday,B02,Embakasi,P009,Amlodipine 5mg,Hypertension,1,30,30,Cash
4006,2025-11-12,Wednesday,B02,Embakasi,P007,Metformin 500mg,Diabetes,3,40,120,Card
4007,2025-11-12,Wednesday,B02,Embakasi,P007,,Diabetes,2,40,80,M-Pesa
4008,2025-11-12,Wednesday,B02,Embakasi,P001,Paracetamol 500mg,Pain Relief,3,10,30,Cash
4009,2025-11-12,Wednesday,B02,Embakasi,P003,Amoxicillin 250mg,Antibiotic,2,35,70,Cash
4010,2025-11-12,Wednesday,B02,Embakasi,P001,,Pain Relief,3,10,30,M-Pesa
4011,2025-11-12,Wednesday,B02,Embakasi,P003,Amoxicillin 250mg,Antibiotic,2,35,70,M-Pesa
4012,2025-11-12,Wednesday,B02,Embakasi,P009,Amlodipine 5mg,Hypertension,3,30,90,
4013,2025-11-12,Wednesday,B02,Embakasi,P009,Amlodipine 5mg,Hypertension,3,30,90,M-Pesa
4014,2025-11-13,Thursday,B01,Nairobi CBD,P009,Amlodipine 5mg,Hypertension,3,30,90,Insurance
4015,2025-11-13,Thursday,B01,Nairobi CBD,P008,Insulin,Diabetes,1,450,450,Cash
4016,2025-11-13,Thursday,B01,Nairobi CBD,P004,Azithromycin 500mg,Antibiotic,2,120,240,Card
4017,2025-11-13,Thursday,B01,Nairobi CBD,P002,Ibuprofen 200mg,Pain Relief,3,15,45,M-Pesa
4018,2025-11-13,Thursday,B01,Nairobi CBD,P008,Insulin,Diabetes,2,450,900,M-Pesa
4019,2025-11-13,Thursday,B01,Nairobi CBD,P001,Paracetamol 500mg,Pain Relief,2,10,20,Cash
4020,2025-11-13,Thursday,B01,Nairobi CBD,P005,Vitamin C Tablets,Supplement,3,25,75,
4021,2025-11-13,Thursday,B01,,P007,Metformin 500mg,Diabetes,1,40,51,M-Pesa
4022,2025-11-13,Thursday,B01,Nairobi CBD,P007,,Diabetes,3,40,120,M-Pesa
4023,2025-11-13,Thursday,B01,Nairobi CBD,P003,,Antibiotic,2,35,81,M-Pesa
4024,2025-11-13,Thursday,B01,Nairobi CBD,P003,Amoxicillin 250mg,Antibiotic,2,35,70, M-Pesa
4025,2025-11-13,Thursday,B01,Nairobi CBD,P003,,Antibiotic,3,35,105,M-Pesa
4026,2025-11-13,Thursday,B01,Nairobi CBD,P003,Amoxicillin 250mg,Antibiotic,1,35,35,M pesa
4027,2025-11-13,Thursday,B01,Nairobi CBD,P009,Amlodipine 5mg,Hypertension,1,30,30,Card
4028,2025-11-13,Thursday,B01,Nairobi CBD,P002,Ibuprofen 200mg,Pain Relief,2,15,30,Cash
4029,2025-11-13,Thursday,B01,,P008,Insulin,Diabetes,2,450,900,
4030,2025-11-13,Thursday,B01,Nairobi CBD,P004,Azithromycin 500mg,Antibiotic,1,120,120,M pesa
4031,2025-11-13,Thursday,B01,Nairobi CBD,P009,Amlodipine 5mg,Hypertension,3,30,90,M pesa
4032,2025-11-13,Thursday,B01,Nairobi CBD,P008,Insulin,Diabetes,2,450,900,M-Pesa
4033,2025-11-13,Thursday,B01,Nairobi CBD,P010,Antacid Tablets,Digestive,1,20,20,M-Pesa
4034,2025-11-13,Thursday,B01,Nairobi CBD,P003,Amoxicillin 250mg,Antibiotic,2,35,70,Cash
4035,2025-11-13,Thursday,B01,Nairobi CBD,P002,Ibuprofen 200mg,Pain Relief,3,15,45,M-Pesa
4036,2025-11-13,Thursday,B01,Nairobi CBD,P007,Metformin 500mg,Diabetes,1,40,40,M-Pesa
4037,2025-11-13,Thursday,B01,Nairobi CBD,P006,Cough Syrup,Cold & Flu,2,90,180,M pesa
4038,2025-11-13,Thursday,B01,Nairobi CBD,P003,Amoxicillin 250mg,Antibiotic,3,35,105,M-Pesa
4039,2025-11-13,Thursday,B01,Nairobi CBD,P003,Amoxicillin 250mg,Antibiotic,2,35,70,Card
4040,2025-11-13,Thursday,B01,Nairobi CBD,P005,,Supplement,3,25,75,Cash
4041,2025-11-13,Thursday,B01,Nairobi CBD,P003,Amoxicillin 250mg,Antibiotic,3,35,105,M-Pesa
4042,2025-11-13,Thursday,B01,Nairobi CBD,P006,Cough Syrup,Cold & Flu,1,90,101,M-Pesa
4043,2025-11-13,Thursday,B01,Nairobi CBD,P007,Metformin 500mg,Diabetes,3,40,120,M-Pesa
4044,2025-11-13,Thursday,B01,Nairobi CBD,P010,Antacid Tablets,Digestive,2,20,40,M-Pesa
4045,2025-11-13,Thursday,B01,Nairobi CBD,P002,Ibuprofen 200mg,Pain Relief,3,15,45,Insurance
4046,2025-11-13,Thursday,B01,Nairobi CBD,P006,Cough Syrup,Cold & Flu,3,90,270,Cash
4047,2025-11-13,Thursday,B01,Nairobi CBD,P008,Insulin,Diabetes,1,450,450,M-Pesa
4048,2025-11-13,Thursday,B01,Nairobi CBD,P010,Antacid Tablets,Digestive,3,20,60,Cash
4049,2025-11-13,Thursday,B02,Embakasi,P002,,Pain Relief,2,15,30,M-Pesa
4050,2025-11-13,Thursday,B02,Embakasi,P003,Amoxicillin 250mg,Antibiotic,1,35,35,M pesa
4051,2025-11-13,Thursday,B02,Embakasi,P003,Amoxicillin 250mg,Antibiotic,1,35,35,M-Pesa
4052,2025-11-13,Thursday,B02,Embakasi,P008,Insulin,Diabetes,1,450,450,M-Pesa
4053,2025-11-13,Thursday,B02,Embakasi,P007,Metformin 500mg,Diabetes,3,40,131,M-Pesa
4054,2025-11-13,Thursday,B02,Embakasi,P007,Metformin 500mg,Diabetes,1,40,40,Insurance
4055,2025-11-13,Thursday,B02,Embakasi,P010,Antacid Tablets,Digestive,3,20,60,Cash
4056,2025-11-13,Thursday,B02,Embakasi,P006,Cough Syrup,Cold & Flu,3,90,270,M-Pesa
4057,2025-11-13,Thursday,B02,embakasi,P005,Vitamin C Tablets,Supplement,2,25,50,M-Pesa
4058,2025-11-13,Thursday,B02,Embakasi,P008,Insulin,Diabetes,2,450,900,Cash
4059,2025-11-13,Thursday,B02,Embakasi,P005,Vitamin C Tablets,Supplement,2,25,50,M-Pesa
4060,2025-11-13,Thursday,B02,Embakasi,P005,Vitamin C Tablets,Supplement,2,25,50,M-Pesa
4061,2025-11-13,Thursday,B02,Embakasi,P004,Azithromycin 500mg,Antibiotic,2,120,240,Cash
4062,2025-11-13,Thursday,B02,embakasi,P002,Ibuprofen 200mg,Pain Relief,3,15,45,M-Pesa
4063,2025-11-13,Thursday,B02,Embakasi,P002,Ibuprofen 200mg,Pain Relief,3,15,45,M-Pesa
4064,2025-11-13,Thursday,B02,Embakasi,P006,Cough Syrup,Cold & Flu,1,90,90,M-Pesa
4065,2025-11-13,Thursday,B02,Embakasi,P001,Paracetamol 500mg,Pain Relief,3,10,30,M-Pesa
4066,2025-11-13,Thursday,B02,Embakasi,P009,Amlodipine 5mg,Hypertension,3,30,90,M-Pesa
4067,2025-11-13,Thursday,B02,Embakasi,P005,Vitamin C Tablets,Supplement,2,25,50,M pesa
4068,2025-11-13,Thursday,B02,Embakasi,P002,,Pain Relief,3,15,45,Insurance
4069,2025-11-13,Thursday,B02,Embakasi,P007,Metformin 500mg,Diabetes,2,40,80,Insurance
4070,2025-11-13,Thursday,B02,embakasi,P002,Ibuprofen 200mg,Pain Relief,1,15,15,Card
4071,2025-11-13,Thursday,B02,Embakasi,P001,Paracetamol 500mg,Pain Relief,1,10,10,M-Pesa
4072,2025-11-13,Thursday,B02,Embakasi,P002,Ibuprofen 200mg,Pain Relief,3,15,45,M-Pesa
4073,2025-11-13,Thursday,B02,Embakasi,P004,Azithromycin 500mg,Antibiotic,1,120,120,Cash
4074,2025-11-13,Thursday,B02,Embakasi,P004,Azithromycin 500mg,Antibiotic,3,120,360,Cash
4075,2025-11-13,Thursday,B02,Embakasi,P004,Azithromycin 500mg,Antibiotic,1,120,120,M-Pesa
4076,2025-11-13,Thursday,B02,Embakasi,P004,Azithromycin 500mg,Antibiotic,2,120,240,Cash
4077,2025-11-13,Thursday,B02,Embakasi,P008,Insulin,Diabetes,2,450,900,Cash
4078,2025-11-13,Thursday,B02,Embakasi,P002,Ibuprofen 200mg,Pain Relief,2,15,30,M-Pesa
4079,2025-11-13,Thursday,B02,Embakasi,P003,Amoxicillin 250mg,Antibiotic,2,35,70,M-Pesa
4080,2025-11-13,Thursday,B02,Embakasi,P008,Insulin,Diabetes,3,450,1350,Cash
4081,2025-11-14,Friday,B01,Nairobi CBD,P008,Insulin,Diabetes,3,450,1350,M-Pesa
4082,2025-11-14,Friday,B01,Nairobi CBD,P007,,Diabetes,2,40,80,M-Pesa
4083,2025-11-14,Friday,B01,Nairobi CBD,P010,Antacid Tablets,Digestive,3,20,60,M-Pesa
4084,2025-11-14,Friday,B01,Nairobi CBD,P010,Antacid Tablets,Digestive,1,20,20,Card
4085,2025-11-14,Friday,B01,Nairobi CBD,P006,Cough Syrup,Cold & Flu,3,90,270,M pesa
4086,2025-11-14,Friday,B01,Nairobi CBD,P002,Ibuprofen 200mg,Pain Relief,1,15,15,M-Pesa
4087,2025-11-14,Friday,B01,Nairobi CBD,P010,Antacid Tablets,Digestive,3,20,60,M-Pesa
4088,2025-11-14,Friday,B01,Nairobi CBD,P004,Azithromycin 500mg,Antibiotic,1,120,120,M-Pesa
4089,2025-11-14,Friday,B01,Nairobi CBD,P002,Ibuprofen 200mg,Pain Relief,1,15,15,Cash
4090,2025-11-14,Friday,B01,Nairobi CBD,P008,Insulin,Diabetes,2,450,900,M pesa
4091,2025-11-14,Friday,B01,Nairobi CBD,P004,Azithromycin 500mg,Antibiotic,1,120,120,Card
4092,2025-11-14,Friday,B01,Nairobi CBD,P006,Cough Syrup,Cold & Flu,2,90,180,Card
4093,2025-11-14,Friday,B01,Nairobi CBD,P009,Amlodipine 5mg,Hypertension,2,30,60,M-Pesa
4094,2025-11-14,Friday,B01,Nairobi CBD,P001,Paracetamol 500mg,Pain Relief,2,10,20,
4095,2025-11-14,Friday,B01,Nairobi CBD,P003,Amoxicillin 250mg,Antibiotic,3,35,105,M-Pesa
4096,2025-11-14,Friday,B01,Nairobi CBD,P007,Metformin 500mg,Diabetes,3,40,120,M-Pesa
4097,2025-11-14,Friday,B01,Nairobi CBD,P004,Azithromycin 500mg,Antibiotic,3,120,360,M-Pesa
4098,2025-11-14,Friday,B01,Nairobi CBD,P004,Azithromycin 500mg,Antibiotic,3,120,360,M pesa
4099,2025-11-14,Friday,B01,Nairobi CBD,P010,Antacid Tablets,Digestive,1,20,20,Cash
4100,2025-11-14,Friday,B01,Nairobi CBD,P008,Insulin,Diabetes,1,450,450,M-Pesa
4101,2025-11-14,Friday,B01,Nairobi CBD,P008,Insulin,Diabetes,3,450,1350,
4102,2025-11-14,Friday,B01,Nairobi CBD,P005,Vitamin C Tablets,Supplement,1,25,25,M-Pesa
4103,2025-11-14,Friday,B01,Nairobi CBD,P010,Antacid Tablets,Digestive,1,20,20,Cash
4104,2025-11-14,Friday,B01,Nairobi CBD,P010,Antacid Tablets,Digestive,2,20,40,M pesa
4105,2025-11-14,Friday,B01,,P004,Azithromycin 500mg,Antibiotic,2,120,240,Cash
4106,2025-11-14,Friday,B01,Nairobi CBD,P007,Metformin 500mg,Diabetes,2,40,80,M-Pesa
4107,2025-11-14,Friday,B01,Nairobi CBD,P009,Amlodipine 5mg,Hypertension,2,30,60,M-Pesa
4108,2025-11-14,Friday,B01,Nairobi CBD,P005,Vitamin C Tablets,Supplement,1,25,25,Cash
4109,2025-11-14,Friday,B01,Nairobi CBD,P002,Ibuprofen 200mg,Pain Relief,3,15,45,M-Pesa
4110,2025-11-14,Friday,B01,Nairobi CBD,P006,Cough Syrup,Cold & Flu,1,90,90,Cash
4111,2025-11-14,Friday,B01,Nairobi CBD,P007,Metformin 500mg,Diabetes,1,40,40,Insurance
4112,2025-11-14,Friday,B01,Nairobi CBD,P004,Azithromycin 500mg,Antibiotic,1,120,120,M-Pesa
4113,2025-11-14,Friday,B01,Nairobi CBD,P005,Vitamin C Tablets,Supplement,2,25,50,Cash
4114,2025-11-14,Friday,B01,Nairobi CBD,P003,Amoxicillin 250mg,Antibiotic,2,35,70,M-Pesa
4115,2025-11-14,Friday,B01,Nairobi CBD,P010,Antacid Tablets,Digestive,2,20,40,Cash
4116,2025-11-14,Friday,B02,,P010,Antacid Tablets,Digestive,1,20,20,M-Pesa
4117,2025-11-14,Friday,B02,Embakasi,P003,Amoxicillin 250mg,Antibiotic,3,35,105,M-Pesa
4118,2025-11-14,Friday,B02,Embakasi,P003,Amoxicillin 250mg,Antibiotic,2,35,70,M-Pesa
4119,2025-11-14,Friday,B02,Embakasi,P005,Vitamin C Tablets,Supplement,3,25,75,Card
4120,2025-11-14,Friday,B02,Embakasi,P005,,Supplement,1,25,36,Cash
4121,2025-11-14,Friday,B02,Embakasi,P009,Amlodipine 5mg,Hypertension,1,30,30,M-Pesa
4122,2025-11-14,Friday,B02,Embakasi,P006,,Cold & Flu,2,90,180,M-Pesa
4123,2025-11-14,Friday,B02,Embakasi,P008,Insulin,Diabetes,2,450,900,M-Pesa
4124,2025-11-14,Friday,B02,Embakasi,P010,Antacid Tablets,Digestive,3,20,60,Cash
4125,2025-11-14,Friday,B02,Embakasi,P009,Amlodipine 5mg,Hypertension,2,30,60,M-Pesa
4126,2025-11-14,Friday,B02,Embakasi,P009,Amlodipine 5mg,Hypertension,2,30,60,
4127,2025-11-14,Friday,B02,Embakasi,P007,Metformin 500mg,Diabetes,1,40,40,Cash
4128,2025-11-14,Friday,B02,,P002,Ibuprofen 200mg,Pain Relief,2,15,30,M-Pesa
4129,2025-11-14,Friday,B02,Embakasi,P008,Insulin,Diabetes,2,450,900,M-Pesa
4130,2025-11-14,Friday,B02,Embakasi,P002,Ibuprofen 200mg,Pain Relief,1,15,15,M-Pesa
4131,2025-11-14,Friday,B02,Embakasi,P007,Metformin 500mg,Diabetes,1,40,40,M-Pesa
4132,2025-11-14,Friday,B02,Embakasi,P007,Metformin 500mg,Diabetes,3,40,120,M-Pesa
4133,2025-11-14,Friday,B02,embakasi,P007,Metformin 500mg,Diabetes,2,40,80,M-Pesa
4134,2025-11-14,Friday,B02,Embakasi,P010,Antacid Tablets,Digestive,1,20,20,M-Pesa
4135,2025-11-14,Friday,B02,Embakasi,P010,Antacid Tablets,Digestive,3,20,60,M-Pesa
4136,2025-11-14,Friday,B02,Embakasi,P006,Cough Syrup,Cold & Flu,3,90,270,M-Pesa
4137,2025-11-14,Friday,B02,Embakasi,P007,Metformin 500mg,Diabetes,2,40,80,Cash
4138,2025-11-14,Friday,B02,Embakasi,P005,Vitamin C Tablets,Supplement,2,25,50,Insurance
4139,2025-11-14,Friday,B02,Embakasi,P004,Azithromycin 500mg,Antibiotic,3,120,360,M-Pesa
4140,2025-11-14,Friday,B02,Embakasi,P003,Amoxicillin 250mg,Antibiotic,1,35,35,M-Pesa
4141,2025-11-14,Friday,B02,Embakasi,P008,Insulin,Diabetes,3,450,1350,M-Pesa
4142,2025-11-14,Friday,B02,Embakasi,P002,Ibuprofen 200mg,Pain Relief,2,15,30,M-Pesa
4143,2025-11-14,Friday,B02,Embakasi,P002,Ibuprofen 200mg,Pain Relief,1,15,15,M-Pesa
4144,2025-11-14,Friday,B02,Embakasi,P009,Amlodipine 5mg,Hypertension,1,30,30,Cash
4145,2025-11-14,Friday,B02,Embakasi,P004,Azithromycin 500mg,Antibiotic,3,120,360,Card
4146,2025-11-14,Friday,B02,Embakasi,P002,Ibuprofen 200mg,Pain Relief,2,15,30,M-Pesa
4147,2025-11-14,Friday,B02,,P005,Vitamin C Tablets,Supplement,3,25,75,M-Pesa
4148,2025-11-15,Saturday,B01,Nairobi CBD,P002,Ibuprofen 200mg,Pain Relief,3,15,45,M-Pesa
4149,2025-11-15,Saturday,B01,Nairobi CBD,P010,Antacid Tablets,Digestive,1,20,20,Cash
4150,2025-11-15,Saturday,B01,Nairobi CBD,P008,Insulin,Diabetes,1,450,450,Cash
4151,2025-11-15,Saturday,B01,Nairobi CBD,P007,Metformin 500mg,Diabetes,2,40,80,M-Pesa
4152,2025-11-15,Saturday,B01,Nairobi CBD,P005,Vitamin C Tablets,Supplement,2,25,50,M-Pesa
4153,2025-11-15,Saturday,B01,Nairobi CBD,P002,Ibuprofen 200mg,Pain Relief,3,15,45,Insurance
4154,2025-11-15,Saturday,B01,Nairobi CBD,P009,Amlodipine 5mg,Hypertension,3,30,90, Cash
4155,2025-11-15,Saturday,B01,Nairobi CBD,P006,Cough Syrup,Cold & Flu,3,90,270,M-Pesa
4156,2025-11-15,Saturday,B01,Nairobi CBD,P008,Insulin,Diabetes,2,450,900,
4157,2025-11-15,Saturday,B01,Nairobi CBD,P001,,Pain Relief,1,10,21,Cash
4158,2025-11-15,Saturday,B01,Nairobi CBD,P001,Paracetmol,Pain Relief,1,10,10,Cash
4159,2025-11-15,Saturday,B01,Nairobi CBD,P009,Amlodipine 5mg,Hypertension,3,30,90,M-Pesa
4160,2025-11-15,Saturday,B01,Nairobi CBD,P010,Antacid Tablets,Digestive,3,20,60,
4161,2025-11-15,Saturday,B01,Nairobi CBD,P010,Antacid Tablets,Digestive,3,20,60,M-Pesa
4162,2025-11-15,Saturday,B01,Nairobi CBD,P003,Amoxicillin 250mg,Antibiotic,3,35,105,M-Pesa
4163,2025-11-15,Saturday,B01,Nairobi CBD,P001,Paracetamol 500mg,Pain Relief,2,10,20,M-Pesa
4164,2025-11-15,Saturday,B01,Nairobi CBD,P003,Amoxicillin 250mg,Antibiotic,1,35,46,M-Pesa
4165,2025-11-15,Saturday,B01,Nairobi CBD,P001,Paracetamol 500mg,Pain Relief,3,10,30,M-Pesa
4166,2025-11-15,Saturday,B01,,P003,Amoxicillin 250mg,Antibiotic,2,35,70, M-Pesa
4167,2025-11-15,Saturday,B01,Nairobi CBD,P004,Azithromycin 500mg,Antibiotic,3,120,360,M-Pesa
4168,2025-11-15,Saturday,B01,Nairobi CBD,P007,Metformin 500mg,Diabetes,3,40,120,Card
4169,2025-11-15,Saturday,B01,Nairobi CBD,P006,Cough Syrup,Cold & Flu,1,90,90,M-Pesa
4170,2025-11-15,Saturday,B01,Nairobi CBD,P008,Insulin,Diabetes,3,450,1350,Card
4171,2025-11-15,Saturday,B01,Nairobi CBD,P009,Amlodipine 5mg,Hypertension,1,30,30,M-Pesa
4172,2025-11-15,Saturday,B01,Nairobi CBD,P008,Insulin,Diabetes,1,450,450,M-Pesa
4173,2025-11-15,Saturday,B01,Nairobi CBD,P005,Vitamin C Tablets,Supplement,1,25,25,M-Pesa
4174,2025-11-15,Saturday,B01,Nairobi CBD,P003,Amoxicillin 250mg,Antibiotic,2,35,70,M pesa
4175,2025-11-15,Saturday,B01,Nairobi CBD,P004,Azithromycin 500mg,Antibiotic,2,120,240,M-Pesa
4176,2025-11-15,Saturday,B01,,P008,Insulin,Diabetes,1,450,450,M-Pesa
4177,2025-11-15,Saturday,B01,Nairobi CBD,P007,Metformin 500mg,Diabetes,3,40,120,M-Pesa
4178,2025-11-15,Saturday,B01,Nairobi CBD,P009,Amlodipine 5mg,Hypertension,1,30,30,M-Pesa
4179,2025-11-15,Saturday,B01,,P004,Azithromycin 500mg,Antibiotic,3,120,360,M-Pesa
4180,2025-11-15,Saturday,B01,Nairobi CBD,P008,Insulin,Diabetes,1,450,450,M-Pesa
4181,2025-11-15,Saturday,B01,Nairobi CBD,P008,Insulin,Diabetes,3,450,1350,M-Pesa
4182,2025-11-15,Saturday,B01,,P007,Metformin 500mg,Diabetes,2,40,80,M-Pesa
4183,2025-11-15,Saturday,B01,Nairobi CBD,P010,Antacid Tablets,Digestive,3,20,60,M-Pesa
4184,2025-11-15,Saturday,B01,Nairobi CBD,P009,Amlodipine 5mg,Hypertension,1,30,30,M-Pesa
4185,2025-11-15,Saturday,B02,,P007,Metformin 500mg,Diabetes,3,40,120,M-Pesa
4186,2025-11-15,Saturday,B02,Embakasi,P009,Amlodipine 5mg,Hypertension,3,30,90,M-Pesa
4187,2025-11-15,Saturday,B02,Embakasi,P004,Azithromycin 500mg,Antibiotic,3,120,360,M-Pesa
4188,2025-11-15,Saturday,B02,Embakasi,P005,Vitamin C Tablets,Supplement,3,25,75,M-Pesa
4189,2025-11-15,Saturday,B02,Embakasi,P002,Ibuprofen 200mg,Pain Relief,3,15,45,M-Pesa
4190,2025-11-15,Saturday,B02,Embakasi,P007,Metformin 500mg,Diabetes,2,40,80,Cash
4191,2025-11-15,Saturday,B02,Embakasi,P001,Paracetamol 500mg,Pain Relief,2,10,20,Card
4192,2025-11-15,Saturday,B02,Embakasi,P001,Paracetamol 500mg,Pain Relief,2,10,20,Card
4193,2025-11-15,Saturday,B02,,P004,Azithromycin 500mg,Antibiotic,2,120,240,M-Pesa
4194,2025-11-15,Saturday,B02,Embakasi,P002,Ibuprofen 200mg,Pain Relief,1,15,15,Insurance
4195,2025-11-15,Saturday,B02,Embakasi,P009,Amlodipine 5mg,Hypertension,2,30,60,M-Pesa
4196,2025-11-15,Saturday,B02,Embakasi,P004,Azithromycin 500mg,Antibiotic,3,120,360,M-Pesa
4197,2025-11-15,Saturday,B02,Embakasi,P007,Metformin 500mg,Diabetes,3,40,120,M-Pesa
4198,2025-11-15,Saturday,B02,Embakasi,P010,Antacid Tablets,Digestive,2,20,40,Cash
4199,2025-11-15,Saturday,B02,Embakasi,P001,Paracetamol 500mg,Pain Relief,3,10,30,M-Pesa
4200,2025-11-15,Saturday,B02,Embakasi,P006,Cough Syrup,Cold & Flu,2,90,180,Insurance
4201,2025-11-15,Saturday,B02,Embakasi,P003,Amoxicillin 250mg,Antibiotic,3,35,105,M-Pesa
4202,2025-11-15,Saturday,B02,Embakasi,P007,Metformin 500mg,Diabetes,1,40,40,M-Pesa
4203,2025-11-15,Saturday,B02,Embakasi,P003,Amoxicillin 250mg,Antibiotic,1,35,35,M-Pesa
4204,2025-11-15,Saturday,B02,Embakasi,P005,Vitamin C Tablets,Supplement,2,25,50,M-Pesa
4205,2025-11-15,Saturday,B02,Embakasi,P005,Vitamin C Tablets,Supplement,2,25,50,Card
4206,2025-11-15,Saturday,B02,Embakasi,P007,Metformin 500mg,Diabetes,2,40,80,M-Pesa
4207,2025-11-15,Saturday,B02,Embakasi,P001,Paracetamol 500mg,Pain Relief,3,10,30,Card
4208,2025-11-15,Saturday,B02,Embakasi,P006,Cough Syrup,Cold & Flu,2,90,180,M-Pesa
4209,2025-11-15,Saturday,B02,Embakasi,P006,Cough Syrup,Cold & Flu,1,90,90,M-Pesa
4210,2025-11-15,Saturday,B02,Embakasi,P007,Metformin 500mg,Diabetes,3,40,120,M-Pesa
4211,2025-11-15,Saturday,B02,Embakasi,P010,Antacid Tablets,Digestive,2,20,40,Cash
4212,2025-11-15,Saturday,B02,Embakasi,P004,Azithromycin 500mg,Antibiotic,3,120,360,
4213,2025-11-15,Saturday,B02,Embakasi,P009,Amlodipine 5mg,Hypertension,3,30,90,M-Pesa
4214,2025-11-15,Saturday,B02,Embakasi,P006,Cough Syrup,Cold & Flu,2,90,180,M-Pesa
4215,2025-11-15,Saturday,B02,embakasi,P002,Ibuprofen 200mg,Pain Relief,3,15,45,Cash
4216,2025-11-15,Saturday,B02,Embakasi,P001,Paracetamol 500mg,Pain Relief,1,10,10,M-Pesa
4217,2025-11-15,Saturday,B02,Embakasi,P007,Metformin 500mg,Diabetes,1,40,40,M-Pesa
4218,2025-11-15,Saturday,B02,Embakasi,P008,Insulin,Diabetes,3,450,1361,Cash
4219,2025-11-15,Saturday,B02,Embakasi,P004,Azithromycin 500mg,Antibiotic,2,120,240,Cash
4220,2025-11-16,Sunday,B01,Nairobi CBD,P002,Ibuprofen 200mg,Pain Relief,3,15,45,
4221,2025-11-16,Sunday,B01,Nairobi CBD,P005,Vitamin C Tablets,Supplement,3,25,75,M-Pesa
4222,2025-11-16,Sunday,B01,Nairobi CBD,P004,Azithromycin 500mg,Antibiotic,1,120,120,Cash
4223,2025-11-16,Sunday,B01,Nairobi CBD,P006,Cough Syrup,Cold & Flu,3,90,270,M-Pesa
4224,2025-11-16,Sunday,B01,Nairobi CBD,P006,Cough Syrup,Cold & Flu,3,90,270,M-Pesa
4225,2025-11-16,Sunday,B01,Nairobi CBD,P008,,Diabetes,2,450,900,M-Pesa
4226,2025-11-16,Sunday,B01,Nairobi CBD,P001,Paracetamol 500mg,Pain Relief,2,10,20,M-Pesa
4227,2025-11-16,Sunday,B01,Nairobi CBD,P007,Metformin 500mg,Diabetes,1,40,40,Card
4228,2025-11-16,Sunday,B01,Nairobi CBD,P005,Vitamin C Tablets,Supplement,1,25,25,Insurance
4229,2025-11-16,Sunday,B01,Nairobi CBD,P004,Azithromycin 500mg,Antibiotic,1,120,120,M-Pesa
4230,2025-11-16,Sunday,B01,Nairobi CBD,P003,,Antibiotic,2,35,70,M-Pesa
4231,2025-11-16,Sunday,B01,,P006,Cough Syrup,Cold & Flu,1,90,90,M-Pesa
4232,2025-11-16,Sunday,B01,Nairobi CBD,P007,Metformin 500mg,Diabetes,1,40,40,Insurance
4233,2025-11-16,Sunday,B01,Nairobi CBD,P010,Antacid Tablets,Digestive,1,20,20,M-Pesa
4234,2025-11-16,Sunday,B01,Nairobi CBD,P003,Amoxicillin 250mg,Antibiotic,2,35,70,M-Pesa
4235,2025-11-16,Sunday,B01,Nairobi CBD,P001,,Pain Relief,3,10,30,Insurance
4236,2025-11-16,Sunday,B01,Nairobi CBD,P002,Ibuprofen 200mg,Pain Relief,1,15,15,Cash
4237,2025-11-16,Sunday,B01,Nairobi CBD,P005,Vitamin C Tablets,Supplement,3,25,75,
4238,2025-11-16,Sunday,B01,Nairobi CBD,P006,Cough Syrup,Cold & Flu,1,90,90,Cash
4239,2025-11-16,Sunday,B01,Nairobi CBD,P003,Amoxicillin 250mg,Antibiotic,3,35,105,M-Pesa
4240,2025-11-16,Sunday,B01,Nairobi CBD,P002,Ibuprofen 200mg,Pain Relief,2,15,30,M-Pesa
4241,2025-11-16,Sunday,B01,Nairobi CBD,P002,Ibuprofen 200mg,Pain Relief,2,15,30,M-Pesa
4242,2025-11-16,Sunday,B01,Nairobi CBD,P004,Azithromycin 500mg,Antibiotic,1,120,120,M-Pesa
4243,2025-11-16,Sunday,B01,Nairobi CBD,P007,Metformin 500mg,Diabetes,3,40,120,M-Pesa
4244,2025-11-16,Sunday,B01,Nairobi CBD,P010,Antacid Tablets,Digestive,2,20,40,M-Pesa
4245,2025-11-16,Sunday,B01,Nairobi CBD,P006,Cough Syrup,Cold & Flu,1,90,90,M-Pesa
4246,2025-11-16,Sunday,B01,Nairobi CBD,P007,,Diabetes,1,40,40,M-Pesa
4247,2025-11-16,Sunday,B01,Nairobi CBD,P001,Paracetamol 500mg,Pain Relief,2,10,20,M-Pesa
4248,2025-11-16,Sunday,B01,Nairobi CBD,P010,Antacid Tablets,Digestive,2,20,40,Cash
4249,2025-11-16,Sunday,B01,Nairobi CBD,P006,Cough Syrup,Cold & Flu,1,90,90,M-Pesa
4250,2025-11-16,Sunday,B01,Nairobi CBD,P008,Insulin,Diabetes,3,450,1350,M-Pesa
4251,2025-11-16,Sunday,B01,Nairobi CBD,P009,Amlodipine 5mg,Hypertension,3,30,90,Cash
4252,2025-11-16,Sunday,B01,Nairobi CBD,P006,Cough Syrup,Cold & Flu,3,90,270,Cash
4253,2025-11-16,Sunday,B01,Nairobi CBD,P001,Paracetamol 500mg,Pain Relief,1,10,10,
4254,2025-11-16,Sunday,B01,Nairobi CBD,P010,Antacid Tablets,Digestive,2,20,40,M-Pesa
4255,2025-11-16,Sunday,B02,Embakasi,P009,Amlodipine 5mg,Hypertension,2,30,60,M-Pesa
4256,2025-11-16,Sunday,B02,Embakasi,P002,Ibuprofen 200mg,Pain Relief,3,15,45, Cash
4257,2025-11-16,Sunday,B02,Embakasi,P010,Antacid Tablets,Digestive,3,20,60,M-Pesa
4258,2025-11-16,Sunday,B02,Embakasi,P002,,Pain Relief,2,15,30,M-Pesa
4259,2025-11-16,Sunday,B02,Embakasi,P010,Antacid Tablets,Digestive,2,20,40,M-Pesa
4260,2025-11-16,Sunday,B02,Embakasi,P001,,Pain Relief,1,10,10,M-Pesa
4261,2025-11-16,Sunday,B02,Embakasi,P006,Cough Syrup,Cold & Flu,3,90,270,M-Pesa
4262,2025-11-16,Sunday,B02,Embakasi,P003,Amoxicillin 250mg,Antibiotic,1,35,35,M-Pesa
4263,2025-11-16,Sunday,B02,Embakasi,P006,Cough Syrup,Cold & Flu,1,90,90,M-Pesa
4264,2025-11-16,Sunday,B02,Embakasi,P006,Cough Syrup,Cold & Flu,1,90,90,Cash
4265,2025-11-16,Sunday,B02,Embakasi,P003,Amoxicillin 250mg,Antibiotic,3,35,105,Card
4266,2025-11-16,Sunday,B02,Embakasi,P008,Insulin,Diabetes,1,450,450,Cash
4267,2025-11-16,Sunday,B02,Embakasi,P009,Amlodipine 5mg,Hypertension,1,30,30,M-Pesa
4268,2025-11-16,Sunday,B02,Embakasi,P003,Amoxicillin 250mg,Antibiotic,1,35,35,M-Pesa
4269,2025-11-16,Sunday,B02,embakasi,P004,Azithromycin 500mg,Antibiotic,1,120,120,Cash
4270,2025-11-16,Sunday,B02,Embakasi,P003,Amoxicillin 250mg,Antibiotic,1,35,35,M-Pesa
4271,2025-11-16,Sunday,B02,Embakasi,P008,Insulin,Diabetes,1,450,450,Cash
4272,2025-11-16,Sunday,B02,Embakasi,P009,Amlodipine 5mg,Hypertension,3,30,90,Cash
4273,2025-11-16,Sunday,B02,,P003,Amoxicillin 250mg,Antibiotic,1,35,35,Cash
4274,2025-11-16,Sunday,B02,Embakasi,P007,Metformin 500mg,Diabetes,2,40,80,Cash
4275,2025-11-16,Sunday,B02,Embakasi,P002,Ibuprofen 200mg,Pain Relief,1,15,15,M-Pesa
4276,2025-11-16,Sunday,B02,Embakasi,P002,Ibuprofen 200mg,Pain Relief,1,15,15, M-Pesa
4277,2025-11-16,Sunday,B02,Embakasi,P008,Insulin,Diabetes,3,450,1361,Cash
4278,2025-11-16,Sunday,B02,Embakasi,P005,Vitamin C Tablets,Supplement,3,25,75,Insurance
4279,2025-11-16,Sunday,B02,Embakasi,P006,Cough Syrup,Cold & Flu,2,90,180,Insurance
4280,2025-11-16,Sunday,B02,Embakasi,P006,Cough Syrup,Cold & Flu,2,90,180,
4281,2025-11-16,Sunday,B02,,P005,Vitamin C Tablets,Supplement,3,25,75,M-Pesa
4282,2025-11-16,Sunday,B02,Embakasi,P006,Cough Syrup,Cold & Flu,3,90,270,Cash
4283,2025-11-16,Sunday,B02,Embakasi,P004,Azithromycin 500mg,Antibiotic,1,120,120,M pesa
4284,2025-11-16,Sunday,B02,Embakasi,P008,Insulin,Diabetes,3,450,1350,M-Pesa
4285,2025-11-17,Monday,B01,Nairobi CBD,P001,Paracetamol 500mg,Pain Relief,1,10,10,M-Pesa
4286,2025-11-17,Monday,B01,Nairobi CBD,P010,Antacid Tablets,Digestive,2,20,40,Card
4287,2025-11-17,Monday,B01,Nairobi CBD,P001,Paracetamol 500mg,Pain Relief,1,10,10,M-Pesa
4288,2025-11-17,Monday,B01,Nairobi CBD,P004,Azithromycin 500mg,Antibiotic,3,120,360,Card
4289,2025-11-17,Monday,B01,Nairobi CBD,P006,Cough Syrup,Cold & Flu,2,90,180,Cash
4290,2025-11-17,Monday,B01,Nairobi CBD,P008,Insulin,Diabetes,1,450,450,M-Pesa
4291,2025-11-17,Monday,B01,Nairobi CBD,P003,Amoxicillin 250mg,Antibiotic,1,35,35,Cash
4292,2025-11-17,Monday,B01,Nairobi CBD,P007,Metformin 500mg,Diabetes,3,40,120,Card
4293,2025-11-17,Monday,B01,Nairobi CBD,P005,Vitamin C Tablets,Supplement,3,25,75,
4294,2025-11-17,Monday,B01,Nairobi CBD,P009,Amlodipine 5mg,Hypertension,3,30,90,M-Pesa
4295,2025-11-17,Monday,B01,Nairobi CBD,P005,Vitamin C Tablets,Supplement,2,25,50,Cash
4296,2025-11-17,Monday,B01,Nairobi CBD,P004,Azithromycin 500mg,Antibiotic,1,120,120,M-Pesa
4297,2025-11-17,Monday,B01,Nairobi CBD,P003,Amoxicillin 250mg,Antibiotic,3,35,105,M-Pesa
4298,2025-11-17,Monday,B01,,P010,Antacid Tablets,Digestive,2,20,40,Insurance
4299,2025-11-17,Monday,B01,Nairobi CBD,P010,,Digestive,2,20,40,M-Pesa
4300,2025-11-17,Monday,B01,Nairobi CBD,P004,Azithromycin 500mg,Antibiotic,2,120,240,M-Pesa
4301,2025-11-17,Monday,B01,Nairobi CBD,P007,Metformin 500mg,Diabetes,3,40,120,M-Pesa
4302,2025-11-17,Monday,B01,Nairobi CBD,P009,Amlodipine 5mg,Hypertension,3,30,90,M-Pesa
4303,2025-11-17,Monday,B01,Nairobi CBD,P004,Azithromycin 500mg,Antibiotic,1,120,131,Card
4304,2025-11-17,Monday,B01,Nairobi CBD,P001,Paracetamol 500mg,Pain Relief,1,10,10,M-Pesa
4305,2025-11-17,Monday,B01,Nairobi CBD,P004,Azithromycin 500mg,Antibiotic,3,120,360,M-Pesa
4306,2025-11-17,Monday,B01,Nairobi CBD,P010,Antacid Tablets,Digestive,2,20,40,
4307,2025-11-17,Monday,B01,Nairobi CBD,P006,Cough Syrup,Cold & Flu,2,90,180,M-Pesa
4308,2025-11-17,Monday,B01,Nairobi CBD,P001,Paracetamol 500mg,Pain Relief,2,10,20,M-Pesa
4309,2025-11-17,Monday,B01,Nairobi CBD,P009,Amlodipine 5mg,Hypertension,1,30,30,M-Pesa
4310,2025-11-17,Monday,B01,Nairobi CBD,P001,Paracetamol 500mg,Pain Relief,2,10,20,M-Pesa
4311,2025-11-17,Monday,B01,Nairobi CBD,P005,Vitamin C Tablets,Supplement,1,25,25,Card
4312,2025-11-17,Monday,B01,Nairobi CBD,P007,Metformin 500mg,Diabetes,1,40,40,
4313,2025-11-17,Monday,B01,Nairobi CBD,P005,Vitamin C Tablets,Supplement,2,25,50,M-Pesa
4314,2025-11-17,Monday,B01,Nairobi CBD,P009,Amlodipine 5mg,Hypertension,2,30,60,M-Pesa
4315,2025-11-17,Monday,B01,Nairobi CBD,P009,Amlodipine 5mg,Hypertension,3,30,90,Cash
4316,2025-11-17,Monday,B01,Nairobi CBD,P004,Azithromycin 500mg,Antibiotic,3,120,360,Cash
4317,2025-11-17,Monday,B01,Nairobi CBD,P004,Azithromycin 500mg,Antibiotic,2,120,240,M-Pesa
4318,2025-11-17,Monday,B01,Nairobi CBD,P001,Paracetamol 500mg,Pain Relief,1,10,10,M-Pesa
4319,2025-11-17,Monday,B01,Nairobi CBD,P002,Ibuprofen 200mg,Pain Relief,1,15,15,Cash
4320,2025-11-17,Monday,B01,Nairobi CBD,P002,Ibuprofen 200mg,Pain Relief,1,15,15,M-Pesa
4321,2025-11-17,Monday,B02,Embakasi,P006,Cough Syrup,Cold & Flu,1,90,90,M-Pesa
4322,2025-11-17,Monday,B02,Embakasi,P004,Azithromycin 500mg,Antibiotic,3,120,360,M-Pesa
4323,2025-11-17,Monday,B02,Embakasi,P005,Vitamin C Tablets,Supplement,2,25,50,Cash
4324,2025-11-17,Monday,B02,Embakasi,P004,Azithromycin 500mg,Antibiotic,3,120,360,
4325,2025-11-17,Monday,B02,Embakasi,P003,Amoxicillin 250mg,Antibiotic,1,35,35,M-Pesa
4326,2025-11-17,Monday,B02,Embakasi,P010,Antacid Tablets,Digestive,1,20,20,M-Pesa
4327,2025-11-17,Monday,B02,Embakasi,P002,Ibuprofen 200mg,Pain Relief,1,15,15,M-Pesa
4328,2025-11-17,Monday,B02,embakasi,P009,Amlodipine 5mg,Hypertension,1,30,30,M-Pesa
4329,2025-11-17,Monday,B02,Embakasi,P008,Insulin,Diabetes,2,450,900,M-Pesa
4330,2025-11-17,Monday,B02,Embakasi,P001,Paracetamol 500mg,Pain Relief,1,10,10,M-Pesa
4331,2025-11-17,Monday,B02,Embakasi,P005,Vitamin C Tablets,Supplement,2,25,50,Cash
4332,2025-11-17,Monday,B02,embakasi,P008,Insulin,Diabetes,1,450,450,M-Pesa
4333,2025-11-17,Monday,B02,Embakasi,P003,Amoxicillin 250mg,Antibiotic,2,35,70,M-Pesa
4334,2025-11-17,Monday,B02,Embakasi,P009,Amlodipine 5mg,Hypertension,3,30,90,M-Pesa
4335,2025-11-17,Monday,B02,embakasi,P008,Insulin,Diabetes,1,450,450,M-Pesa
4336,2025-11-17,Monday,B02,Embakasi,P005,Vitamin C Tablets,Supplement,2,25,50,Card
4337,2025-11-17,Monday,B02,Embakasi,P010,Antacid Tablets,Digestive,3,20,60,M-Pesa
4338,2025-11-17,Monday,B02,Embakasi,P002,Ibuprofen 200mg,Pain Relief,1,15,15,M-Pesa
4339,2025-11-17,Monday,B02,Embakasi,P007,Metformin 500mg,Diabetes,1,40,40,M-Pesa
4340,2025-11-17,Monday,B02,,P005,Vitamin C Tablets,Supplement,1,25,25,Cash
4341,2025-11-17,Monday,B02,Embakasi,P010,Antacid Tablets,Digestive,2,20,40,M-Pesa
4342,2025-11-17,Monday,B02,Embakasi,P008,Insulin,Diabetes,2,450,900,Card
4343,2025-11-17,Monday,B02,embakasi,P006,Cough Syrup,Cold & Flu,3,90,270,Card
4344,2025-11-17,Monday,B02,Embakasi,P010,Antacid Tablets,Digestive,2,20,40,Cash
4345,2025-11-17,Monday,B02,Embakasi,P008,Insulin,Diabetes,2,450,900,Cash
4346,2025-11-17,Monday,B02,Embakasi,P010,Antacid Tablets,Digestive,1,20,20,M-Pesa
4347,2025-11-17,Monday,B02,Embakasi,P007,Metformin 500mg,Diabetes,1,40,40, M-Pesa
4348,2025-11-17,Monday,B02,Embakasi,P007,Metformin 500mg,Diabetes,1,40,40,Cash
4349,2025-11-17,Monday,B02,Embakasi,P007,Metformin 500mg,Diabetes,1,40,40,Cash
4350,2025-11-17,Monday,B02,,P009,Amlodipine 5mg,Hypertension,1,30,30,M-Pesa
4351,2025-11-17,Monday,B02,Embakasi,P002,Ibuprofen 200mg,Pain Relief,1,15,15,M pesa
4352,2025-11-17,Monday,B02,,P003,Amoxicillin 250mg,Antibiotic,1,35,35,Cash
4353,2025-11-17,Monday,B02,embakasi,P010,Antacid Tablets,Digestive,3,20,60, M-Pesa
4354,2025-11-17,Monday,B02,Embakasi,P004,Azithromycin 500mg,Antibiotic,3,120,371,Cash
4355,2025-11-18,Tuesday,B01,Nairobi CBD,P010,Antacid Tablets,Digestive,3,20,60,M-Pesa
4356,2025-11-18,Tuesday,B01,Nairobi CBD,P008,Insulin,Diabetes,1,450,450,M-Pesa
4357,2025-11-18,Tuesday,B01,Nairobi CBD,P010,Antacid Tablets,Digestive,3,20,60,M-Pesa
4358,2025-11-18,Tuesday,B01,Nairobi CBD,P003,Amoxicillin 250mg,Antibiotic,2,35,70,Cash
4359,2025-11-18,Tuesday,B01,Nairobi CBD,P002,Ibuprofen 200mg,Pain Relief,3,15,45,M-Pesa
4360,2025-11-18,Tuesday,B01,Nairobi CBD,P010,,Digestive,3,20,60,M pesa
4361,2025-11-18,Tuesday,B01,Nairobi CBD,P001,Paracetamol 500mg,Pain Relief,1,10,10,M-Pesa
4362,2025-11-18,Tuesday,B01,Nairobi CBD,P005,Vitamin C Tablets,Supplement,3,25,75,Card
4363,2025-11-18,Tuesday,B01,Nairobi CBD,P002,Ibuprofen 200mg,Pain Relief,2,15,30,M-Pesa
4364,2025-11-18,Tuesday,B01,Nairobi CBD,P003,Amoxicillin 250mg,Antibiotic,1,35,35, Cash
4365,2025-11-18,Tuesday,B01,,P009,Amlodipine 5mg,Hypertension,1,30,30,Cash
4366,2025-11-18,Tuesday,B01,Nairobi CBD,P004,Azithromycin 500mg,Antibiotic,3,120,360,M-Pesa
4367,2025-11-18,Tuesday,B01,Nairobi CBD,P006,Cough Syrup,Cold & Flu,1,90,90,M-Pesa
4368,2025-11-18,Tuesday,B01,Nairobi CBD,P008,Insulin,Diabetes,1,450,450,M-Pesa
4369,2025-11-18,Tuesday,B01,Nairobi CBD,P003,Amoxicillin 250mg,Antibiotic,1,35,35,Cash
4370,2025-11-18,Tuesday,B01,Nairobi CBD,P004,Azithromycin 500mg,Antibiotic,1,120,120,M-Pesa
4371,2025-11-18,Tuesday,B01,Nairobi CBD,P006,Cough Syrup,Cold & Flu,1,90,90,Cash
4372,2025-11-18,Tuesday,B01,Nairobi CBD,P001,Paracetamol 500mg,Pain Relief,1,10,10,M-Pesa
4373,2025-11-18,Tuesday,B01,Nairobi CBD,P005,Vitamin C Tablets,Supplement,2,25,50,M-Pesa
4374,2025-11-18,Tuesday,B01,Nairobi CBD,P007,Metformin 500mg,Diabetes,3,40,120,Cash
4375,2025-11-18,Tuesday,B01,Nairobi CBD,P002,Ibuprofen 200mg,Pain Relief,2,15,30,M-Pesa
4376,2025-11-18,Tuesday,B01,Nairobi CBD,P003,Amoxicillin 250mg,Antibiotic,1,35,35,M-Pesa
4377,2025-11-18,Tuesday,B01,Nairobi CBD,P004,,Antibiotic,1,120,120,M pesa
4378,2025-11-18,Tuesday,B01,Nairobi CBD,P010,Antacid Tablets,Digestive,3,20,60,Card
4379,2025-11-18,Tuesday,B01,Nairobi CBD,P007,Metformin 500mg,Diabetes,2,40,80,Cash
4380,2025-11-18,Tuesday,B01,Nairobi CBD,P004,Azithromycin 500mg,Antibiotic,3,120,360,M-Pesa
4381,2025-11-18,Tuesday,B01,Nairobi CBD,P005,Vitamin C Tablets,Supplement,2,25,50,M-Pesa
4382,2025-11-18,Tuesday,B01,Nairobi CBD,P004,Azithromycin 500mg,Antibiotic,1,120,120,M-Pesa
4383,2025-11-18,Tuesday,B01,Nairobi CBD,P010,Antacid Tablets,Digestive,3,20,60,M-Pesa
4384,2025-11-18,Tuesday,B01,Nairobi CBD,P003,Amoxicillin 250mg,Antibiotic,3,35,105,M-Pesa
4385,2025-11-18,Tuesday,B01,Nairobi CBD,P010,Antacid Tablets,Digestive,1,20,20,M-Pesa
4386,2025-11-18,Tuesday,B01,Nairobi CBD,P010,Antacid Tablets,Digestive,3,20,60,Cash
4387,2025-11-18,Tuesday,B01,Nairobi CBD,P004,Azithromycin 500mg,Antibiotic,2,120,240,M-Pesa
4388,2025-11-18,Tuesday,B01,Nairobi CBD,P001,Paracetamol 500mg,Pain Relief,2,10,31,M-Pesa
4389,2025-11-18,Tuesday,B01,Nairobi CBD,P005,Vitamin C Tablets,Supplement,2,25,50,M-Pesa
4390,2025-11-18,Tuesday,B02,Embakasi,P003,Amoxicillin 250mg,Antibiotic,2,35,81,M-Pesa
4391,2025-11-18,Tuesday,B02,Embakasi,P008,Insulin,Diabetes,1,450,461,M-Pesa
4392,2025-11-18,Tuesday,B02,Embakasi,P005,Vitamin C Tablets,Supplement,3,25,75,M-Pesa
4393,2025-11-18,Tuesday,B02,embakasi,P009,Amlodipine 5mg,Hypertension,2,30,60,M-Pesa
4394,2025-11-18,Tuesday,B02,Embakasi,P004,Azithromycin 500mg,Antibiotic,1,120,120,M-Pesa
4395,2025-11-18,Tuesday,B02,Embakasi,P004,Azithromycin 500mg,Antibiotic,3,120,360,M-Pesa
4396,2025-11-18,Tuesday,B02,Embakasi,P009,Amlodipine 5mg,Hypertension,3,30,90,M-Pesa
4397,2025-11-18,Tuesday,B02,embakasi,P009,Amlodipine 5mg,Hypertension,1,30,30,Cash
4398,2025-11-18,Tuesday,B02,Embakasi,P009,Amlodipine 5mg,Hypertension,1,30,41,Card
4399,2025-11-18,Tuesday,B02,Embakasi,P006,Cough Syrup,Cold & Flu,2,90,180,M-Pesa
4400,2025-11-18,Tuesday,B02,,P005,Vitamin C Tablets,Supplement,3,25,75,M-Pesa
4401,2025-11-18,Tuesday,B02,Embakasi,P009,Amlodipine 5mg,Hypertension,3,30,90,Cash
4402,2025-11-18,Tuesday,B02,Embakasi,P001,Paracetamol 500mg,Pain Relief,1,10,10,M-Pesa
4403,2025-11-18,Tuesday,B02,Embakasi,P003,Amoxicillin 250mg,Antibiotic,3,35,105,M-Pesa
4404,2025-11-18,Tuesday,B02,Embakasi,P006,Cough Syrup,Cold & Flu,2,90,180,Cash
4405,2025-11-18,Tuesday,B02,Embakasi,P008,,Diabetes,3,450,1350,M-Pesa
4406,2025-11-18,Tuesday,B02,Embakasi,P010,Antacid Tablets,Digestive,1,20,20,M-Pesa
4407,2025-11-18,Tuesday,B02,Embakasi,P009,Amlodipine 5mg,Hypertension,1,30,30,Cash
4408,2025-11-18,Tuesday,B02,Embakasi,P004,,Antibiotic,2,120,240,M-Pesa
4409,2025-11-18,Tuesday,B02,Embakasi,P003,Amoxicillin 250mg,Antibiotic,2,35,70,Cash
4410,2025-11-18,Tuesday,B02,Embakasi,P003,,Antibiotic,3,35,105,M-Pesa
4411,2025-11-18,Tuesday,B02,Embakasi,P001,Paracetamol 500mg,Pain Relief,3,10,30,M-Pesa
4412,2025-11-18,Tuesday,B02,Embakasi,P002,Ibuprofen 200mg,Pain Relief,1,15,15,M-Pesa
4413,2025-11-18,Tuesday,B02,Embakasi,P005,Vitamin C Tablets,Supplement,2,25,50,M pesa
4414,2025-11-18,Tuesday,B02,Embakasi,P008,Insulin,Diabetes,2,450,900,Card
4415,2025-11-18,Tuesday,B02,Embakasi,P001,Paracetamol 500mg,Pain Relief,2,10,20,M-Pesa
4416,2025-11-18,Tuesday,B02,Embakasi,P001,Paracetamol 500mg,Pain Relief,3,10,30,M-Pesa
4417,2025-11-18,Tuesday,B02,Embakasi,P004,Azithromycin 500mg,Antibiotic,2,120,240,M-Pesa
4418,2025-11-18,Tuesday,B02,Embakasi,P002,Ibuprofen 200mg,Pain Relief,1,15,15,
4419,2025-11-18,Tuesday,B02,Embakasi,P006,Cough Syrup,Cold & Flu,1,90,90,M-Pesa
4420,2025-11-18,Tuesday,B02,Embakasi,P008,Insulin,Diabetes,3,450,1350,
4421,2025-11-18,Tuesday,B02,Embakasi,P004,Azithromycin 500mg,Antibiotic,3,120,360,Cash
4422,2025-11-18,Tuesday,B02,Embakasi,P002,Ibuprofen 200mg,Pain Relief,2,15,30,M-Pesa
4423,2025-11-19,Wednesday,B01,Nairobi CBD,P004,Azithromycin 500mg,Antibiotic,1,120,120,Cash
4424,2025-11-19,Wednesday,B01,Nairobi CBD,P001,Paracetamol 500mg,Pain Relief,2,10,20,Card
4425,2025-11-19,Wednesday,B01,Nairobi CBD,P006,Cough Syrup,Cold & Flu,1,90,101,M-Pesa
4426,2025-11-19,Wednesday,B01,Nairobi CBD,P006,Cough Syrup,Cold & Flu,2,90,180,M-Pesa
4427,2025-11-19,Wednesday,B01,Nairobi CBD,P003,Amoxicillin 250mg,Antibiotic,3,35,105,
4428,2025-11-19,Wednesday,B01,Nairobi CBD,P001,Paracetmol,Pain Relief,2,10,20,M-Pesa
4429,2025-11-19,Wednesday,B01,Nairobi CBD,P001,Paracetamol 500mg,Pain Relief,2,10,20,Cash
4430,2025-11-19,Wednesday,B01,Nairobi CBD,P002,Ibuprofen 200mg,Pain Relief,1,15,15,M-Pesa
4431,2025-11-19,Wednesday,B01,,P006,Cough Syrup,Cold & Flu,1,90,90,M-Pesa
4432,2025-11-19,Wednesday,B01,Nairobi CBD,P009,Amlodipine 5mg,Hypertension,2,30,60,M-Pesa
4433,2025-11-19,Wednesday,B01,Nairobi CBD,P001,Paracetamol 500mg,Pain Relief,3,10,30,M-Pesa
4434,2025-11-19,Wednesday,B01,Nairobi CBD,P001,Paracetamol 500mg,Pain Relief,3,10,30,Card
4435,2025-11-19,Wednesday,B01,Nairobi CBD,P006,Cough Syrup,Cold & Flu,1,90,90,M-Pesa
4436,2025-11-19,Wednesday,B01,Nairobi CBD,P010,Antacid Tablets,Digestive,3,20,60,M-Pesa
4437,2025-11-19,Wednesday,B01,Nairobi CBD,P009,Amlodipine 5mg,Hypertension,1,30,30,Cash
4438,2025-11-19,Wednesday,B01,Nairobi CBD,P006,Cough Syrup,Cold & Flu,3,90,270,M-Pesa
4439,2025-11-19,Wednesday,B01,Nairobi CBD,P007,Metformin 500mg,Diabetes,2,40,80,M-Pesa
4440,2025-11-19,Wednesday,B01,Nairobi CBD,P001,Paracetamol 500mg,Pain Relief,1,10,10,
4441,2025-11-19,Wednesday,B01,Nairobi CBD,P010,Antacid Tablets,Digestive,1,20,20,M-Pesa
4442,2025-11-19,Wednesday,B01,,P005,Vitamin C Tablets,Supplement,2,25,50,Insurance
4443,2025-11-19,Wednesday,B01,,P008,Insulin,Diabetes,1,450,450,M-Pesa
4444,2025-11-19,Wednesday,B01,Nairobi CBD,P004,Azithromycin 500mg,Antibiotic,3,120,360,
4445,2025-11-19,Wednesday,B01,,P001,Paracetamol 500mg,Pain Relief,3,10,30,M-Pesa
4446,2025-11-19,Wednesday,B01,Nairobi CBD,P008,Insulin,Diabetes,1,450,450,Cash
4447,2025-11-19,Wednesday,B01,Nairobi CBD,P004,Azithromycin 500mg,Antibiotic,3,120,360,M-Pesa
4448,2025-11-19,Wednesday,B01,Nairobi CBD,P007,Metformin 500mg,Diabetes,1,40,40,M-Pesa
4449,2025-11-19,Wednesday,B01,Nairobi CBD,P004,Azithromycin 500mg,Antibiotic,2,120,240,Cash
4450,2025-11-19,Wednesday,B01,Nairobi CBD,P004,Azithromycin 500mg,Antibiotic,1,120,120,M-Pesa
4451,2025-11-19,Wednesday,B01,Nairobi CBD,P003,Amoxicillin 250mg,Antibiotic,2,35,70,M-Pesa
4452,2025-11-19,Wednesday,B01,Nairobi CBD,P006,Cough Syrup,Cold & Flu,3,90,270,Card
4453,2025-11-19,Wednesday,B01,Nairobi CBD,P002,Ibuprofen 200mg,Pain Relief,2,15,30,Insurance
4454,2025-11-19,Wednesday,B01,Nairobi CBD,P004,Azithromycin 500mg,Antibiotic,3,120,360,M-Pesa
4455,2025-11-19,Wednesday,B01,Nairobi CBD,P003,Amoxicillin 250mg,Antibiotic,1,35,35,M-Pesa
4456,2025-11-19,Wednesday,B01,,P010,Antacid Tablets,Digestive,3,20,60,Cash
4457,2025-11-19,Wednesday,B01,Nairobi CBD,P002,Ibuprofen 200mg,Pain Relief,1,15,15,Insurance
4458,2025-11-19,Wednesday,B01,Nairobi CBD,P002,Ibuprofen 200mg,Pain Relief,1,15,15,M-Pesa
4459,2025-11-19,Wednesday,B01,Nairobi CBD,P004,Azithromycin 500mg,Antibiotic,2,120,240,Cash
4460,2025-11-19,Wednesday,B02,Embakasi,P010,Antacid Tablets,Digestive,2,20,40,Insurance
4461,2025-11-19,Wednesday,B02,Embakasi,P007,Metformin 500mg,Diabetes,2,40,80,M-Pesa
4462,2025-11-19,Wednesday,B02,Embakasi,P004,Azithromycin 500mg,Antibiotic,3,120,360,M-Pesa
4463,2025-11-19,Wednesday,B02,Embakasi,P005,Vitamin C Tablets,Supplement,3,25,75,Insurance
4464,2025-11-19,Wednesday,B02,Embakasi,P008,Insulin,Diabetes,3,450,1350,Cash
4465,2025-11-19,Wednesday,B02,Embakasi,P002,Ibuprofen 200mg,Pain Relief,1,15,15,M-Pesa
4466,2025-11-19,Wednesday,B02,Embakasi,P005,Vitamin C Tablets,Supplement,3,25,75,Cash
4467,2025-11-19,Wednesday,B02,Embakasi,P003,Amoxicillin 250mg,Antibiotic,3,35,105,Cash
4468,2025-11-19,Wednesday,B02,embakasi,P004,Azithromycin 500mg,Antibiotic,3,120,360,M-Pesa
4469,2025-11-19,Wednesday,B02,,P004,Azithromycin 500mg,Antibiotic,2,120,240,M-Pesa
4470,2025-11-19,Wednesday,B02,Embakasi,P006,Cough Syrup,Cold & Flu,3,90,270, Cash
4471,2025-11-19,Wednesday,B02,Embakasi,P001,Paracetamol 500mg,Pain Relief,1,10,10,M-Pesa
4472,2025-11-19,Wednesday,B02,Embakasi,P002,Ibuprofen 200mg,Pain Relief,2,15,30,M-Pesa
4473,2025-11-19,Wednesday,B02,Embakasi,P007,Metformin 500mg,Diabetes,1,40,40,
4474,2025-11-19,Wednesday,B02,embakasi,P003,Amoxicillin 250mg,Antibiotic,3,35,116,M-Pesa
4475,2025-11-19,Wednesday,B02,,P007,Metformin 500mg,Diabetes,2,40,80,M-Pesa
4476,2025-11-19,Wednesday,B02,Embakasi,P008,Insulin,Diabetes,1,450,450,Cash
4477,2025-11-19,Wednesday,B02,Embakasi,P008,Insulin,Diabetes,3,450,1350,M pesa
4478,2025-11-19,Wednesday,B02,Embakasi,P004,Azithromycin 500mg,Antibiotic,1,120,120,Cash
4479,2025-11-19,Wednesday,B02,Embakasi,P010,Antacid Tablets,Digestive,1,20,20,M-Pesa
4480,2025-11-19,Wednesday,B02,Embakasi,P010,Antacid Tablets,Digestive,1,20,20,M-Pesa
4481,2025-11-19,Wednesday,B02,Embakasi,P003,Amoxicillin 250mg,Antibiotic,3,35,105,Insurance
4482,2025-11-19,Wednesday,B02,Embakasi,P004,Azithromycin 500mg,Antibiotic,3,120,360,M-Pesa
4483,2025-11-19,Wednesday,B02,Embakasi,P005,,Supplement,1,25,25,M-Pesa
4484,2025-11-19,Wednesday,B02,Embakasi,P004,Azithromycin 500mg,Antibiotic,2,120,240,M-Pesa
4485,2025-11-19,Wednesday,B02,Embakasi,P008,Insulin,Diabetes,2,450,900,M pesa
4486,2025-11-19,Wednesday,B02,Embakasi,P007,Metformin 500mg,Diabetes,3,40,120,
4487,2025-11-19,Wednesday,B02,Embakasi,P001,Paracetmol,Pain Relief,3,10,30, M-Pesa
4488,2025-11-19,Wednesday,B02,Embakasi,P003,Amoxicillin 250mg,Antibiotic,3,35,105,Insurance
4489,2025-11-19,Wednesday,B02,Embakasi,P004,Azithromycin 500mg,Antibiotic,3,120,360,Insurance
4490,2025-11-19,Wednesday,B02,Embakasi,P009,Amlodipine 5mg,Hypertension,3,30,90,M-Pesa
4491,2025-11-20,Thursday,B01,Nairobi CBD,P009,Amlodipine 5mg,Hypertension,3,30,90,Card
4492,2025-11-20,Thursday,B01,Nairobi CBD,P001,Paracetamol 500mg,Pain Relief,1,10,10,M pesa
4493,2025-11-20,Thursday,B01,Nairobi CBD,P001,Paracetamol 500mg,Pain Relief,1,10,10,M-Pesa
4494,2025-11-20,Thursday,B01,Nairobi CBD,P001,Paracetamol 500mg,Pain Relief,2,10,20,M-Pesa
4495,2025-11-20,Thursday,B01,Nairobi CBD,P009,Amlodipine 5mg,Hypertension,1,30,30,Cash
4496,2025-11-20,Thursday,B01,Nairobi CBD,P007,Metformin 500mg,Diabetes,2,40,80,M-Pesa
4497,2025-11-20,Thursday,B01,Nairobi CBD,P003,Amoxicillin 250mg,Antibiotic,2,35,70,Cash
4498,2025-11-20,Thursday,B01,Nairobi CBD,P003,Amoxicillin 250mg,Antibiotic,1,35,35,M-Pesa
4499,2025-11-20,Thursday,B01,Nairobi CBD,P002,Ibuprofen 200mg,Pain Relief,3,15,45,M-Pesa
4500,2025-11-20,Thursday,B01,Nairobi CBD,P003,Amoxicillin 250mg,Antibiotic,1,35,35,M-Pesa
4501,2025-11-20,Thursday,B01,Nairobi CBD,P008,Insulin,Diabetes,1,450,450,M-Pesa
4502,2025-11-20,Thursday,B01,Nairobi CBD,P009,Amlodipine 5mg,Hypertension,2,30,60,M-Pesa
4503,2025-11-20,Thursday,B01,Nairobi CBD,P009,Amlodipine 5mg,Hypertension,1,30,30,M-Pesa
4504,2025-11-20,Thursday,B01,Nairobi CBD,P006,Cough Syrup,Cold & Flu,2,90,180,M pesa
4505,2025-11-20,Thursday,B01,Nairobi CBD,P005,Vitamin C Tablets,Supplement,3,25,75,Card
4506,2025-11-20,Thursday,B01,Nairobi CBD,P010,Antacid Tablets,Digestive,3,20,60,Card
4507,2025-11-20,Thursday,B01,Nairobi CBD,P003,Amoxicillin 250mg,Antibiotic,3,35,105,M-Pesa
4508,2025-11-20,Thursday,B01,Nairobi CBD,P010,Antacid Tablets,Digestive,1,20,20,M-Pesa
4509,2025-11-20,Thursday,B01,Nairobi CBD,P003,Amoxicillin 250mg,Antibiotic,2,35,70,M-Pesa
4510,2025-11-20,Thursday,B01,Nairobi CBD,P004,Azithromycin 500mg,Antibiotic,3,120,360,Insurance
4511,2025-11-20,Thursday,B01,Nairobi CBD,P007,Metformin 500mg,Diabetes,2,40,80,M-Pesa
4512,2025-11-20,Thursday,B01,Nairobi CBD,P005,Vitamin C Tablets,Supplement,2,25,50,M-Pesa
4513,2025-11-20,Thursday,B01,Nairobi CBD,P006,Cough Syrup,Cold & Flu,3,90,270,M pesa
4514,2025-11-20,Thursday,B01,Nairobi CBD,P002,Ibuprofen 200mg,Pain Relief,3,15,45, M-Pesa
4515,2025-11-20,Thursday,B01,Nairobi CBD,P008,Insulin,Diabetes,2,450,900, M-Pesa
4516,2025-11-20,Thursday,B01,Nairobi CBD,P005,Vitamin C Tablets,Supplement,3,25,75,Cash
4517,2025-11-20,Thursday,B01,Nairobi CBD,P010,Antacid Tablets,Digestive,2,20,40,M-Pesa
4518,2025-11-20,Thursday,B01,Nairobi CBD,P001,Paracetamol 500mg,Pain Relief,2,10,20,M-Pesa
4519,2025-11-20,Thursday,B01,Nairobi CBD,P007,Metformin 500mg,Diabetes,3,40,120,M-Pesa
4520,2025-11-20,Thursday,B01,Nairobi CBD,P006,Cough Syrup,Cold & Flu,1,90,90,M-Pesa
4521,2025-11-20,Thursday,B01,,P008,Insulin,Diabetes,3,450,1350,M-Pesa
4522,2025-11-20,Thursday,B01,Nairobi CBD,P004,,Antibiotic,1,120,120,Insurance
4523,2025-11-20,Thursday,B01,Nairobi CBD,P009,Amlodipine 5mg,Hypertension,2,30,60,M-Pesa
4524,2025-11-20,Thursday,B01,Nairobi CBD,P006,Cough Syrup,Cold & Flu,2,90,180,M-Pesa
4525,2025-11-20,Thursday,B01,Nairobi CBD,P004,Azithromycin 500mg,Antibiotic,1,120,120,M-Pesa
4526,2025-11-20,Thursday,B01,Nairobi CBD,P008,Insulin,Diabetes,2,450,900,Cash
4527,2025-11-20,Thursday,B01,Nairobi CBD,P002,Ibuprofen 200mg,Pain Relief,1,15,15,M-Pesa
4528,2025-11-20,Thursday,B01,Nairobi CBD,P006,Cough Syrup,Cold & Flu,1,90,90, M-Pesa
4529,2025-11-20,Thursday,B01,Nairobi CBD,P004,Azithromycin 500mg,Antibiotic,2,120,240,Card
4530,2025-11-20,Thursday,B01,Nairobi CBD,P009,Amlodipine 5mg,Hypertension,1,30,30,Card
4531,2025-11-20,Thursday,B02,Embakasi,P007,Metformin 500mg,Diabetes,3,40,120,M-Pesa
4532,2025-11-20,Thursday,B02,Embakasi,P010,Antacid Tablets,Digestive,2,20,40,M-Pesa
4533,2025-11-20,Thursday,B02,Embakasi,P007,Metformin 500mg,Diabetes,2,40,91,Card
4534,2025-11-20,Thursday,B02,Embakasi,P002,Ibuprofen 200mg,Pain Relief,1,15,15,Card
4535,2025-11-20,Thursday,B02,Embakasi,P002,Ibuprofen 200mg,Pain Relief,1,15,15,Card
4536,2025-11-20,Thursday,B02,Embakasi,P008,Insulin,Diabetes,1,450,450,M-Pesa
4537,2025-11-20,Thursday,B02,Embakasi,P008,Insulin,Diabetes,1,450,450,M-Pesa
4538,2025-11-20,Thursday,B02,embakasi,P001,Paracetamol 500mg,Pain Relief,3,10,41,M pesa
4539,2025-11-20,Thursday,B02,Embakasi,P005,Vitamin C Tablets,Supplement,3,25,75,Card
4540,2025-11-20,Thursday,B02,Embakasi,P002,Ibuprofen 200mg,Pain Relief,2,15,41,M-Pesa
4541,2025-11-20,Thursday,B02,Embakasi,P007,Metformin 500mg,Diabetes,1,40,40,M-Pesa
4542,2025-11-20,Thursday,B02,Embakasi,P001,Paracetamol 500mg,Pain Relief,1,10,10,M-Pesa
4543,2025-11-20,Thursday,B02,Embakasi,P010,Antacid Tablets,Digestive,2,20,51,M-Pesa
4544,2025-11-20,Thursday,B02,Embakasi,P004,Azithromycin 500mg,Antibiotic,1,120,120,M-Pesa
4545,2025-11-20,Thursday,B02,Embakasi,P005,Vitamin C Tablets,Supplement,1,25,25,Cash
4546,2025-11-20,Thursday,B02,,P003,Amoxicillin 250mg,Antibiotic,1,35,35,M-Pesa
4547,2025-11-20,Thursday,B02,Embakasi,P007,Metformin 500mg,Diabetes,1,40,40,M-Pesa
4548,2025-11-20,Thursday,B02,Embakasi,P001,Paracetamol 500mg,Pain Relief,1,10,10,M-Pesa
4549,2025-11-20,Thursday,B02,Embakasi,P008,Insulin,Diabetes,2,450,900,M-Pesa
4550,2025-11-20,Thursday,B02,Embakasi,P007,Metformin 500mg,Diabetes,1,40,40,Cash
4551,2025-11-20,Thursday,B02,Embakasi,P008,Insulin,Diabetes,2,450,900,M-Pesa
4552,2025-11-20,Thursday,B02,Embakasi,P009,Amlodipine 5mg,Hypertension,1,30,30,M-Pesa
4553,2025-11-20,Thursday,B02,Embakasi,P005,Vitamin C Tablets,Supplement,3,25,75,M-Pesa
4554,2025-11-20,Thursday,B02,Embakasi,P002,Ibuprofen 200mg,Pain Relief,3,15,45,Card
4555,2025-11-20,Thursday,B02,Embakasi,P002,Ibuprofen 200mg,Pain Relief,3,15,45,Insurance
4556,2025-11-20,Thursday,B02,embakasi,P009,,Hypertension,3,30,90,Cash
4557,2025-11-20,Thursday,B02,Embakasi,P008,Insulin,Diabetes,2,450,900,M-Pesa
4558,2025-11-20,Thursday,B02,Embakasi,P010,Antacid Tablets,Digestive,2,20,40,M-Pesa
4559,2025-11-20,Thursday,B02,Embakasi,P010,,Digestive,1,20,20,M-Pesa
4560,2025-11-20,Thursday,B02,Embakasi,P001,Paracetamol 500mg,Pain Relief,3,10,30,M-Pesa
4561,2025-11-20,Thursday,B02,Embakasi,P004,Azithromycin 500mg,Antibiotic,2,120,240,M-Pesa
4562,2025-11-20,Thursday,B02,Embakasi,P010,Antacid Tablets,Digestive,1,20,20,
4563,2025-11-21,Friday,B01,Nairobi CBD,P002,,Pain Relief,2,15,30,M-Pesa
4564,2025-11-21,Friday,B01,Nairobi CBD,P006,Cough Syrup,Cold & Flu,3,90,270,M-Pesa
4565,2025-11-21,Friday,B01,Nairobi CBD,P005,Vitamin C Tablets,Supplement,1,25,25,M-Pesa
4566,2025-11-21,Friday,B01,Nairobi CBD,P008,Insulin,Diabetes,3,450,1350,
4567,2025-11-21,Friday,B01,Nairobi CBD,P002,Ibuprofen 200mg,Pain Relief,3,15,45,Cash
4568,2025-11-21,Friday,B01,Nairobi CBD,P001,Paracetamol 500mg,Pain Relief,3,10,30,Insurance
4569,2025-11-21,Friday,B01,Nairobi CBD,P010,Antacid Tablets,Digestive,1,20,20,M-Pesa
4570,2025-11-21,Friday,B01,Nairobi CBD,P004,Azithromycin 500mg,Antibiotic,3,120,360,M-Pesa
4571,2025-11-21,Friday,B01,Nairobi CBD,P003,Amoxicillin 250mg,Antibiotic,1,35,35,M-Pesa
4572,2025-11-21,Friday,B01,Nairobi CBD,P010,Antacid Tablets,Digestive,3,20,60,Insurance
4573,2025-11-21,Friday,B01,Nairobi CBD,P010,Antacid Tablets,Digestive,1,20,20,Card
4574,2025-11-21,Friday,B01,Nairobi CBD,P009,Amlodipine 5mg,Hypertension,3,30,90,M-Pesa
4575,2025-11-21,Friday,B01,Nairobi CBD,P001,Paracetamol 500mg,Pain Relief,2,10,20,M-Pesa
4576,2025-11-21,Friday,B01,Nairobi CBD,P007,Metformin 500mg,Diabetes,3,40,120,M-Pesa
4577,2025-11-21,Friday,B01,Nairobi CBD,P003,Amoxicillin 250mg,Antibiotic,3,35,105,Cash
4578,2025-11-21,Friday,B01,Nairobi CBD,P003,Amoxicillin 250mg,Antibiotic,1,35,35,Cash
4579,2025-11-21,Friday,B01,Nairobi CBD,P006,Cough Syrup,Cold & Flu,1,90,90,M-Pesa
4580,2025-11-21,Friday,B01,,P004,Azithromycin 500mg,Antibiotic,3,120,360,
4581,2025-11-21,Friday,B01,Nairobi CBD,P001,Paracetamol 500mg,Pain Relief,2,10,20,M-Pesa
4582,2025-11-21,Friday,B01,Nairobi CBD,P003,,Antibiotic,2,35,70,Cash
4583,2025-11-21,Friday,B01,Nairobi CBD,P009,Amlodipine 5mg,Hypertension,1,30,30,M-Pesa
4584,2025-11-21,Friday,B01,Nairobi CBD,P006,Cough Syrup,Cold & Flu,2,90,180,M-Pesa
4585,2025-11-21,Friday,B01,Nairobi CBD,P007,Metformin 500mg,Diabetes,3,40,120,Cash
4586,2025-11-21,Friday,B01,Nairobi CBD,P006,,Cold & Flu,1,90,90,M-Pesa
4587,2025-11-21,Friday,B01,Nairobi CBD,P004,Azithromycin 500mg,Antibiotic,3,120,360,Card
4588,2025-11-21,Friday,B01,Nairobi CBD,P009,Amlodipine 5mg,Hypertension,1,30,30,M-Pesa
4589,2025-11-21,Friday,B01,Nairobi CBD,P010,Antacid Tablets,Digestive,1,20,20,M-Pesa
4590,2025-11-21,Friday,B01,Nairobi CBD,P001,Paracetamol 500mg,Pain Relief,1,10,10,M-Pesa
4591,2025-11-21,Friday,B01,Nairobi CBD,P002,Ibuprofen 200mg,Pain Relief,1,15,15,M-Pesa
4592,2025-11-21,Friday,B01,Nairobi CBD,P002,Ibuprofen 200mg,Pain Relief,2,15,30,Cash
4593,2025-11-21,Friday,B01,,P001,Paracetamol 500mg,Pain Relief,3,10,30,Insurance
4594,2025-11-21,Friday,B01,Nairobi CBD,P010,Antacid Tablets,Digestive,3,20,60,M pesa
4595,2025-11-21,Friday,B01,Nairobi CBD,P006,Cough Syrup,Cold & Flu,3,90,270,Cash
4596,2025-11-21,Friday,B01,Nairobi CBD,P008,Insulin,Diabetes,1,450,461,Card
4597,2025-11-21,Friday,B01,Nairobi CBD,P006,Cough Syrup,Cold & Flu,2,90,180,M-Pesa
4598,2025-11-21,Friday,B01,,P008,Insulin,Diabetes,3,450,1350,Card
4599,2025-11-21,Friday,B01,Nairobi CBD,P001,Paracetamol 500mg,Pain Relief,2,10,20,Cash
4600,2025-11-21,Friday,B01,Nairobi CBD,P007,,Diabetes,1,40,40,M-Pesa
4601,2025-11-21,Friday,B01,Nairobi CBD,P008,Insulin,Diabetes,3,450,1350,M pesa
4602,2025-11-21,Friday,B02,Embakasi,P007,Metformin 500mg,Diabetes,2,40,80,M-Pesa
4603,2025-11-21,Friday,B02,Embakasi,P008,,Diabetes,1,450,450,M-Pesa
4604,2025-11-21,Friday,B02,,P007,Metformin 500mg,Diabetes,2,40,80,M-Pesa
4605,2025-11-21,Friday,B02,Embakasi,P003,Amoxicillin 250mg,Antibiotic,3,35,105,M-Pesa
4606,2025-11-21,Friday,B02,,P003,Amoxicillin 250mg,Antibiotic,3,35,105,M-Pesa
4607,2025-11-21,Friday,B02,Embakasi,P003,Amoxicillin 250mg,Antibiotic,1,35,35,M-Pesa
4608,2025-11-21,Friday,B02,Embakasi,P010,Antacid Tablets,Digestive,1,20,20,M-Pesa
4609,2025-11-21,Friday,B02,Embakasi,P001,Paracetamol 500mg,Pain Relief,1,10,10,
4610,2025-11-21,Friday,B02,Embakasi,P004,Azithromycin 500mg,Antibiotic,2,120,240,Card
4611,2025-11-21,Friday,B02,Embakasi,P009,Amlodipine 5mg,Hypertension,2,30,60,M-Pesa
4612,2025-11-21,Friday,B02,Embakasi,P006,Cough Syrup,Cold & Flu,2,90,180,M-Pesa
4613,2025-11-21,Friday,B02,Embakasi,P001,Paracetamol 500mg,Pain Relief,1,10,10,M-Pesa
4614,2025-11-21,Friday,B02,Embakasi,P003,Amoxicillin 250mg,Antibiotic,3,35,105,M-Pesa
4615,2025-11-21,Friday,B02,Embakasi,P003,Amoxicillin 250mg,Antibiotic,3,35,105,M-Pesa
4616,2025-11-21,Friday,B02,Embakasi,P006,Cough Syrup,Cold & Flu,2,90,180,M pesa
4617,2025-11-21,Friday,B02,Embakasi,P004,Azithromycin 500mg,Antibiotic,2,120,240,M pesa
4618,2025-11-21,Friday,B02,Embakasi,P006,Cough Syrup,Cold & Flu,3,90,270,M-Pesa
4619,2025-11-21,Friday,B02,Embakasi,P006,Cough Syrup,Cold & Flu,3,90,270,
4620,2025-11-21,Friday,B02,Embakasi,P007,Metformin 500mg,Diabetes,2,40,80,M-Pesa
4621,2025-11-21,Friday,B02,Embakasi,P008,Insulin,Diabetes,2,450,900,
4622,2025-11-21,Friday,B02,Embakasi,P002,Ibuprofen 200mg,Pain Relief,3,15,45,M-Pesa
4623,2025-11-21,Friday,B02,Embakasi,P005,Vitamin C Tablets,Supplement,1,25,25,Card
4624,2025-11-21,Friday,B02,Embakasi,P002,Ibuprofen 200mg,Pain Relief,2,15,30,M-Pesa
4625,2025-11-21,Friday,B02,embakasi,P009,Amlodipine 5mg,Hypertension,3,30,90,M-Pesa
4626,2025-11-21,Friday,B02,Embakasi,P004,Azithromycin 500mg,Antibiotic,3,120,360,Insurance
4627,2025-11-21,Friday,B02,Embakasi,P002,Ibuprofen 200mg,Pain Relief,3,15,45,Cash
4628,2025-11-21,Friday,B02,Embakasi,P002,Ibuprofen 200mg,Pain Relief,3,15,45,M-Pesa
4629,2025-11-21,Friday,B02,Embakasi,P006,Cough Syrup,Cold & Flu,1,90,90,M-Pesa
4630,2025-11-21,Friday,B02,Embakasi,P007,Metformin 500mg,Diabetes,3,40,120,
4631,2025-11-21,Friday,B02,Embakasi,P003,Amoxicillin 250mg,Antibiotic,2,35,70,M-Pesa
4632,2025-11-21,Friday,B02,Embakasi,P004,Azithromycin 500mg,Antibiotic,1,120,120,M-Pesa
4633,2025-11-21,Friday,B02,Embakasi,P009,Amlodipine 5mg,Hypertension,3,30,90,M-Pesa
4634,2025-11-21,Friday,B02,Embakasi,P004,Azithromycin 500mg,Antibiotic,1,120,120,M-Pesa
4635,2025-11-22,Saturday,B01,Nairobi CBD,P008,Insulin,Diabetes,3,450,1350,M-Pesa
4636,2025-11-22,Saturday,B01,Nairobi CBD,P010,Antacid Tablets,Digestive,2,20,40,Cash
4637,2025-11-22,Saturday,B01,Nairobi CBD,P004,Azithromycin 500mg,Antibiotic,3,120,360,M-Pesa
4638,2025-11-22,Saturday,B01,Nairobi CBD,P009,Amlodipine 5mg,Hypertension,3,30,90,M-Pesa
4639,2025-11-22,Saturday,B01,Nairobi CBD,P006,Cough Syrup,Cold & Flu,3,90,270,M-Pesa
4640,2025-11-22,Saturday,B01,Nairobi CBD,P007,Metformin 500mg,Diabetes,3,40,120,M-Pesa
4641,2025-11-22,Saturday,B01,Nairobi CBD,P007,Metformin 500mg,Diabetes,3,40,120,Cash
4642,2025-11-22,Saturday,B01,Nairobi CBD,P004,Azithromycin 500mg,Antibiotic,1,120,120,M-Pesa
4643,2025-11-22,Saturday,B01,,P002,Ibuprofen 200mg,Pain Relief,3,15,45,Insurance
4644,2025-11-22,Saturday,B01,Nairobi CBD,P004,Azithromycin 500mg,Antibiotic,3,120,360,Card
4645,2025-11-22,Saturday,B01,Nairobi CBD,P004,Azithromycin 500mg,Antibiotic,1,120,120,M-Pesa
4646,2025-11-22,Saturday,B01,Nairobi CBD,P006,Cough Syrup,Cold & Flu,1,90,90,M-Pesa
4647,2025-11-22,Saturday,B01,Nairobi CBD,P008,Insulin,Diabetes,1,450,450,Cash
4648,2025-11-22,Saturday,B01,Nairobi CBD,P005,Vitamin C Tablets,Supplement,1,25,25, M-Pesa
4649,2025-11-22,Saturday,B01,Nairobi CBD,P008,Insulin,Diabetes,1,450,450,Insurance
4650,2025-11-22,Saturday,B01,Nairobi CBD,P002,Ibuprofen 200mg,Pain Relief,1,15,15,Cash
4651,2025-11-22,Saturday,B01,Nairobi CBD,P006,Cough Syrup,Cold & Flu,3,90,270,Card
4652,2025-11-22,Saturday,B01,Nairobi CBD,P004,Azithromycin 500mg,Antibiotic,3,120,360,M-Pesa
4653,2025-11-22,Saturday,B01,Nairobi CBD,P009,Amlodipine 5mg,Hypertension,2,30,60,M-Pesa
4654,2025-11-22,Saturday,B01,Nairobi CBD,P009,Amlodipine 5mg,Hypertension,3,30,90,Card
4655,2025-11-22,Saturday,B01,Nairobi CBD,P004,Azithromycin 500mg,Antibiotic,3,120,360,Insurance
4656,2025-11-22,Saturday,B01,Nairobi CBD,P008,Insulin,Diabetes,1,450,450,M-Pesa
4657,2025-11-22,Saturday,B01,Nairobi CBD,P010,Antacid Tablets,Digestive,1,20,20,M-Pesa
4658,2025-11-22,Saturday,B01,Nairobi CBD,P005,,Supplement,3,25,75,M-Pesa
4659,2025-11-22,Saturday,B01,Nairobi CBD,P010,Antacid Tablets,Digestive,2,20,40,M pesa
4660,2025-11-22,Saturday,B01,Nairobi CBD,P004,Azithromycin 500mg,Antibiotic,1,120,120,M-Pesa
4661,2025-11-22,Saturday,B01,Nairobi CBD,P004,Azithromycin 500mg,Antibiotic,3,120,360,M-Pesa
4662,2025-11-22,Saturday,B01,Nairobi CBD,P003,Amoxicillin 250mg,Antibiotic,3,35,105,Cash
4663,2025-11-22,Saturday,B01,Nairobi CBD,P002,Ibuprofen 200mg,Pain Relief,2,15,30,Card
4664,2025-11-22,Saturday,B01,Nairobi CBD,P009,Amlodipine 5mg,Hypertension,2,30,60,M-Pesa
4665,2025-11-22,Saturday,B01,Nairobi CBD,P007,Metformin 500mg,Diabetes,1,40,40,Insurance
4666,2025-11-22,Saturday,B01,Nairobi CBD,P004,Azithromycin 500mg,Antibiotic,2,120,240,M-Pesa
4667,2025-11-22,Saturday,B01,,P005,Vitamin C Tablets,Supplement,3,25,75,M-Pesa
4668,2025-11-22,Saturday,B01,Nairobi CBD,P007,Metformin 500mg,Diabetes,3,40,120,M-Pesa
4669,2025-11-22,Saturday,B01,Nairobi CBD,P008,Insulin,Diabetes,2,450,911,Cash
4670,2025-11-22,Saturday,B01,Nairobi CBD,P001,Paracetamol 500mg,Pain Relief,2,10,20,M-Pesa
4671,2025-11-22,Saturday,B01,Nairobi CBD,P007,Metformin 500mg,Diabetes,2,40,80,M-Pesa
4672,2025-11-22,Saturday,B01,,P002,Ibuprofen 200mg,Pain Relief,2,15,30,Insurance
4673,2025-11-22,Saturday,B01,Nairobi CBD,P010,Antacid Tablets,Digestive,1,20,20,Insurance
4674,2025-11-22,Saturday,B01,Nairobi CBD,P006,Cough Syrup,Cold & Flu,2,90,180,Cash
4675,2025-11-22,Saturday,B02,Embakasi,P006,Cough Syrup,Cold & Flu,3,90,270,M-Pesa
4676,2025-11-22,Saturday,B02,Embakasi,P006,,Cold & Flu,2,90,180,M-Pesa
4677,2025-11-22,Saturday,B02,Embakasi,P008,Insulin,Diabetes,1,450,450,Cash
4678,2025-11-22,Saturday,B02,Embakasi,P007,Metformin 500mg,Diabetes,2,40,80,M-Pesa
4679,2025-11-22,Saturday,B02,Embakasi,P007,Metformin 500mg,Diabetes,3,40,120,M-Pesa
4680,2025-11-22,Saturday,B02,embakasi,P001,Paracetamol 500mg,Pain Relief,3,10,30,M pesa
4681,2025-11-22,Saturday,B02,Embakasi,P002,Ibuprofen 200mg,Pain Relief,3,15,45,M-Pesa
4682,2025-11-22,Saturday,B02,Embakasi,P008,Insulin,Diabetes,2,450,900,M-Pesa
4683,2025-11-22,Saturday,B02,Embakasi,P004,Azithromycin 500mg,Antibiotic,2,120,240,M pesa
4684,2025-11-22,Saturday,B02,Embakasi,P004,Azithromycin 500mg,Antibiotic,1,120,120,M-Pesa
4685,2025-11-22,Saturday,B02,embakasi,P010,Antacid Tablets,Digestive,3,20,60,Card
4686,2025-11-22,Saturday,B02,Embakasi,P010,Antacid Tablets,Digestive,2,20,40,M-Pesa
4687,2025-11-22,Saturday,B02,Embakasi,P010,Antacid Tablets,Digestive,3,20,60,Card
4688,2025-11-22,Saturday,B02,Embakasi,P009,Amlodipine 5mg,Hypertension,3,30,90,M-Pesa
4689,2025-11-22,Saturday,B02,,P004,Azithromycin 500mg,Antibiotic,1,120,120,M-Pesa
4690,2025-11-22,Saturday,B02,Embakasi,P006,Cough Syrup,Cold & Flu,1,90,90,Cash
4691,2025-11-22,Saturday,B02,Embakasi,P002,Ibuprofen 200mg,Pain Relief,1,15,15,M-Pesa
4692,2025-11-22,Saturday,B02,Embakasi,P010,Antacid Tablets,Digestive,1,20,20,Card
4693,2025-11-22,Saturday,B02,Embakasi,P001,Paracetamol 500mg,Pain Relief,3,10,30,Insurance
4694,2025-11-22,Saturday,B02,Embakasi,P003,Amoxicillin 250mg,Antibiotic,1,35,35,Cash
4695,2025-11-22,Saturday,B02,Embakasi,P003,Amoxicillin 250mg,Antibiotic,1,35,35,Cash
4696,2025-11-22,Saturday,B02,Embakasi,P004,Azithromycin 500mg,Antibiotic,1,120,120,Cash
4697,2025-11-22,Saturday,B02,Embakasi,P009,Amlodipine 5mg,Hypertension,1,30,30,M-Pesa
4698,2025-11-22,Saturday,B02,Embakasi,P008,Insulin,Diabetes,3,450,1350,Cash
4699,2025-11-22,Saturday,B02,Embakasi,P005,Vitamin C Tablets,Supplement,1,25,25,Cash
4700,2025-11-22,Saturday,B02,Embakasi,P006,Cough Syrup,Cold & Flu,3,90,270,M-Pesa
4701,2025-11-22,Saturday,B02,Embakasi,P001,,Pain Relief,2,10,20,Card
4702,2025-11-22,Saturday,B02,Embakasi,P007,Metformin 500mg,Diabetes,3,40,120,Card
4703,2025-11-22,Saturday,B02,Embakasi,P010,Antacid Tablets,Digestive,3,20,60,M-Pesa
4704,2025-11-22,Saturday,B02,Embakasi,P008,Insulin,Diabetes,1,450,450,M-Pesa
4705,2025-11-23,Sunday,B01,Nairobi CBD,P006,Cough Syrup,Cold & Flu,2,90,180,M-Pesa
4706,2025-11-23,Sunday,B01,,P003,Amoxicillin 250mg,Antibiotic,2,35,70,M-Pesa
4707,2025-11-23,Sunday,B01,Nairobi CBD,P001,Paracetamol 500mg,Pain Relief,2,10,20,M-Pesa
4708,2025-11-23,Sunday,B01,Nairobi CBD,P003,Amoxicillin 250mg,Antibiotic,3,35,105,Cash
4709,2025-11-23,Sunday,B01,Nairobi CBD,P002,Ibuprofen 200mg,Pain Relief,2,15,30,M pesa
4710,2025-11-23,Sunday,B01,Nairobi CBD,P008,Insulin,Diabetes,3,450,1350,M-Pesa
4711,2025-11-23,Sunday,B01,Nairobi CBD,P002,Ibuprofen 200mg,Pain Relief,3,15,56,M-Pesa
4712,2025-11-23,Sunday,B01,Nairobi CBD,P004,Azithromycin 500mg,Antibiotic,3,120,360,M-Pesa
4713,2025-11-23,Sunday,B01,Nairobi CBD,P006,Cough Syrup,Cold & Flu,2,90,180,M-Pesa
4714,2025-11-23,Sunday,B01,Nairobi CBD,P009,Amlodipine 5mg,Hypertension,1,30,30,M-Pesa
4715,2025-11-23,Sunday,B01,,P010,Antacid Tablets,Digestive,1,20,20,Cash
4716,2025-11-23,Sunday,B01,Nairobi CBD,P006,Cough Syrup,Cold & Flu,2,90,180,M-Pesa
4717,2025-11-23,Sunday,B01,Nairobi CBD,P008,Insulin,Diabetes,1,450,450,M-Pesa
4718,2025-11-23,Sunday,B01,Nairobi CBD,P002,Ibuprofen 200mg,Pain Relief,1,15,15,Cash
4719,2025-11-23,Sunday,B01,Nairobi CBD,P004,Azithromycin 500mg,Antibiotic,3,120,360,Card
4720,2025-11-23,Sunday,B01,,P003,Amoxicillin 250mg,Antibiotic,3,35,105,Card
4721,2025-11-23,Sunday,B01,Nairobi CBD,P003,Amoxicillin 250mg,Antibiotic,2,35,70,M-Pesa
4722,2025-11-23,Sunday,B01,Nairobi CBD,P002,Ibuprofen 200mg,Pain Relief,2,15,30,Card
4723,2025-11-23,Sunday,B01,Nairobi CBD,P009,Amlodipine 5mg,Hypertension,1,30,30,M-Pesa
4724,2025-11-23,Sunday,B01,Nairobi CBD,P007,Metformin 500mg,Diabetes,3,40,120,M-Pesa
4725,2025-11-23,Sunday,B01,Nairobi CBD,P002,Ibuprofen 200mg,Pain Relief,2,15,30,M-Pesa
4726,2025-11-23,Sunday,B01,Nairobi CBD,P004,Azithromycin 500mg,Antibiotic,2,120,240,Cash
4727,2025-11-23,Sunday,B01,Nairobi CBD,P005,Vitamin C Tablets,Supplement,2,25,50,M-Pesa
4728,2025-11-23,Sunday,B01,Nairobi CBD,P002,Ibuprofen 200mg,Pain Relief,2,15,30,M-Pesa
4729,2025-11-23,Sunday,B01,,P009,Amlodipine 5mg,Hypertension,2,30,60,M-Pesa
4730,2025-11-23,Sunday,B01,Nairobi CBD,P005,Vitamin C Tablets,Supplement,2,25,50,Cash
4731,2025-11-23,Sunday,B01,Nairobi CBD,P004,Azithromycin 500mg,Antibiotic,1,120,120,Cash
4732,2025-11-23,Sunday,B01,Nairobi CBD,P001,Paracetamol 500mg,Pain Relief,3,10,30,M-Pesa
4733,2025-11-23,Sunday,B01,Nairobi CBD,P009,Amlodipine 5mg,Hypertension,3,30,90,M-Pesa
4734,2025-11-23,Sunday,B01,Nairobi CBD,P009,Amlodipine 5mg,Hypertension,2,30,60,Cash
4735,2025-11-23,Sunday,B01,Nairobi CBD,P005,Vitamin C Tablets,Supplement,3,25,75,M-Pesa
4736,2025-11-23,Sunday,B01,Nairobi CBD,P003,Amoxicillin 250mg,Antibiotic,3,35,105,
4737,2025-11-23,Sunday,B01,Nairobi CBD,P006,Cough Syrup,Cold & Flu,3,90,270,Cash
4738,2025-11-23,Sunday,B01,Nairobi CBD,P001,Paracetamol 500mg,Pain Relief,2,10,20,M-Pesa
4739,2025-11-23,Sunday,B01,Nairobi CBD,P003,Amoxicillin 250mg,Antibiotic,2,35,70,M-Pesa
4740,2025-11-23,Sunday,B01,Nairobi CBD,P010,Antacid Tablets,Digestive,3,20,60,M-Pesa
4741,2025-11-23,Sunday,B02,Embakasi,P008,Insulin,Diabetes,2,450,900,M-Pesa
4742,2025-11-23,Sunday,B02,Embakasi,P001,Paracetamol 500mg,Pain Relief,1,10,10,M-Pesa
4743,2025-11-23,Sunday,B02,Embakasi,P001,Paracetamol 500mg,Pain Relief,3,10,30,Cash
4744,2025-11-23,Sunday,B02,embakasi,P002,,Pain Relief,1,15,15,M-Pesa
4745,2025-11-23,Sunday,B02,Embakasi,P002,Ibuprofen 200mg,Pain Relief,3,15,45,M-Pesa
4746,2025-11-23,Sunday,B02,Embakasi,P007,Metformin 500mg,Diabetes,1,40,40,M-Pesa
4747,2025-11-23,Sunday,B02,Embakasi,P008,Insulin,Diabetes,1,450,450,Cash
4748,2025-11-23,Sunday,B02,Embakasi,P010,Antacid Tablets,Digestive,1,20,20,M-Pesa
4749,2025-11-23,Sunday,B02,Embakasi,P001,Paracetamol 500mg,Pain Relief,2,10,20,M-Pesa
4750,2025-11-23,Sunday,B02,embakasi,P007,Metformin 500mg,Diabetes,1,40,40,Cash
4751,2025-11-23,Sunday,B02,embakasi,P001,Paracetamol 500mg,Pain Relief,1,10,10,M-Pesa
4752,2025-11-23,Sunday,B02,Embakasi,P001,Paracetamol 500mg,Pain Relief,1,10,10,Cash
4753,2025-11-23,Sunday,B02,Embakasi,P003,Amoxicillin 250mg,Antibiotic,3,35,105,M-Pesa
4754,2025-11-23,Sunday,B02,Embakasi,P001,Paracetmol,Pain Relief,1,10,10,M-Pesa
4755,2025-11-23,Sunday,B02,Embakasi,P009,Amlodipine 5mg,Hypertension,3,30,90,M-Pesa
4756,2025-11-23,Sunday,B02,Embakasi,P010,Antacid Tablets,Digestive,1,20,20,Cash
4757,2025-11-23,Sunday,B02,Embakasi,P002,Ibuprofen 200mg,Pain Relief,1,15,15,M-Pesa
4758,2025-11-23,Sunday,B02,Embakasi,P010,,Digestive,2,20,40,M-Pesa
4759,2025-11-23,Sunday,B02,Embakasi,P005,Vitamin C Tablets,Supplement,3,25,75,M-Pesa
4760,2025-11-23,Sunday,B02,Embakasi,P010,Antacid Tablets,Digestive,1,20,20,M-Pesa
4761,2025-11-23,Sunday,B02,Embakasi,P006,,Cold & Flu,3,90,270,Cash
4762,2025-11-23,Sunday,B02,Embakasi,P002,Ibuprofen 200mg,Pain Relief,3,15,45,Card
4763,2025-11-23,Sunday,B02,Embakasi,P003,,Antibiotic,2,35,70,M-Pesa
4764,2025-11-23,Sunday,B02,Embakasi,P004,Azithromycin 500mg,Antibiotic,2,120,240,M-Pesa
4765,2025-11-23,Sunday,B02,Embakasi,P001,Paracetamol 500mg,Pain Relief,2,10,20,Cash
4766,2025-11-23,Sunday,B02,Embakasi,P002,Ibuprofen 200mg,Pain Relief,2,15,30,Cash
4767,2025-11-23,Sunday,B02,Embakasi,P001,Paracetamol 500mg,Pain Relief,2,10,20,Cash
4768,2025-11-23,Sunday,B02,Embakasi,P006,Cough Syrup,Cold & Flu,2,90,180,M-Pesa
4769,2025-11-23,Sunday,B02,Embakasi,P006,Cough Syrup,Cold & Flu,2,90,180,Card
4770,2025-11-23,Sunday,B02,Embakasi,P009,Amlodipine 5mg,Hypertension,2,30,60,M-Pesa
4771,2025-11-23,Sunday,B02,Embakasi,P001,Paracetamol 500mg,Pain Relief,1,10,10, Cash
4772,2025-11-23,Sunday,B02,Embakasi,P003,Amoxicillin 250mg,Antibiotic,3,35,105,Cash
4773,2025-11-24,Monday,B01,Nairobi CBD,P008,Insulin,Diabetes,2,450,900,Card
4774,2025-11-24,Monday,B01,Nairobi CBD,P001,Paracetamol 500mg,Pain Relief,3,10,30,Cash
4775,2025-11-24,Monday,B01,Nairobi CBD,P004,Azithromycin 500mg,Antibiotic,1,120,120,Cash
4776,2025-11-24,Monday,B01,Nairobi CBD,P004,Azithromycin 500mg,Antibiotic,3,120,360,M-Pesa
4777,2025-11-24,Monday,B01,Nairobi CBD,P007,,Diabetes,3,40,120,M-Pesa
4778,2025-11-24,Monday,B01,Nairobi CBD,P003,Amoxicillin 250mg,Antibiotic,2,35,70,M-Pesa
4779,2025-11-24,Monday,B01,Nairobi CBD,P007,Metformin 500mg,Diabetes,3,40,120,M-Pesa
4780,2025-11-24,Monday,B01,Nairobi CBD,P001,Paracetamol 500mg,Pain Relief,3,10,30,M-Pesa
4781,2025-11-24,Monday,B01,Nairobi CBD,P001,Paracetamol 500mg,Pain Relief,2,10,20,Card
4782,2025-11-24,Monday,B01,Nairobi CBD,P008,Insulin,Diabetes,2,450,900, M-Pesa
4783,2025-11-24,Monday,B01,Nairobi CBD,P009,Amlodipine 5mg,Hypertension,2,30,60,Cash
4784,2025-11-24,Monday,B01,Nairobi CBD,P005,Vitamin C Tablets,Supplement,2,25,50,Card
4785,2025-11-24,Monday,B01,Nairobi CBD,P003,Amoxicillin 250mg,Antibiotic,3,35,105,
4786,2025-11-24,Monday,B01,,P006,Cough Syrup,Cold & Flu,3,90,270,M-Pesa
4787,2025-11-24,Monday,B01,Nairobi CBD,P010,Antacid Tablets,Digestive,1,20,20,M-Pesa
4788,2025-11-24,Monday,B01,Nairobi CBD,P003,Amoxicillin 250mg,Antibiotic,1,35,35,M-Pesa
4789,2025-11-24,Monday,B01,Nairobi CBD,P009,Amlodipine 5mg,Hypertension,3,30,90,Cash
4790,2025-11-24,Monday,B01,Nairobi CBD,P009,Amlodipine 5mg,Hypertension,1,30,30,Insurance
4791,2025-11-24,Monday,B01,Nairobi CBD,P004,Azithromycin 500mg,Antibiotic,3,120,360,M-Pesa
4792,2025-11-24,Monday,B01,Nairobi CBD,P009,,Hypertension,1,30,30,M-Pesa
4793,2025-11-24,Monday,B01,Nairobi CBD,P009,Amlodipine 5mg,Hypertension,2,30,60,
4794,2025-11-24,Monday,B01,Nairobi CBD,P007,Metformin 500mg,Diabetes,1,40,40,Cash
4795,2025-11-24,Monday,B01,Nairobi CBD,P008,Insulin,Diabetes,2,450,900,
4796,2025-11-24,Monday,B01,Nairobi CBD,P006,Cough Syrup,Cold & Flu,2,90,180,M-Pesa
4797,2025-11-24,Monday,B01,Nairobi CBD,P004,Azithromycin 500mg,Antibiotic,2,120,240,M-Pesa
4798,2025-11-24,Monday,B01,Nairobi CBD,P008,Insulin,Diabetes,2,450,900,M-Pesa
4799,2025-11-24,Monday,B01,Nairobi CBD,P003,Amoxicillin 250mg,Antibiotic,1,35,35,Cash
4800,2025-11-24,Monday,B01,Nairobi CBD,P002,Ibuprofen 200mg,Pain Relief,3,15,45,Cash
4801,2025-11-24,Monday,B01,Nairobi CBD,P008,Insulin,Diabetes,2,450,900,
4802,2025-11-24,Monday,B01,Nairobi CBD,P004,Azithromycin 500mg,Antibiotic,1,120,120, Cash
4803,2025-11-24,Monday,B01,Nairobi CBD,P008,,Diabetes,2,450,911,Cash
4804,2025-11-24,Monday,B01,Nairobi CBD,P003,Amoxicillin 250mg,Antibiotic,1,35,35,M-Pesa
4805,2025-11-24,Monday,B01,Nairobi CBD,P009,Amlodipine 5mg,Hypertension,1,30,30,M-Pesa
4806,2025-11-24,Monday,B01,,P009,Amlodipine 5mg,Hypertension,1,30,30,Cash
4807,2025-11-24,Monday,B01,Nairobi CBD,P007,Metformin 500mg,Diabetes,3,40,120,M-Pesa
4808,2025-11-24,Monday,B01,Nairobi CBD,P003,Amoxicillin 250mg,Antibiotic,1,35,35,Card
4809,2025-11-24,Monday,B01,Nairobi CBD,P004,,Antibiotic,1,120,120,Insurance
4810,2025-11-24,Monday,B01,Nairobi CBD,P001,Paracetamol 500mg,Pain Relief,3,10,30,M-Pesa
4811,2025-11-24,Monday,B01,Nairobi CBD,P009,Amlodipine 5mg,Hypertension,3,30,90,Cash
4812,2025-11-24,Monday,B01,,P010,Antacid Tablets,Digestive,1,20,20,M-Pesa
4813,2025-11-24,Monday,B02,Embakasi,P007,,Diabetes,2,40,80,
4814,2025-11-24,Monday,B02,Embakasi,P009,Amlodipine 5mg,Hypertension,2,30,60,M-Pesa
4815,2025-11-24,Monday,B02,Embakasi,P003,Amoxicillin 250mg,Antibiotic,3,35,105,Cash
4816,2025-11-24,Monday,B02,Embakasi,P010,Antacid Tablets,Digestive,3,20,60,M-Pesa
4817,2025-11-24,Monday,B02,Embakasi,P010,Antacid Tablets,Digestive,1,20,20,M-Pesa
4818,2025-11-24,Monday,B02,Embakasi,P008,Insulin,Diabetes,3,450,1350,Cash
4819,2025-11-24,Monday,B02,Embakasi,P003,Amoxicillin 250mg,Antibiotic,1,35,35,Insurance
4820,2025-11-24,Monday,B02,Embakasi,P006,Cough Syrup,Cold & Flu,2,90,180,M-Pesa
4821,2025-11-24,Monday,B02,Embakasi,P010,,Digestive,3,20,60,M-Pesa
4822,2025-11-24,Monday,B02,Embakasi,P010,Antacid Tablets,Digestive,1,20,20, M-Pesa
4823,2025-11-24,Monday,B02,Embakasi,P010,Antacid Tablets,Digestive,1,20,20,M-Pesa
4824,2025-11-24,Monday,B02,Embakasi,P001,Paracetamol 500mg,Pain Relief,2,10,20,M-Pesa
4825,2025-11-24,Monday,B02,Embakasi,P004,Azithromycin 500mg,Antibiotic,3,120,360,Cash
4826,2025-11-24,Monday,B02,Embakasi,P003,Amoxicillin 250mg,Antibiotic,2,35,70,M-Pesa
4827,2025-11-24,Monday,B02,Embakasi,P005,Vitamin C Tablets,Supplement,1,25,25,Card
4828,2025-11-24,Monday,B02,Embakasi,P004,Azithromycin 500mg,Antibiotic,1,120,120,M-Pesa
4829,2025-11-24,Monday,B02,Embakasi,P004,Azithromycin 500mg,Antibiotic,3,120,360,M-Pesa
4830,2025-11-24,Monday,B02,Embakasi,P007,Metformin 500mg,Diabetes,1,40,40,
4831,2025-11-24,Monday,B02,Embakasi,P010,Antacid Tablets,Digestive,3,20,60,M-Pesa
4832,2025-11-24,Monday,B02,Embakasi,P003,Amoxicillin 250mg,Antibiotic,2,35,70,M pesa
4833,2025-11-24,Monday,B02,embakasi,P010,Antacid Tablets,Digestive,3,20,60,Card
4834,2025-11-24,Monday,B02,Embakasi,P003,Amoxicillin 250mg,Antibiotic,3,35,105,Cash
4835,2025-11-24,Monday,B02,Embakasi,P010,Antacid Tablets,Digestive,1,20,20,M pesa
4836,2025-11-24,Monday,B02,Embakasi,P007,Metformin 500mg,Diabetes,1,40,40,Cash
4837,2025-11-24,Monday,B02,Embakasi,P001,Paracetamol 500mg,Pain Relief,3,10,30,M-Pesa
4838,2025-11-24,Monday,B02,Embakasi,P002,Ibuprofen 200mg,Pain Relief,1,15,15,M-Pesa
4839,2025-11-24,Monday,B02,Embakasi,P003,Amoxicillin 250mg,Antibiotic,1,35,35,M-Pesa
4840,2025-11-24,Monday,B02,embakasi,P010,Antacid Tablets,Digestive,1,20,20,Card
4841,2025-11-24,Monday,B02,embakasi,P002,Ibuprofen 200mg,Pain Relief,3,15,45, M-Pesa
4842,2025-11-24,Monday,B02,Embakasi,P007,Metformin 500mg,Diabetes,1,40,40,M-Pesa
4843,2025-11-24,Monday,B02,Embakasi,P003,Amoxicillin 250mg,Antibiotic,3,35,105,M-Pesa
4844,2025-11-24,Monday,B02,Embakasi,P008,Insulin,Diabetes,1,450,450,M-Pesa
4845,2025-11-25,Tuesday,B01,Nairobi CBD,P002,Ibuprofen 200mg,Pain Relief,1,15,15, M-Pesa
4846,2025-11-25,Tuesday,B01,Nairobi CBD,P006,Cough Syrup,Cold & Flu,1,90,90,M-Pesa
4847,2025-11-25,Tuesday,B01,Nairobi CBD,P001,Paracetamol 500mg,Pain Relief,3,10,41,M-Pesa
4848,2025-11-25,Tuesday,B01,Nairobi CBD,P005,Vitamin C Tablets,Supplement,3,25,75,
4849,2025-11-25,Tuesday,B01,Nairobi CBD,P005,Vitamin C Tablets,Supplement,1,25,25,M-Pesa
4850,2025-11-25,Tuesday,B01,,P010,Antacid Tablets,Digestive,2,20,40,M-Pesa
4851,2025-11-25,Tuesday,B01,Nairobi CBD,P002,Ibuprofen 200mg,Pain Relief,1,15,15,M pesa
4852,2025-11-25,Tuesday,B01,Nairobi CBD,P005,Vitamin C Tablets,Supplement,1,25,25,
4853,2025-11-25,Tuesday,B01,Nairobi CBD,P001,Paracetamol 500mg,Pain Relief,2,10,20,M-Pesa
4854,2025-11-25,Tuesday,B01,Nairobi CBD,P004,Azithromycin 500mg,Antibiotic,3,120,360,M-Pesa
4855,2025-11-25,Tuesday,B01,Nairobi CBD,P008,Insulin,Diabetes,1,450,461,M-Pesa
4856,2025-11-25,Tuesday,B01,Nairobi CBD,P008,Insulin,Diabetes,3,450,1350,Card
4857,2025-11-25,Tuesday,B01,Nairobi CBD,P004,,Antibiotic,3,120,360,Cash
4858,2025-11-25,Tuesday,B01,Nairobi CBD,P006,Cough Syrup,Cold & Flu,2,90,180,M-Pesa
4859,2025-11-25,Tuesday,B01,Nairobi CBD,P004,Azithromycin 500mg,Antibiotic,2,120,240,M pesa
4860,2025-11-25,Tuesday,B01,Nairobi CBD,P004,Azithromycin 500mg,Antibiotic,3,120,360,Card
4861,2025-11-25,Tuesday,B01,Nairobi CBD,P002,Ibuprofen 200mg,Pain Relief,1,15,15,M-Pesa
4862,2025-11-25,Tuesday,B01,Nairobi CBD,P003,,Antibiotic,3,35,105,M-Pesa
4863,2025-11-25,Tuesday,B01,Nairobi CBD,P001,,Pain Relief,1,10,10,M-Pesa
4864,2025-11-25,Tuesday,B01,Nairobi CBD,P008,Insulin,Diabetes,1,450,450,Card
4865,2025-11-25,Tuesday,B01,Nairobi CBD,P003,Amoxicillin 250mg,Antibiotic,2,35,70,M-Pesa
4866,2025-11-25,Tuesday,B01,Nairobi CBD,P004,Azithromycin 500mg,Antibiotic,1,120,120,Insurance
4867,2025-11-25,Tuesday,B01,Nairobi CBD,P004,Azithromycin 500mg,Antibiotic,1,120,131,Card
4868,2025-11-25,Tuesday,B01,Nairobi CBD,P010,Antacid Tablets,Digestive,3,20,60,M-Pesa
4869,2025-11-25,Tuesday,B01,Nairobi CBD,P005,Vitamin C Tablets,Supplement,2,25,50,M-Pesa
4870,2025-11-25,Tuesday,B01,Nairobi CBD,P003,Amoxicillin 250mg,Antibiotic,1,35,35,
4871,2025-11-25,Tuesday,B01,Nairobi CBD,P008,Insulin,Diabetes,1,450,450,M-Pesa
4872,2025-11-25,Tuesday,B01,Nairobi CBD,P005,Vitamin C Tablets,Supplement,2,25,50,M-Pesa
4873,2025-11-25,Tuesday,B01,Nairobi CBD,P008,Insulin,Diabetes,3,450,1350,Insurance
4874,2025-11-25,Tuesday,B01,Nairobi CBD,P005,Vitamin C Tablets,Supplement,2,25,50,M-Pesa
4875,2025-11-25,Tuesday,B01,Nairobi CBD,P002,Ibuprofen 200mg,Pain Relief,2,15,30,M-Pesa
4876,2025-11-25,Tuesday,B01,Nairobi CBD,P004,Azithromycin 500mg,Antibiotic,1,120,120,M-Pesa
4877,2025-11-25,Tuesday,B01,Nairobi CBD,P005,Vitamin C Tablets,Supplement,1,25,25,Card
4878,2025-11-25,Tuesday,B01,Nairobi CBD,P009,Amlodipine 5mg,Hypertension,3,30,90,M-Pesa
4879,2025-11-25,Tuesday,B01,Nairobi CBD,P009,Amlodipine 5mg,Hypertension,1,30,30,M-Pesa
4880,2025-11-25,Tuesday,B01,Nairobi CBD,P007,Metformin 500mg,Diabetes,1,40,40,M-Pesa
4881,2025-11-25,Tuesday,B01,Nairobi CBD,P007,Metformin 500mg,Diabetes,2,40,80,M-Pesa
4882,2025-11-25,Tuesday,B01,Nairobi CBD,P009,Amlodipine 5mg,Hypertension,1,30,30,Cash
4883,2025-11-25,Tuesday,B01,Nairobi CBD,P003,Amoxicillin 250mg,Antibiotic,3,35,105,M-Pesa
4884,2025-11-25,Tuesday,B01,Nairobi CBD,P010,Antacid Tablets,Digestive,2,20,40,M-Pesa
4885,2025-11-25,Tuesday,B02,Embakasi,P003,Amoxicillin 250mg,Antibiotic,2,35,70,
4886,2025-11-25,Tuesday,B02,Embakasi,P005,Vitamin C Tablets,Supplement,1,25,25,M-Pesa
4887,2025-11-25,Tuesday,B02,Embakasi,P007,Metformin 500mg,Diabetes,2,40,80, M-Pesa
4888,2025-11-25,Tuesday,B02,Embakasi,P002,Ibuprofen 200mg,Pain Relief,2,15,30,M-Pesa
4889,2025-11-25,Tuesday,B02,,P009,Amlodipine 5mg,Hypertension,1,30,30,Cash
4890,2025-11-25,Tuesday,B02,Embakasi,P009,Amlodipine 5mg,Hypertension,1,30,30,M-Pesa
4891,2025-11-25,Tuesday,B02,Embakasi,P001,Paracetamol 500mg,Pain Relief,3,10,30,M pesa
4892,2025-11-25,Tuesday,B02,Embakasi,P009,Amlodipine 5mg,Hypertension,3,30,90,Cash
4893,2025-11-25,Tuesday,B02,Embakasi,P005,Vitamin C Tablets,Supplement,1,25,25,M-Pesa
4894,2025-11-25,Tuesday,B02,Embakasi,P005,Vitamin C Tablets,Supplement,1,25,25,Cash
4895,2025-11-25,Tuesday,B02,Embakasi,P001,Paracetmol,Pain Relief,1,10,10,M-Pesa
4896,2025-11-25,Tuesday,B02,Embakasi,P008,Insulin,Diabetes,2,450,900,M-Pesa
4897,2025-11-25,Tuesday,B02,Embakasi,P001,Paracetamol 500mg,Pain Relief,2,10,20, Card
4898,2025-11-25,Tuesday,B02,Embakasi,P003,Amoxicillin 250mg,Antibiotic,2,35,70,Cash
4899,2025-11-25,Tuesday,B02,Embakasi,P002,Ibuprofen 200mg,Pain Relief,1,15,15,M-Pesa
4900,2025-11-25,Tuesday,B02,Embakasi,P010,Antacid Tablets,Digestive,3,20,60,Cash
4901,2025-11-25,Tuesday,B02,Embakasi,P004,Azithromycin 500mg,Antibiotic,1,120,120,M-Pesa
4902,2025-11-25,Tuesday,B02,Embakasi,P009,Amlodipine 5mg,Hypertension,2,30,60,M-Pesa
4903,2025-11-25,Tuesday,B02,Embakasi,P006,Cough Syrup,Cold & Flu,2,90,180,M-Pesa
4904,2025-11-25,Tuesday,B02,Embakasi,P008,Insulin,Diabetes,1,450,450, M-Pesa
4905,2025-11-25,Tuesday,B02,Embakasi,P009,Amlodipine 5mg,Hypertension,1,30,41,M-Pesa
4906,2025-11-25,Tuesday,B02,Embakasi,P004,Azithromycin 500mg,Antibiotic,2,120,240,M-Pesa
4907,2025-11-25,Tuesday,B02,Embakasi,P008,Insulin,Diabetes,2,450,900,M-Pesa
4908,2025-11-25,Tuesday,B02,Embakasi,P006,Cough Syrup,Cold & Flu,2,90,180,M-Pesa
4909,2025-11-25,Tuesday,B02,Embakasi,P008,Insulin,Diabetes,1,450,450,M-Pesa
4910,2025-11-25,Tuesday,B02,Embakasi,P009,Amlodipine 5mg,Hypertension,2,30,60,Cash
4911,2025-11-25,Tuesday,B02,Embakasi,P006,Cough Syrup,Cold & Flu,2,90,180,M-Pesa
4912,2025-11-25,Tuesday,B02,Embakasi,P005,Vitamin C Tablets,Supplement,3,25,75,Cash
4913,2025-11-25,Tuesday,B02,Embakasi,P006,Cough Syrup,Cold & Flu,1,90,90,M-Pesa
4914,2025-11-25,Tuesday,B02,Embakasi,P010,Antacid Tablets,Digestive,3,20,60,M-Pesa
4915,2025-11-25,Tuesday,B02,Embakasi,P003,Amoxicillin 250mg,Antibiotic,3,35,105,M-Pesa
4916,2025-11-25,Tuesday,B02,Embakasi,P004,Azithromycin 500mg,Antibiotic,2,120,240,M-Pesa
4917,2025-11-26,Wednesday,B01,Nairobi CBD,P002,Ibuprofen 200mg,Pain Relief,2,15,30,M-Pesa
4918,2025-11-26,Wednesday,B01,Nairobi CBD,P003,Amoxicillin 250mg,Antibiotic,1,35,35,M-Pesa
4919,2025-11-26,Wednesday,B01,,P010,Antacid Tablets,Digestive,3,20,60,M-Pesa
4920,2025-11-26,Wednesday,B01,Nairobi CBD,P004,Azithromycin 500mg,Antibiotic,1,120,120,M-Pesa
4921,2025-11-26,Wednesday,B01,Nairobi CBD,P010,Antacid Tablets,Digestive,2,20,40,Cash
4922,2025-11-26,Wednesday,B01,Nairobi CBD,P008,Insulin,Diabetes,2,450,900,M-Pesa
4923,2025-11-26,Wednesday,B01,Nairobi CBD,P004,Azithromycin 500mg,Antibiotic,2,120,240,Insurance
4924,2025-11-26,Wednesday,B01,Nairobi CBD,P004,Azithromycin 500mg,Antibiotic,1,120,120,M-Pesa
4925,2025-11-26,Wednesday,B01,Nairobi CBD,P005,Vitamin C Tablets,Supplement,3,25,75,Insurance
4926,2025-11-26,Wednesday,B01,Nairobi CBD,P002,Ibuprofen 200mg,Pain Relief,3,15,45,M-Pesa
4927,2025-11-26,Wednesday,B01,Nairobi CBD,P008,Insulin,Diabetes,1,450,450,Cash
4928,2025-11-26,Wednesday,B01,Nairobi CBD,P001,Paracetamol 500mg,Pain Relief,2,10,20,M pesa
4929,2025-11-26,Wednesday,B01,Nairobi CBD,P007,Metformin 500mg,Diabetes,3,40,120,M-Pesa
4930,2025-11-26,Wednesday,B01,Nairobi CBD,P010,Antacid Tablets,Digestive,2,20,40,Insurance
4931,2025-11-26,Wednesday,B01,Nairobi CBD,P002,Ibuprofen 200mg,Pain Relief,1,15,15,M pesa
4932,2025-11-26,Wednesday,B01,Nairobi CBD,P009,Amlodipine 5mg,Hypertension,2,30,60,M-Pesa
4933,2025-11-26,Wednesday,B01,Nairobi CBD,P008,Insulin,Diabetes,3,450,1350,
4934,2025-11-26,Wednesday,B01,Nairobi CBD,P004,Azithromycin 500mg,Antibiotic,3,120,360,Cash
4935,2025-11-26,Wednesday,B01,Nairobi CBD,P008,Insulin,Diabetes,2,450,911,
4936,2025-11-26,Wednesday,B01,Nairobi CBD,P005,Vitamin C Tablets,Supplement,1,25,25,M-Pesa
4937,2025-11-26,Wednesday,B01,Nairobi CBD,P007,Metformin 500mg,Diabetes,2,40,80,Cash
4938,2025-11-26,Wednesday,B01,Nairobi CBD,P005,Vitamin C Tablets,Supplement,1,25,25,M-Pesa
4939,2025-11-26,Wednesday,B01,Nairobi CBD,P001,Paracetamol 500mg,Pain Relief,2,10,20,
4940,2025-11-26,Wednesday,B01,Nairobi CBD,P010,Antacid Tablets,Digestive,3,20,60,M-Pesa
4941,2025-11-26,Wednesday,B01,Nairobi CBD,P005,Vitamin C Tablets,Supplement,1,25,25,M-Pesa
4942,2025-11-26,Wednesday,B01,Nairobi CBD,P004,Azithromycin 500mg,Antibiotic,1,120,120,Insurance
4943,2025-11-26,Wednesday,B01,Nairobi CBD,P003,,Antibiotic,1,35,35,M-Pesa
4944,2025-11-26,Wednesday,B01,Nairobi CBD,P007,Metformin 500mg,Diabetes,3,40,120,M-Pesa
4945,2025-11-26,Wednesday,B01,Nairobi CBD,P002,Ibuprofen 200mg,Pain Relief,2,15,30, Insurance
4946,2025-11-26,Wednesday,B01,Nairobi CBD,P004,Azithromycin 500mg,Antibiotic,3,120,360,Cash
4947,2025-11-26,Wednesday,B01,Nairobi CBD,P009,Amlodipine 5mg,Hypertension,1,30,30,M-Pesa
4948,2025-11-26,Wednesday,B01,Nairobi CBD,P010,Antacid Tablets,Digestive,2,20,40,M-Pesa
4949,2025-11-26,Wednesday,B01,Nairobi CBD,P009,Amlodipine 5mg,Hypertension,3,30,90,M-Pesa
4950,2025-11-26,Wednesday,B01,Nairobi CBD,P003,,Antibiotic,1,35,35,M-Pesa
4951,2025-11-26,Wednesday,B01,Nairobi CBD,P006,Cough Syrup,Cold & Flu,1,90,90,Cash
4952,2025-11-26,Wednesday,B02,Embakasi,P007,Metformin 500mg,Diabetes,3,40,120,M-Pesa
4953,2025-11-26,Wednesday,B02,Embakasi,P002,Ibuprofen 200mg,Pain Relief,3,15,45,M-Pesa
4954,2025-11-26,Wednesday,B02,Embakasi,P002,Ibuprofen 200mg,Pain Relief,1,15,15,M-Pesa
4955,2025-11-26,Wednesday,B02,Embakasi,P009,Amlodipine 5mg,Hypertension,3,30,101,M-Pesa
4956,2025-11-26,Wednesday,B02,Embakasi,P002,Ibuprofen 200mg,Pain Relief,1,15,15,M-Pesa
4957,2025-11-26,Wednesday,B02,Embakasi,P010,Antacid Tablets,Digestive,3,20,60,
4958,2025-11-26,Wednesday,B02,Embakasi,P006,Cough Syrup,Cold & Flu,1,90,90,M-Pesa
4959,2025-11-26,Wednesday,B02,Embakasi,P008,Insulin,Diabetes,1,450,450,M-Pesa
4960,2025-11-26,Wednesday,B02,,P002,Ibuprofen 200mg,Pain Relief,2,15,30,Cash
4961,2025-11-26,Wednesday,B02,Embakasi,P001,Paracetamol 500mg,Pain Relief,3,10,30,Insurance
4962,2025-11-26,Wednesday,B02,Embakasi,P009,Amlodipine 5mg,Hypertension,3,30,90,M-Pesa
4963,2025-11-26,Wednesday,B02,Embakasi,P008,Insulin,Diabetes,1,450,450,M-Pesa
4964,2025-11-26,Wednesday,B02,Embakasi,P003,Amoxicillin 250mg,Antibiotic,1,35,35,M-Pesa
4965,2025-11-26,Wednesday,B02,Embakasi,P007,Metformin 500mg,Diabetes,1,40,40,Cash
4966,2025-11-26,Wednesday,B02,Embakasi,P004,Azithromycin 500mg,Antibiotic,2,120,240,M-Pesa
4967,2025-11-26,Wednesday,B02,Embakasi,P003,,Antibiotic,2,35,70,Insurance
4968,2025-11-26,Wednesday,B02,Embakasi,P004,Azithromycin 500mg,Antibiotic,1,120,120,Cash
4969,2025-11-26,Wednesday,B02,Embakasi,P005,Vitamin C Tablets,Supplement,3,25,75,Card
4970,2025-11-26,Wednesday,B02,Embakasi,P004,Azithromycin 500mg,Antibiotic,3,120,360,Card
4971,2025-11-26,Wednesday,B02,Embakasi,P002,Ibuprofen 200mg,Pain Relief,2,15,30,M-Pesa
4972,2025-11-26,Wednesday,B02,Embakasi,P006,Cough Syrup,Cold & Flu,2,90,180,M-Pesa
4973,2025-11-26,Wednesday,B02,Embakasi,P004,Azithromycin 500mg,Antibiotic,1,120,120,Card
4974,2025-11-26,Wednesday,B02,Embakasi,P008,Insulin,Diabetes,3,450,1350,M-Pesa
4975,2025-11-26,Wednesday,B02,Embakasi,P002,Ibuprofen 200mg,Pain Relief,1,15,15,Cash
4976,2025-11-26,Wednesday,B02,Embakasi,P010,Antacid Tablets,Digestive,2,20,40,
4977,2025-11-26,Wednesday,B02,Embakasi,P007,Metformin 500mg,Diabetes,3,40,120,M-Pesa
4978,2025-11-26,Wednesday,B02,embakasi,P007,Metformin 500mg,Diabetes,3,40,131,M-Pesa
4979,2025-11-26,Wednesday,B02,Embakasi,P008,Insulin,Diabetes,2,450,900,M-Pesa
4980,2025-11-26,Wednesday,B02,Embakasi,P005,Vitamin C Tablets,Supplement,1,25,25,M-Pesa
4981,2025-11-26,Wednesday,B02,Embakasi,P009,Amlodipine 5mg,Hypertension,1,30,30,M-Pesa
4982,2025-11-26,Wednesday,B02,Embakasi,P005,Vitamin C Tablets,Supplement,3,25,75,M-Pesa
4983,2025-11-26,Wednesday,B02,Embakasi,P002,Ibuprofen 200mg,Pain Relief,2,15,30,M-Pesa
4984,2025-11-26,Wednesday,B02,Embakasi,P005,Vitamin C Tablets,Supplement,3,25,75,Cash
4985,2025-11-27,Thursday,B01,Nairobi CBD,P001,Paracetamol 500mg,Pain Relief,1,10,10,M-Pesa
4986,2025-11-27,Thursday,B01,Nairobi CBD,P009,Amlodipine 5mg,Hypertension,2,30,60,Card
4987,2025-11-27,Thursday,B01,Nairobi CBD,P004,Azithromycin 500mg,Antibiotic,1,120,120,M-Pesa
4988,2025-11-27,Thursday,B01,Nairobi CBD,P002,Ibuprofen 200mg,Pain Relief,2,15,30,Cash
4989,2025-11-27,Thursday,B01,Nairobi CBD,P010,Antacid Tablets,Digestive,3,20,60,M-Pesa
4990,2025-11-27,Thursday,B01,Nairobi CBD,P002,Ibuprofen 200mg,Pain Relief,1,15,15,M-Pesa
4991,2025-11-27,Thursday,B01,Nairobi CBD,P010,Antacid Tablets,Digestive,3,20,60,M-Pesa
4992,2025-11-27,Thursday,B01,Nairobi CBD,P003,Amoxicillin 250mg,Antibiotic,3,35,105,M-Pesa
4993,2025-11-27,Thursday,B01,Nairobi CBD,P006,Cough Syrup,Cold & Flu,1,90,90,Cash
4994,2025-11-27,Thursday,B01,Nairobi CBD,P009,Amlodipine 5mg,Hypertension,1,30,30,M-Pesa
4995,2025-11-27,Thursday,B01,Nairobi CBD,P009,Amlodipine 5mg,Hypertension,3,30,90,M-Pesa
4996,2025-11-27,Thursday,B01,Nairobi CBD,P005,Vitamin C Tablets,Supplement,3,25,75,M-Pesa
4997,2025-11-27,Thursday,B01,Nairobi CBD,P006,Cough Syrup,Cold & Flu,3,90,270,
4998,2025-11-27,Thursday,B01,Nairobi CBD,P005,Vitamin C Tablets,Supplement,3,25,75,Cash
4999,2025-11-27,Thursday,B01,Nairobi CBD,P002,Ibuprofen 200mg,Pain Relief,1,15,15,M-Pesa
5000,2025-11-27,Thursday,B01,Nairobi CBD,P001,Paracetamol 500mg,Pain Relief,1,10,10,M pesa
5001,2025-11-27,Thursday,B01,Nairobi CBD,P002,Ibuprofen 200mg,Pain Relief,3,15,45,M-Pesa
5002,2025-11-27,Thursday,B01,Nairobi CBD,P010,Antacid Tablets,Digestive,2,20,40,M pesa
5003,2025-11-27,Thursday,B01,Nairobi CBD,P004,Azithromycin 500mg,Antibiotic,2,120,240,Cash
5004,2025-11-27,Thursday,B01,Nairobi CBD,P003,Amoxicillin 250mg,Antibiotic,1,35,35,Cash
5005,2025-11-27,Thursday,B01,Nairobi CBD,P003,,Antibiotic,3,35,105,M-Pesa
5006,2025-11-27,Thursday,B01,Nairobi CBD,P003,Amoxicillin 250mg,Antibiotic,3,35,105,Cash
5007,2025-11-27,Thursday,B01,Nairobi CBD,P004,Azithromycin 500mg,Antibiotic,1,120,120,M-Pesa
5008,2025-11-27,Thursday,B01,Nairobi CBD,P002,Ibuprofen 200mg,Pain Relief,2,15,30,Card
5009,2025-11-27,Thursday,B01,Nairobi CBD,P008,Insulin,Diabetes,2,450,911,Card
5010,2025-11-27,Thursday,B01,Nairobi CBD,P003,Amoxicillin 250mg,Antibiotic,2,35,70,M-Pesa
5011,2025-11-27,Thursday,B01,Nairobi CBD,P004,Azithromycin 500mg,Antibiotic,1,120,120,M pesa
5012,2025-11-27,Thursday,B01,Nairobi CBD,P008,Insulin,Diabetes,2,450,900,Card
5013,2025-11-27,Thursday,B01,Nairobi CBD,P006,Cough Syrup,Cold & Flu,1,90,90,M-Pesa
5014,2025-11-27,Thursday,B01,Nairobi CBD,P008,Insulin,Diabetes,1,450,450,M pesa
5015,2025-11-27,Thursday,B01,Nairobi CBD,P007,Metformin 500mg,Diabetes,3,40,120,M-Pesa
5016,2025-11-27,Thursday,B01,Nairobi CBD,P008,Insulin,Diabetes,2,450,900,M-Pesa
5017,2025-11-27,Thursday,B01,Nairobi CBD,P006,Cough Syrup,Cold & Flu,1,90,90,M-Pesa
5018,2025-11-27,Thursday,B01,Nairobi CBD,P002,Ibuprofen 200mg,Pain Relief,2,15,30,M-Pesa
5019,2025-11-27,Thursday,B01,Nairobi CBD,P007,Metformin 500mg,Diabetes,2,40,80,M-Pesa
5020,2025-11-27,Thursday,B01,Nairobi CBD,P006,Cough Syrup,Cold & Flu,3,90,270,M-Pesa
5021,2025-11-27,Thursday,B02,Embakasi,P006,Cough Syrup,Cold & Flu,3,90,270,Card
5022,2025-11-27,Thursday,B02,Embakasi,P004,Azithromycin 500mg,Antibiotic,1,120,120, Cash
5023,2025-11-27,Thursday,B02,Embakasi,P009,Amlodipine 5mg,Hypertension,2,30,71,
5024,2025-11-27,Thursday,B02,Embakasi,P003,Amoxicillin 250mg,Antibiotic,1,35,35,Cash
5025,2025-11-27,Thursday,B02,Embakasi,P009,Amlodipine 5mg,Hypertension,2,30,60,Cash
5026,2025-11-27,Thursday,B02,Embakasi,P001,Paracetamol 500mg,Pain Relief,1,10,10,M-Pesa
5027,2025-11-27,Thursday,B02,Embakasi,P007,Metformin 500mg,Diabetes,2,40,80,Card
5028,2025-11-27,Thursday,B02,Embakasi,P001,Paracetamol 500mg,Pain Relief,2,10,20,M-Pesa
5029,2025-11-27,Thursday,B02,Embakasi,P006,Cough Syrup,Cold & Flu,2,90,180,M-Pesa
5030,2025-11-27,Thursday,B02,Embakasi,P007,Metformin 500mg,Diabetes,2,40,80,Card
5031,2025-11-27,Thursday,B02,Embakasi,P004,Azithromycin 500mg,Antibiotic,2,120,240,Cash
5032,2025-11-27,Thursday,B02,Embakasi,P004,Azithromycin 500mg,Antibiotic,2,120,240,M-Pesa
5033,2025-11-27,Thursday,B02,Embakasi,P008,Insulin,Diabetes,2,450,900,M-Pesa
5034,2025-11-27,Thursday,B02,Embakasi,P002,Ibuprofen 200mg,Pain Relief,2,15,30,M-Pesa
5035,2025-11-27,Thursday,B02,Embakasi,P007,Metformin 500mg,Diabetes,2,40,80,M-Pesa
5036,2025-11-27,Thursday,B02,Embakasi,P009,Amlodipine 5mg,Hypertension,1,30,30,M-Pesa
5037,2025-11-27,Thursday,B02,Embakasi,P001,Paracetamol 500mg,Pain Relief,3,10,30,Card
5038,2025-11-27,Thursday,B02,Embakasi,P001,Paracetamol 500mg,Pain Relief,2,10,20,Card
5039,2025-11-27,Thursday,B02,Embakasi,P005,Vitamin C Tablets,Supplement,3,25,75,M-Pesa
5040,2025-11-27,Thursday,B02,Embakasi,P004,Azithromycin 500mg,Antibiotic,2,120,240,M-Pesa
5041,2025-11-27,Thursday,B02,embakasi,P009,Amlodipine 5mg,Hypertension,2,30,60,Card
5042,2025-11-27,Thursday,B02,Embakasi,P009,Amlodipine 5mg,Hypertension,1,30,30,M-Pesa
5043,2025-11-27,Thursday,B02,Embakasi,P010,Antacid Tablets,Digestive,1,20,20,Cash
5044,2025-11-27,Thursday,B02,Embakasi,P003,Amoxicillin 250mg,Antibiotic,3,35,105,
5045,2025-11-27,Thursday,B02,Embakasi,P008,Insulin,Diabetes,1,450,450,M-Pesa
5046,2025-11-27,Thursday,B02,Embakasi,P001,Paracetamol 500mg,Pain Relief,1,10,10,M-Pesa
5047,2025-11-27,Thursday,B02,Embakasi,P002,Ibuprofen 200mg,Pain Relief,3,15,45,
5048,2025-11-27,Thursday,B02,Embakasi,P001,Paracetamol 500mg,Pain Relief,1,10,10,M-Pesa
5049,2025-11-27,Thursday,B02,Embakasi,P005,Vitamin C Tablets,Supplement,2,25,50,M-Pesa
5050,2025-11-27,Thursday,B02,Embakasi,P007,Metformin 500mg,Diabetes,3,40,120,M-Pesa
5051,2025-11-27,Thursday,B02,,P003,Amoxicillin 250mg,Antibiotic,3,35,105,Card
5052,2025-11-28,Friday,B01,Nairobi CBD,P006,Cough Syrup,Cold & Flu,2,90,180,M-Pesa
5053,2025-11-28,Friday,B01,Nairobi CBD,P007,Metformin 500mg,Diabetes,1,40,40,Cash
5054,2025-11-28,Friday,B01,Nairobi CBD,P007,Metformin 500mg,Diabetes,3,40,120,Cash
5055,2025-11-28,Friday,B01,Nairobi CBD,P010,Antacid Tablets,Digestive,3,20,60,M-Pesa
5056,2025-11-28,Friday,B01,Nairobi CBD,P001,Paracetamol 500mg,Pain Relief,2,10,20,M-Pesa
5057,2025-11-28,Friday,B01,,P004,Azithromycin 500mg,Antibiotic,2,120,240,M-Pesa
5058,2025-11-28,Friday,B01,Nairobi CBD,P007,Metformin 500mg,Diabetes,1,40,51,Card
5059,2025-11-28,Friday,B01,Nairobi CBD,P007,Metformin 500mg,Diabetes,3,40,120,Cash
5060,2025-11-28,Friday,B01,Nairobi CBD,P004,Azithromycin 500mg,Antibiotic,1,120,120,M-Pesa
5061,2025-11-28,Friday,B01,Nairobi CBD,P008,Insulin,Diabetes,1,450,450,M-Pesa
5062,2025-11-28,Friday,B01,Nairobi CBD,P008,Insulin,Diabetes,2,450,900,M-Pesa
5063,2025-11-28,Friday,B01,Nairobi CBD,P008,Insulin,Diabetes,3,450,1350,
5064,2025-11-28,Friday,B01,Nairobi CBD,P005,Vitamin C Tablets,Supplement,3,25,75,M-Pesa
5065,2025-11-28,Friday,B01,Nairobi CBD,P007,Metformin 500mg,Diabetes,3,40,120,M-Pesa
5066,2025-11-28,Friday,B01,Nairobi CBD,P005,Vitamin C Tablets,Supplement,2,25,50,M-Pesa
5067,2025-11-28,Friday,B01,Nairobi CBD,P002,Ibuprofen 200mg,Pain Relief,2,15,30,M-Pesa
5068,2025-11-28,Friday,B01,Nairobi CBD,P002,Ibuprofen 200mg,Pain Relief,2,15,30,Cash
5069,2025-11-28,Friday,B01,Nairobi CBD,P006,Cough Syrup,Cold & Flu,2,90,180,M-Pesa
5070,2025-11-28,Friday,B01,Nairobi CBD,P004,Azithromycin 500mg,Antibiotic,2,120,240,
5071,2025-11-28,Friday,B01,Nairobi CBD,P001,Paracetamol 500mg,Pain Relief,3,10,30,M-Pesa
5072,2025-11-28,Friday,B01,Nairobi CBD,P006,Cough Syrup,Cold & Flu,1,90,90,Insurance
5073,2025-11-28,Friday,B01,Nairobi CBD,P009,Amlodipine 5mg,Hypertension,3,30,90,Cash
5074,2025-11-28,Friday,B01,Nairobi CBD,P009,Amlodipine 5mg,Hypertension,1,30,30,M-Pesa
5075,2025-11-28,Friday,B01,,P008,Insulin,Diabetes,2,450,900,M-Pesa
5076,2025-11-28,Friday,B01,Nairobi CBD,P008,Insulin,Diabetes,1,450,450,Card
5077,2025-11-28,Friday,B01,Nairobi CBD,P010,Antacid Tablets,Digestive,3,20,60,M-Pesa
5078,2025-11-28,Friday,B01,Nairobi CBD,P003,Amoxicillin 250mg,Antibiotic,3,35,105,M-Pesa
5079,2025-11-28,Friday,B01,Nairobi CBD,P008,Insulin,Diabetes,1,450,450,M-Pesa
5080,2025-11-28,Friday,B01,Nairobi CBD,P009,Amlodipine 5mg,Hypertension,2,30,60,M-Pesa
5081,2025-11-28,Friday,B01,Nairobi CBD,P004,Azithromycin 500mg,Antibiotic,2,120,240,Insurance
5082,2025-11-28,Friday,B01,Nairobi CBD,P006,Cough Syrup,Cold & Flu,3,90,270,M pesa
5083,2025-11-28,Friday,B01,Nairobi CBD,P010,Antacid Tablets,Digestive,1,20,20,Cash
5084,2025-11-28,Friday,B01,Nairobi CBD,P001,Paracetamol 500mg,Pain Relief,2,10,20,
5085,2025-11-28,Friday,B01,Nairobi CBD,P001,Paracetamol 500mg,Pain Relief,2,10,20,Card
5086,2025-11-28,Friday,B01,Nairobi CBD,P004,Azithromycin 500mg,Antibiotic,3,120,360,M-Pesa
5087,2025-11-28,Friday,B01,Nairobi CBD,P007,Metformin 500mg,Diabetes,2,40,80,Insurance
5088,2025-11-28,Friday,B01,Nairobi CBD,P001,Paracetamol 500mg,Pain Relief,1,10,10,Card
5089,2025-11-28,Friday,B01,Nairobi CBD,P003,Amoxicillin 250mg,Antibiotic,3,35,105,Cash
5090,2025-11-28,Friday,B02,Embakasi,P006,Cough Syrup,Cold & Flu,3,90,270,M-Pesa
5091,2025-11-28,Friday,B02,Embakasi,P008,Insulin,Diabetes,2,450,900,M-Pesa
5092,2025-11-28,Friday,B02,Embakasi,P004,Azithromycin 500mg,Antibiotic,2,120,240,Cash
5093,2025-11-28,Friday,B02,Embakasi,P004,Azithromycin 500mg,Antibiotic,1,120,120,M-Pesa
5094,2025-11-28,Friday,B02,Embakasi,P006,Cough Syrup,Cold & Flu,2,90,180,Cash
5095,2025-11-28,Friday,B02,Embakasi,P003,Amoxicillin 250mg,Antibiotic,1,35,35,M-Pesa
5096,2025-11-28,Friday,B02,embakasi,P006,Cough Syrup,Cold & Flu,1,90,90,M-Pesa
5097,2025-11-28,Friday,B02,Embakasi,P009,Amlodipine 5mg,Hypertension,2,30,71,Cash
5098,2025-11-28,Friday,B02,Embakasi,P009,Amlodipine 5mg,Hypertension,1,30,30,Cash
5099,2025-11-28,Friday,B02,Embakasi,P006,Cough Syrup,Cold & Flu,2,90,180,M-Pesa
5100,2025-11-28,Friday,B02,Embakasi,P006,Cough Syrup,Cold & Flu,3,90,270,Card
5101,2025-11-28,Friday,B02,Embakasi,P006,Cough Syrup,Cold & Flu,3,90,270, M-Pesa
5102,2025-11-28,Friday,B02,Embakasi,P009,Amlodipine 5mg,Hypertension,1,30,30,M-Pesa
5103,2025-11-28,Friday,B02,Embakasi,P008,Insulin,Diabetes,2,450,911,M-Pesa
5104,2025-11-28,Friday,B02,Embakasi,P003,Amoxicillin 250mg,Antibiotic,2,35,70,Cash
5105,2025-11-28,Friday,B02,Embakasi,P008,Insulin,Diabetes,3,450,1350,M-Pesa
5106,2025-11-28,Friday,B02,Embakasi,P007,Metformin 500mg,Diabetes,3,40,120,M-Pesa
5107,2025-11-28,Friday,B02,Embakasi,P003,Amoxicillin 250mg,Antibiotic,2,35,70,Cash
5108,2025-11-28,Friday,B02,Embakasi,P007,Metformin 500mg,Diabetes,1,40,40,M-Pesa
5109,2025-11-28,Friday,B02,Embakasi,P008,Insulin,Diabetes,3,450,1350,Cash
5110,2025-11-28,Friday,B02,Embakasi,P002,Ibuprofen 200mg,Pain Relief,1,15,15,M-Pesa
5111,2025-11-28,Friday,B02,Embakasi,P005,Vitamin C Tablets,Supplement,1,25,25,Card
5112,2025-11-28,Friday,B02,Embakasi,P005,Vitamin C Tablets,Supplement,3,25,75,Card
5113,2025-11-28,Friday,B02,Embakasi,P005,Vitamin C Tablets,Supplement,1,25,36,M-Pesa
5114,2025-11-28,Friday,B02,Embakasi,P004,Azithromycin 500mg,Antibiotic,1,120,120,Insurance
5115,2025-11-28,Friday,B02,embakasi,P004,Azithromycin 500mg,Antibiotic,2,120,240,M-Pesa
5116,2025-11-28,Friday,B02,Embakasi,P003,Amoxicillin 250mg,Antibiotic,1,35,35,Card
5117,2025-11-28,Friday,B02,Embakasi,P010,Antacid Tablets,Digestive,2,20,51,
5118,2025-11-28,Friday,B02,Embakasi,P005,Vitamin C Tablets,Supplement,3,25,75,M-Pesa
5119,2025-11-28,Friday,B02,Embakasi,P008,Insulin,Diabetes,3,450,1350,M-Pesa
5120,2025-11-29,Saturday,B01,Nairobi CBD,P003,Amoxicillin 250mg,Antibiotic,3,35,105,M-Pesa
5121,2025-11-29,Saturday,B01,Nairobi CBD,P009,,Hypertension,1,30,30,M-Pesa
5122,2025-11-29,Saturday,B01,Nairobi CBD,P002,Ibuprofen 200mg,Pain Relief,1,15,15,M-Pesa
5123,2025-11-29,Saturday,B01,Nairobi CBD,P010,Antacid Tablets,Digestive,1,20,20,M-Pesa
5124,2025-11-29,Saturday,B01,Nairobi CBD,P001,Paracetamol 500mg,Pain Relief,3,10,30, Cash
5125,2025-11-29,Saturday,B01,Nairobi CBD,P004,Azithromycin 500mg,Antibiotic,1,120,131,Cash
5126,2025-11-29,Saturday,B01,Nairobi CBD,P005,Vitamin C Tablets,Supplement,3,25,75,M-Pesa
5127,2025-11-29,Saturday,B01,Nairobi CBD,P006,Cough Syrup,Cold & Flu,1,90,101,M-Pesa
5128,2025-11-29,Saturday,B01,Nairobi CBD,P006,Cough Syrup,Cold & Flu,2,90,180,M-Pesa
5129,2025-11-29,Saturday,B01,Nairobi CBD,P009,Amlodipine 5mg,Hypertension,3,30,90,Cash
5130,2025-11-29,Saturday,B01,Nairobi CBD,P007,Metformin 500mg,Diabetes,3,40,120,Cash
5131,2025-11-29,Saturday,B01,Nairobi CBD,P010,Antacid Tablets,Digestive,1,20,20,Insurance
5132,2025-11-29,Saturday,B01,Nairobi CBD,P008,Insulin,Diabetes,3,450,1350,M-Pesa
5133,2025-11-29,Saturday,B01,Nairobi CBD,P004,Azithromycin 500mg,Antibiotic,3,120,360, M-Pesa
5134,2025-11-29,Saturday,B01,Nairobi CBD,P002,Ibuprofen 200mg,Pain Relief,2,15,30,M-Pesa
5135,2025-11-29,Saturday,B01,Nairobi CBD,P006,Cough Syrup,Cold & Flu,2,90,180,
5136,2025-11-29,Saturday,B01,Nairobi CBD,P004,Azithromycin 500mg,Antibiotic,1,120,120,M-Pesa
5137,2025-11-29,Saturday,B01,Nairobi CBD,P004,Azithromycin 500mg,Antibiotic,2,120,240,M-Pesa
5138,2025-11-29,Saturday,B01,Nairobi CBD,P003,Amoxicillin 250mg,Antibiotic,1,35,35,M-Pesa
5139,2025-11-29,Saturday,B01,Nairobi CBD,P007,Metformin 500mg,Diabetes,1,40,40,M-Pesa
5140,2025-11-29,Saturday,B01,Nairobi CBD,P001,Paracetamol 500mg,Pain Relief,1,10,10,Cash
5141,2025-11-29,Saturday,B01,Nairobi CBD,P005,Vitamin C Tablets,Supplement,3,25,75,M-Pesa
5142,2025-11-29,Saturday,B01,Nairobi CBD,P002,Ibuprofen 200mg,Pain Relief,2,15,30,M-Pesa
5143,2025-11-29,Saturday,B01,Nairobi CBD,P008,Insulin,Diabetes,1,450,450,M-Pesa
5144,2025-11-29,Saturday,B01,Nairobi CBD,P010,Antacid Tablets,Digestive,2,20,40,M pesa
5145,2025-11-29,Saturday,B01,Nairobi CBD,P008,Insulin,Diabetes,1,450,450,Card
5146,2025-11-29,Saturday,B01,Nairobi CBD,P001,Paracetmol,Pain Relief,2,10,20,M-Pesa
5147,2025-11-29,Saturday,B01,Nairobi CBD,P001,Paracetamol 500mg,Pain Relief,2,10,20,Cash
5148,2025-11-29,Saturday,B01,Nairobi CBD,P007,Metformin 500mg,Diabetes,1,40,40,M-Pesa
5149,2025-11-29,Saturday,B01,Nairobi CBD,P007,Metformin 500mg,Diabetes,3,40,120,M-Pesa
5150,2025-11-29,Saturday,B01,Nairobi CBD,P002,Ibuprofen 200mg,Pain Relief,2,15,30,M-Pesa
5151,2025-11-29,Saturday,B01,Nairobi CBD,P001,Paracetamol 500mg,Pain Relief,3,10,30,M-Pesa
5152,2025-11-29,Saturday,B01,Nairobi CBD,P001,Paracetamol 500mg,Pain Relief,3,10,30,M-Pesa
5153,2025-11-29,Saturday,B01,Nairobi CBD,P008,Insulin,Diabetes,1,450,450,M-Pesa
5154,2025-11-29,Saturday,B01,Nairobi CBD,P002,Ibuprofen 200mg,Pain Relief,1,15,15,M-Pesa
5155,2025-11-29,Saturday,B01,Nairobi CBD,P002,Ibuprofen 200mg,Pain Relief,1,15,15,M-Pesa
5156,2025-11-29,Saturday,B02,Embakasi,P005,Vitamin C Tablets,Supplement,1,25,25,M-Pesa
5157,2025-11-29,Saturday,B02,Embakasi,P005,Vitamin C Tablets,Supplement,1,25,25,M-Pesa
5158,2025-11-29,Saturday,B02,Embakasi,P008,Insulin,Diabetes,2,450,900,M-Pesa
5159,2025-11-29,Saturday,B02,,P008,,Diabetes,2,450,900,Card
5160,2025-11-29,Saturday,B02,Embakasi,P007,Metformin 500mg,Diabetes,1,40,40,
5161,2025-11-29,Saturday,B02,Embakasi,P009,Amlodipine 5mg,Hypertension,1,30,30,Cash
5162,2025-11-29,Saturday,B02,Embakasi,P007,Metformin 500mg,Diabetes,1,40,40,Cash
5163,2025-11-29,Saturday,B02,Embakasi,P004,,Antibiotic,1,120,120,Cash
5164,2025-11-29,Saturday,B02,Embakasi,P007,Metformin 500mg,Diabetes,3,40,120,Cash
5165,2025-11-29,Saturday,B02,Embakasi,P003,Amoxicillin 250mg,Antibiotic,3,35,105,M-Pesa
5166,2025-11-29,Saturday,B02,Embakasi,P005,Vitamin C Tablets,Supplement,1,25,25,M-Pesa
5167,2025-11-29,Saturday,B02,Embakasi,P010,Antacid Tablets,Digestive,3,20,60,M-Pesa
5168,2025-11-29,Saturday,B02,Embakasi,P010,Antacid Tablets,Digestive,2,20,40,M-Pesa
5169,2025-11-29,Saturday,B02,Embakasi,P007,Metformin 500mg,Diabetes,3,40,120,M-Pesa
5170,2025-11-29,Saturday,B02,Embakasi,P010,Antacid Tablets,Digestive,3,20,60,Cash
5171,2025-11-29,Saturday,B02,Embakasi,P008,Insulin,Diabetes,1,450,450,M-Pesa
5172,2025-11-29,Saturday,B02,Embakasi,P003,Amoxicillin 250mg,Antibiotic,3,35,105,Cash
5173,2025-11-29,Saturday,B02,Embakasi,P008,Insulin,Diabetes,3,450,1350,M-Pesa
5174,2025-11-29,Saturday,B02,Embakasi,P006,Cough Syrup,Cold & Flu,3,90,270,Cash
5175,2025-11-29,Saturday,B02,Embakasi,P009,Amlodipine 5mg,Hypertension,3,30,90,Card
5176,2025-11-29,Saturday,B02,Embakasi,P002,Ibuprofen 200mg,Pain Relief,2,15,30,Card
5177,2025-11-29,Saturday,B02,Embakasi,P005,Vitamin C Tablets,Supplement,1,25,25,M-Pesa
5178,2025-11-29,Saturday,B02,Embakasi,P003,Amoxicillin 250mg,Antibiotic,1,35,35,M-Pesa
5179,2025-11-29,Saturday,B02,Embakasi,P001,Paracetamol 500mg,Pain Relief,2,10,20,M-Pesa
5180,2025-11-29,Saturday,B02,Embakasi,P010,Antacid Tablets,Digestive,3,20,60,M-Pesa
5181,2025-11-29,Saturday,B02,Embakasi,P005,Vitamin C Tablets,Supplement,2,25,50,M-Pesa
5182,2025-11-29,Saturday,B02,Embakasi,P001,Paracetamol 500mg,Pain Relief,3,10,30,M-Pesa
5183,2025-11-29,Saturday,B02,Embakasi,P010,Antacid Tablets,Digestive,2,20,40,M-Pesa
5184,2025-11-29,Saturday,B02,Embakasi,P004,Azithromycin 500mg,Antibiotic,1,120,120,Insurance
5185,2025-11-29,Saturday,B02,Embakasi,P008,Insulin,Diabetes,1,450,450,M-Pesa
5186,2025-11-29,Saturday,B02,Embakasi,P008,Insulin,Diabetes,1,450,450,M-Pesa
5187,2025-11-30,Sunday,B01,Nairobi CBD,P007,Metformin 500mg,Diabetes,3,40,120,M-Pesa
5188,2025-11-30,Sunday,B01,Nairobi CBD,P002,Ibuprofen 200mg,Pain Relief,2,15,30,M-Pesa
5189,2025-11-30,Sunday,B01,Nairobi CBD,P005,Vitamin C Tablets,Supplement,2,25,50,M-Pesa
5190,2025-11-30,Sunday,B01,Nairobi CBD,P003,Amoxicillin 250mg,Antibiotic,1,35,35,M-Pesa
5191,2025-11-30,Sunday,B01,Nairobi CBD,P002,Ibuprofen 200mg,Pain Relief,3,15,45,M-Pesa
5192,2025-11-30,Sunday,B01,Nairobi CBD,P006,Cough Syrup,Cold & Flu,2,90,180,M-Pesa
5193,2025-11-30,Sunday,B01,Nairobi CBD,P007,Metformin 500mg,Diabetes,3,40,120,M-Pesa
5194,2025-11-30,Sunday,B01,Nairobi CBD,P008,Insulin,Diabetes,3,450,1350,M-Pesa
5195,2025-11-30,Sunday,B01,Nairobi CBD,P003,Amoxicillin 250mg,Antibiotic,1,35,35,M-Pesa
5196,2025-11-30,Sunday,B01,Nairobi CBD,P008,Insulin,Diabetes,1,450,450,Cash
5197,2025-11-30,Sunday,B01,Nairobi CBD,P001,Paracetamol 500mg,Pain Relief,3,10,30,Cash
5198,2025-11-30,Sunday,B01,Nairobi CBD,P008,Insulin,Diabetes,3,450,1350,
5199,2025-11-30,Sunday,B01,Nairobi CBD,P009,Amlodipine 5mg,Hypertension,3,30,90,Cash
5200,2025-11-30,Sunday,B01,Nairobi CBD,P008,Insulin,Diabetes,3,450,1350,M-Pesa
5201,2025-11-30,Sunday,B01,Nairobi CBD,P009,Amlodipine 5mg,Hypertension,1,30,30,M-Pesa
5202,2025-11-30,Sunday,B01,Nairobi CBD,P005,Vitamin C Tablets,Supplement,2,25,50,
5203,2025-11-30,Sunday,B01,Nairobi CBD,P010,Antacid Tablets,Digestive,1,20,20,M-Pesa
5204,2025-11-30,Sunday,B01,Nairobi CBD,P004,Azithromycin 500mg,Antibiotic,2,120,240,Insurance
5205,2025-11-30,Sunday,B01,Nairobi CBD,P010,Antacid Tablets,Digestive,3,20,60,Cash
5206,2025-11-30,Sunday,B01,Nairobi CBD,P003,Amoxicillin 250mg,Antibiotic,2,35,70, M-Pesa
5207,2025-11-30,Sunday,B01,Nairobi CBD,P010,Antacid Tablets,Digestive,1,20,20,M-Pesa
5208,2025-11-30,Sunday,B01,Nairobi CBD,P005,Vitamin C Tablets,Supplement,1,25,25,M-Pesa
5209,2025-11-30,Sunday,B01,Nairobi CBD,P010,Antacid Tablets,Digestive,3,20,60,Cash
5210,2025-11-30,Sunday,B01,Nairobi CBD,P005,Vitamin C Tablets,Supplement,1,25,25,M-Pesa
5211,2025-11-30,Sunday,B01,Nairobi CBD,P002,Ibuprofen 200mg,Pain Relief,3,15,45,M-Pesa
5212,2025-11-30,Sunday,B01,Nairobi CBD,P009,Amlodipine 5mg,Hypertension,1,30,30,Insurance
5213,2025-11-30,Sunday,B01,Nairobi CBD,P006,Cough Syrup,Cold & Flu,1,90,90,M-Pesa
5214,2025-11-30,Sunday,B01,Nairobi CBD,P003,Amoxicillin 250mg,Antibiotic,3,35,105,
5215,2025-11-30,Sunday,B01,Nairobi CBD,P009,Amlodipine 5mg,Hypertension,2,30,60,Cash
5216,2025-11-30,Sunday,B01,Nairobi CBD,P008,Insulin,Diabetes,1,450,450,Cash
5217,2025-11-30,Sunday,B01,,P008,,Diabetes,2,450,900,M-Pesa
5218,2025-11-30,Sunday,B01,Nairobi CBD,P001,Paracetamol 500mg,Pain Relief,1,10,10,Card
5219,2025-11-30,Sunday,B01,Nairobi CBD,P007,Metformin 500mg,Diabetes,1,40,40,M-Pesa
5220,2025-11-30,Sunday,B01,Nairobi CBD,P006,Cough Syrup,Cold & Flu,1,90,90,M-Pesa
5221,2025-11-30,Sunday,B01,Nairobi CBD,P009,Amlodipine 5mg,Hypertension,1,30,30,M-Pesa
5222,2025-11-30,Sunday,B01,Nairobi CBD,P002,Ibuprofen 200mg,Pain Relief,2,15,30,M-Pesa
5223,2025-11-30,Sunday,B01,Nairobi CBD,P004,Azithromycin 500mg,Antibiotic,2,120,240,M-Pesa
5224,2025-11-30,Sunday,B02,Embakasi,P007,Metformin 500mg,Diabetes,1,40,40,M-Pesa
5225,2025-11-30,Sunday,B02,Embakasi,P009,Amlodipine 5mg,Hypertension,2,30,60,M-Pesa
5226,2025-11-30,Sunday,B02,,P010,Antacid Tablets,Digestive,3,20,60,Card
5227,2025-11-30,Sunday,B02,Embakasi,P003,Amoxicillin 250mg,Antibiotic,3,35,105,M-Pesa
5228,2025-11-30,Sunday,B02,Embakasi,P002,Ibuprofen 200mg,Pain Relief,2,15,30,Insurance
5229,2025-11-30,Sunday,B02,Embakasi,P006,Cough Syrup,Cold & Flu,1,90,90,Cash
5230,2025-11-30,Sunday,B02,Embakasi,P008,,Diabetes,1,450,450,Cash
5231,2025-11-30,Sunday,B02,Embakasi,P004,Azithromycin 500mg,Antibiotic,3,120,360,M-Pesa
5232,2025-11-30,Sunday,B02,Embakasi,P007,Metformin 500mg,Diabetes,3,40,120,M-Pesa
5233,2025-11-30,Sunday,B02,Embakasi,P008,Insulin,Diabetes,2,450,900,M-Pesa
5234,2025-11-30,Sunday,B02,Embakasi,P001,Paracetamol 500mg,Pain Relief,3,10,30,Insurance
5235,2025-11-30,Sunday,B02,Embakasi,P004,Azithromycin 500mg,Antibiotic,2,120,240,M-Pesa
5236,2025-11-30,Sunday,B02,Embakasi,P002,Ibuprofen 200mg,Pain Relief,3,15,45,M-Pesa
5237,2025-11-30,Sunday,B02,Embakasi,P001,Paracetamol 500mg,Pain Relief,3,10,30,M-Pesa
5238,2025-11-30,Sunday,B02,Embakasi,P005,Vitamin C Tablets,Supplement,3,25,75,Card
5239,2025-11-30,Sunday,B02,Embakasi,P004,,Antibiotic,1,120,120,M-Pesa
5240,2025-11-30,Sunday,B02,Embakasi,P002,Ibuprofen 200mg,Pain Relief,1,15,15,M-Pesa
5241,2025-11-30,Sunday,B02,Embakasi,P007,Metformin 500mg,Diabetes,1,40,40,M-Pesa
5242,2025-11-30,Sunday,B02,Embakasi,P003,Amoxicillin 250mg,Antibiotic,3,35,105,M-Pesa
5243,2025-11-30,Sunday,B02,Embakasi,P010,,Digestive,2,20,40,M-Pesa
5244,2025-11-30,Sunday,B02,Embakasi,P008,Insulin,Diabetes,2,450,900,Cash
5245,2025-11-30,Sunday,B02,Embakasi,P009,Amlodipine 5mg,Hypertension,2,30,60,M-Pesa
5246,2025-11-30,Sunday,B02,Embakasi,P005,Vitamin C Tablets,Supplement,2,25,50,M-Pesa
5247,2025-11-30,Sunday,B02,Embakasi,P006,Cough Syrup,Cold & Flu,1,90,90,
5248,2025-11-30,Sunday,B02,Embakasi,P006,Cough Syrup,Cold & Flu,1,90,90,M-Pesa
5249,2025-11-30,Sunday,B02,,P010,Antacid Tablets,Digestive,3,20,60,Card
5250,2025-11-30,Sunday,B02,Embakasi,P007,,Diabetes,3,40,120,M-Pesa
5251,2025-11-30,Sunday,B02,Embakasi,P009,Amlodipine 5mg,Hypertension,2,30,71,M-Pesa
5252,2025-11-30,Sunday,B02,,P010,Antacid Tablets,Digestive,1,20,20,M-Pesa
5253,2025-11-30,Sunday,B02,Embakasi,P008,Insulin,Diabetes,2,450,900,
5254,2025-11-30,Sunday,B02,Embakasi,P008,Insulin,Diabetes,3,450,1350,Cash
5255,2025-11-30,Sunday,B02,Embakasi,P007,Metformin 500mg,Diabetes,3,40,120,M pesa
5256,2025-11-30,Sunday,B02,Embakasi,P001,Paracetmol,Pain Relief,2,10,20,Cash
5257,2025-11-30,Sunday,B02,Embakasi,P009,Amlodipine 5mg,Hypertension,3,30,90,M-Pesa
5258,2025-12-01,Monday,B01,Nairobi CBD,P010,Antacid Tablets,Digestive,1,20,20,M-Pesa
5259,2025-12-01,Monday,B01,Nairobi CBD,P004,Azithromycin 500mg,Antibiotic,2,120,240,Cash
5260,2025-12-01,Monday,B01,Nairobi CBD,P003,Amoxicillin 250mg,Antibiotic,1,35,35,M-Pesa
5261,2025-12-01,Monday,B01,Nairobi CBD,P008,Insulin,Diabetes,1,450,450,M-Pesa
5262,2025-12-01,Monday,B01,Nairobi CBD,P005,Vitamin C Tablets,Supplement,3,25,75,
5263,2025-12-01,Monday,B01,Nairobi CBD,P004,Azithromycin 500mg,Antibiotic,3,120,360,Cash
5264,2025-12-01,Monday,B01,Nairobi CBD,P010,Antacid Tablets,Digestive,3,20,60,M-Pesa
5265,2025-12-01,Monday,B01,Nairobi CBD,P001,Paracetamol 500mg,Pain Relief,2,10,20,M-Pesa
5266,2025-12-01,Monday,B01,Nairobi CBD,P008,Insulin,Diabetes,2,450,900, Cash
5267,2025-12-01,Monday,B01,Nairobi CBD,P009,Amlodipine 5mg,Hypertension,3,30,90,Card
5268,2025-12-01,Monday,B01,,P006,Cough Syrup,Cold & Flu,2,90,180,
5269,2025-12-01,Monday,B01,Nairobi CBD,P008,Insulin,Diabetes,3,450,1350,M-Pesa
5270,2025-12-01,Monday,B01,Nairobi CBD,P007,Metformin 500mg,Diabetes,2,40,80,Card
5271,2025-12-01,Monday,B01,Nairobi CBD,P006,Cough Syrup,Cold & Flu,1,90,90,M-Pesa
5272,2025-12-01,Monday,B01,Nairobi CBD,P003,Amoxicillin 250mg,Antibiotic,1,35,35,
5273,2025-12-01,Monday,B01,Nairobi CBD,P002,Ibuprofen 200mg,Pain Relief,3,15,45,Card
5274,2025-12-01,Monday,B01,Nairobi CBD,P001,Paracetamol 500mg,Pain Relief,2,10,20,M-Pesa
5275,2025-12-01,Monday,B01,Nairobi CBD,P009,Amlodipine 5mg,Hypertension,2,30,60,M-Pesa
5276,2025-12-01,Monday,B01,Nairobi CBD,P004,Azithromycin 500mg,Antibiotic,1,120,120,Cash
5277,2025-12-01,Monday,B01,Nairobi CBD,P002,Ibuprofen 200mg,Pain Relief,1,15,15,M-Pesa
5278,2025-12-01,Monday,B01,Nairobi CBD,P007,Metformin 500mg,Diabetes,3,40,131,Cash
5279,2025-12-01,Monday,B01,Nairobi CBD,P006,Cough Syrup,Cold & Flu,1,90,90,Cash
5280,2025-12-01,Monday,B01,Nairobi CBD,P001,Paracetamol 500mg,Pain Relief,3,10,30,M-Pesa
5281,2025-12-01,Monday,B01,Nairobi CBD,P003,Amoxicillin 250mg,Antibiotic,1,35,35,Card
5282,2025-12-01,Monday,B01,Nairobi CBD,P009,Amlodipine 5mg,Hypertension,1,30,30,M-Pesa
5283,2025-12-01,Monday,B01,Nairobi CBD,P004,Azithromycin 500mg,Antibiotic,2,120,240,Cash
5284,2025-12-01,Monday,B01,Nairobi CBD,P001,Paracetamol 500mg,Pain Relief,1,10,10,Card
5285,2025-12-01,Monday,B01,Nairobi CBD,P002,Ibuprofen 200mg,Pain Relief,1,15,15,M-Pesa
5286,2025-12-01,Monday,B01,Nairobi CBD,P006,Cough Syrup,Cold & Flu,3,90,270,Card
5287,2025-12-01,Monday,B01,Nairobi CBD,P009,Amlodipine 5mg,Hypertension,1,30,41,M-Pesa
5288,2025-12-01,Monday,B01,Nairobi CBD,P008,Insulin,Diabetes,3,450,1350,M-Pesa
5289,2025-12-01,Monday,B01,Nairobi CBD,P009,Amlodipine 5mg,Hypertension,1,30,30,M-Pesa
5290,2025-12-01,Monday,B01,Nairobi CBD,P002,Ibuprofen 200mg,Pain Relief,1,15,26,Cash
5291,2025-12-01,Monday,B01,Nairobi CBD,P005,Vitamin C Tablets,Supplement,3,25,75,M-Pesa
5292,2025-12-01,Monday,B01,Nairobi CBD,P006,Cough Syrup,Cold & Flu,2,90,180,M-Pesa
5293,2025-12-01,Monday,B01,Nairobi CBD,P008,Insulin,Diabetes,3,450,1350,Card
5294,2025-12-01,Monday,B01,Nairobi CBD,P006,Cough Syrup,Cold & Flu,3,90,281,Cash
5295,2025-12-01,Monday,B01,Nairobi CBD,P010,Antacid Tablets,Digestive,3,20,60, M-Pesa
5296,2025-12-01,Monday,B01,Nairobi CBD,P008,Insulin,Diabetes,2,450,900,M pesa
5297,2025-12-01,Monday,B01,Nairobi CBD,P005,Vitamin C Tablets,Supplement,1,25,25,Cash
5298,2025-12-01,Monday,B02,Embakasi,P003,Amoxicillin 250mg,Antibiotic,3,35,105,M-Pesa
5299,2025-12-01,Monday,B02,Embakasi,P006,Cough Syrup,Cold & Flu,1,90,90,M-Pesa
5300,2025-12-01,Monday,B02,Embakasi,P009,Amlodipine 5mg,Hypertension,2,30,60,M-Pesa
5301,2025-12-01,Monday,B02,Embakasi,P002,Ibuprofen 200mg,Pain Relief,1,15,15,M-Pesa
5302,2025-12-01,Monday,B02,Embakasi,P001,Paracetamol 500mg,Pain Relief,1,10,10,M-Pesa
5303,2025-12-01,Monday,B02,Embakasi,P006,Cough Syrup,Cold & Flu,2,90,180,M-Pesa
5304,2025-12-01,Monday,B02,Embakasi,P002,Ibuprofen 200mg,Pain Relief,3,15,45,M pesa
5305,2025-12-01,Monday,B02,Embakasi,P007,Metformin 500mg,Diabetes,1,40,40,Card
5306,2025-12-01,Monday,B02,Embakasi,P002,Ibuprofen 200mg,Pain Relief,1,15,15,Cash
5307,2025-12-01,Monday,B02,Embakasi,P010,Antacid Tablets,Digestive,1,20,20,Card
5308,2025-12-01,Monday,B02,Embakasi,P001,Paracetamol 500mg,Pain Relief,1,10,10,Cash
5309,2025-12-01,Monday,B02,Embakasi,P009,Amlodipine 5mg,Hypertension,2,30,60,Card
5310,2025-12-01,Monday,B02,Embakasi,P010,Antacid Tablets,Digestive,2,20,40,M-Pesa
5311,2025-12-01,Monday,B02,Embakasi,P010,Antacid Tablets,Digestive,1,20,20,M-Pesa
5312,2025-12-01,Monday,B02,Embakasi,P002,Ibuprofen 200mg,Pain Relief,3,15,45,Cash
5313,2025-12-01,Monday,B02,Embakasi,P003,Amoxicillin 250mg,Antibiotic,1,35,35,M-Pesa
5314,2025-12-01,Monday,B02,Embakasi,P007,Metformin 500mg,Diabetes,3,40,120,M pesa
5315,2025-12-01,Monday,B02,Embakasi,P006,Cough Syrup,Cold & Flu,1,90,90,Cash
5316,2025-12-01,Monday,B02,Embakasi,P004,Azithromycin 500mg,Antibiotic,3,120,371,M-Pesa
5317,2025-12-01,Monday,B02,Embakasi,P001,,Pain Relief,1,10,10,M-Pesa
5318,2025-12-01,Monday,B02,Embakasi,P005,Vitamin C Tablets,Supplement,3,25,75,M-Pesa
5319,2025-12-01,Monday,B02,Embakasi,P007,Metformin 500mg,Diabetes,1,40,40,Card
5320,2025-12-01,Monday,B02,Embakasi,P001,Paracetamol 500mg,Pain Relief,1,10,10,M-Pesa
5321,2025-12-01,Monday,B02,Embakasi,P004,Azithromycin 500mg,Antibiotic,3,120,360,M-Pesa
5322,2025-12-01,Monday,B02,Embakasi,P001,Paracetamol 500mg,Pain Relief,2,10,20,M-Pesa
5323,2025-12-01,Monday,B02,Embakasi,P010,Antacid Tablets,Digestive,3,20,60,M-Pesa
5324,2025-12-01,Monday,B02,Embakasi,P010,Antacid Tablets,Digestive,2,20,40,M-Pesa
5325,2025-12-01,Monday,B02,Embakasi,P009,Amlodipine 5mg,Hypertension,1,30,30,M-Pesa
5326,2025-12-01,Monday,B02,Embakasi,P001,Paracetamol 500mg,Pain Relief,3,10,30,Cash
5327,2025-12-01,Monday,B02,,P006,Cough Syrup,Cold & Flu,3,90,270,M-Pesa
5328,2025-12-01,Monday,B02,Embakasi,P009,Amlodipine 5mg,Hypertension,3,30,90,M-Pesa
5329,2025-12-02,Tuesday,B01,Nairobi CBD,P003,Amoxicillin 250mg,Antibiotic,2,35,70,
5330,2025-12-02,Tuesday,B01,Nairobi CBD,P002,Ibuprofen 200mg,Pain Relief,1,15,15, M-Pesa
5331,2025-12-02,Tuesday,B01,Nairobi CBD,P003,Amoxicillin 250mg,Antibiotic,2,35,70,Cash
5332,2025-12-02,Tuesday,B01,Nairobi CBD,P003,Amoxicillin 250mg,Antibiotic,2,35,81,M-Pesa
5333,2025-12-02,Tuesday,B01,Nairobi CBD,P008,Insulin,Diabetes,1,450,461,
5334,2025-12-02,Tuesday,B01,Nairobi CBD,P003,Amoxicillin 250mg,Antibiotic,3,35,105,M-Pesa
5335,2025-12-02,Tuesday,B01,Nairobi CBD,P009,Amlodipine 5mg,Hypertension,3,30,90,M-Pesa
5336,2025-12-02,Tuesday,B01,Nairobi CBD,P002,Ibuprofen 200mg,Pain Relief,1,15,15,M-Pesa
5337,2025-12-02,Tuesday,B01,Nairobi CBD,P003,Amoxicillin 250mg,Antibiotic,3,35,116,M-Pesa
5338,2025-12-02,Tuesday,B01,Nairobi CBD,P003,Amoxicillin 250mg,Antibiotic,2,35,70,M-Pesa
5339,2025-12-02,Tuesday,B01,Nairobi CBD,P004,Azithromycin 500mg,Antibiotic,1,120,120,Card
5340,2025-12-02,Tuesday,B01,Nairobi CBD,P008,Insulin,Diabetes,1,450,450,M-Pesa
5341,2025-12-02,Tuesday,B01,Nairobi CBD,P005,Vitamin C Tablets,Supplement,1,25,25,M-Pesa
5342,2025-12-02,Tuesday,B01,,P006,Cough Syrup,Cold & Flu,3,90,270,M-Pesa
5343,2025-12-02,Tuesday,B01,Nairobi CBD,P002,,Pain Relief,1,15,15,M-Pesa
5344,2025-12-02,Tuesday,B01,,P004,Azithromycin 500mg,Antibiotic,1,120,120,Cash
5345,2025-12-02,Tuesday,B01,Nairobi CBD,P005,,Supplement,1,25,25,Insurance
5346,2025-12-02,Tuesday,B01,Nairobi CBD,P005,Vitamin C Tablets,Supplement,3,25,86,M-Pesa
5347,2025-12-02,Tuesday,B01,Nairobi CBD,P009,Amlodipine 5mg,Hypertension,2,30,60,Cash
5348,2025-12-02,Tuesday,B01,Nairobi CBD,P007,Metformin 500mg,Diabetes,1,40,40,M-Pesa
5349,2025-12-02,Tuesday,B01,Nairobi CBD,P003,Amoxicillin 250mg,Antibiotic,2,35,70,M-Pesa
5350,2025-12-02,Tuesday,B01,Nairobi CBD,P005,Vitamin C Tablets,Supplement,3,25,75,M-Pesa
5351,2025-12-02,Tuesday,B01,Nairobi CBD,P005,,Supplement,3,25,75,M pesa
5352,2025-12-02,Tuesday,B01,Nairobi CBD,P010,Antacid Tablets,Digestive,3,20,60,M-Pesa
5353,2025-12-02,Tuesday,B01,Nairobi CBD,P004,Azithromycin 500mg,Antibiotic,3,120,360,Insurance
5354,2025-12-02,Tuesday,B01,Nairobi CBD,P003,Amoxicillin 250mg,Antibiotic,2,35,70,M-Pesa
5355,2025-12-02,Tuesday,B01,Nairobi CBD,P009,Amlodipine 5mg,Hypertension,1,30,30,M-Pesa
5356,2025-12-02,Tuesday,B01,Nairobi CBD,P002,Ibuprofen 200mg,Pain Relief,3,15,45,
5357,2025-12-02,Tuesday,B01,Nairobi CBD,P008,Insulin,Diabetes,3,450,1350,M-Pesa
5358,2025-12-02,Tuesday,B01,Nairobi CBD,P009,Amlodipine 5mg,Hypertension,2,30,71,M-Pesa
5359,2025-12-02,Tuesday,B01,Nairobi CBD,P010,Antacid Tablets,Digestive,2,20,40,M-Pesa
5360,2025-12-02,Tuesday,B01,Nairobi CBD,P001,Paracetamol 500mg,Pain Relief,3,10,41,M-Pesa
5361,2025-12-02,Tuesday,B01,Nairobi CBD,P004,Azithromycin 500mg,Antibiotic,1,120,120,M-Pesa
5362,2025-12-02,Tuesday,B01,Nairobi CBD,P002,Ibuprofen 200mg,Pain Relief,1,15,15,M-Pesa
5363,2025-12-02,Tuesday,B01,Nairobi CBD,P008,Insulin,Diabetes,3,450,1350,M-Pesa
5364,2025-12-02,Tuesday,B01,Nairobi CBD,P009,Amlodipine 5mg,Hypertension,2,30,60,Cash
5365,2025-12-02,Tuesday,B01,Nairobi CBD,P009,Amlodipine 5mg,Hypertension,3,30,90,
5366,2025-12-02,Tuesday,B01,Nairobi CBD,P006,Cough Syrup,Cold & Flu,3,90,270,Cash
5367,2025-12-02,Tuesday,B01,Nairobi CBD,P008,Insulin,Diabetes,2,450,900,Cash
5368,2025-12-02,Tuesday,B01,Nairobi CBD,P001,Paracetamol 500mg,Pain Relief,3,10,30,M-Pesa
5369,2025-12-02,Tuesday,B02,Embakasi,P001,Paracetamol 500mg,Pain Relief,3,10,30,M-Pesa
5370,2025-12-02,Tuesday,B02,embakasi,P004,Azithromycin 500mg,Antibiotic,2,120,240,Cash
5371,2025-12-02,Tuesday,B02,Embakasi,P003,Amoxicillin 250mg,Antibiotic,1,35,35,M-Pesa
5372,2025-12-02,Tuesday,B02,Embakasi,P009,Amlodipine 5mg,Hypertension,1,30,30,Insurance
5373,2025-12-02,Tuesday,B02,Embakasi,P002,Ibuprofen 200mg,Pain Relief,2,15,30,Cash
5374,2025-12-02,Tuesday,B02,Embakasi,P006,Cough Syrup,Cold & Flu,1,90,90,
5375,2025-12-02,Tuesday,B02,Embakasi,P002,Ibuprofen 200mg,Pain Relief,3,15,45,Card
5376,2025-12-02,Tuesday,B02,embakasi,P004,Azithromycin 500mg,Antibiotic,1,120,120,M-Pesa
5377,2025-12-02,Tuesday,B02,Embakasi,P003,Amoxicillin 250mg,Antibiotic,3,35,105,
5378,2025-12-02,Tuesday,B02,Embakasi,P007,Metformin 500mg,Diabetes,1,40,40,M-Pesa
5379,2025-12-02,Tuesday,B02,Embakasi,P008,Insulin,Diabetes,2,450,900,
5380,2025-12-02,Tuesday,B02,Embakasi,P009,Amlodipine 5mg,Hypertension,1,30,30,Cash
5381,2025-12-02,Tuesday,B02,Embakasi,P009,Amlodipine 5mg,Hypertension,1,30,30,M-Pesa
5382,2025-12-02,Tuesday,B02,Embakasi,P005,Vitamin C Tablets,Supplement,1,25,25,M-Pesa
5383,2025-12-02,Tuesday,B02,,P006,Cough Syrup,Cold & Flu,2,90,180,M-Pesa
5384,2025-12-02,Tuesday,B02,Embakasi,P008,Insulin,Diabetes,1,450,450,M-Pesa
5385,2025-12-02,Tuesday,B02,Embakasi,P002,Ibuprofen 200mg,Pain Relief,2,15,30,Cash
5386,2025-12-02,Tuesday,B02,Embakasi,P005,Vitamin C Tablets,Supplement,3,25,75,
5387,2025-12-02,Tuesday,B02,Embakasi,P005,Vitamin C Tablets,Supplement,1,25,25,Cash
5388,2025-12-02,Tuesday,B02,Embakasi,P010,Antacid Tablets,Digestive,2,20,40,Card
5389,2025-12-02,Tuesday,B02,Embakasi,P007,Metformin 500mg,Diabetes,2,40,80,M-Pesa
5390,2025-12-02,Tuesday,B02,,P005,Vitamin C Tablets,Supplement,1,25,25,M-Pesa
5391,2025-12-02,Tuesday,B02,embakasi,P010,Antacid Tablets,Digestive,3,20,60,Cash
5392,2025-12-02,Tuesday,B02,Embakasi,P004,Azithromycin 500mg,Antibiotic,2,120,240,M-Pesa
5393,2025-12-02,Tuesday,B02,Embakasi,P005,Vitamin C Tablets,Supplement,1,25,25,M-Pesa
5394,2025-12-02,Tuesday,B02,Embakasi,P006,Cough Syrup,Cold & Flu,3,90,270,M-Pesa
5395,2025-12-02,Tuesday,B02,Embakasi,P001,Paracetamol 500mg,Pain Relief,2,10,20,M-Pesa
5396,2025-12-02,Tuesday,B02,Embakasi,P002,Ibuprofen 200mg,Pain Relief,2,15,30,M-Pesa
5397,2025-12-02,Tuesday,B02,Embakasi,P002,Ibuprofen 200mg,Pain Relief,3,15,45,M-Pesa
5398,2025-12-02,Tuesday,B02,Embakasi,P002,Ibuprofen 200mg,Pain Relief,3,15,45,Cash
5399,2025-12-02,Tuesday,B02,Embakasi,P008,Insulin,Diabetes,1,450,450,M-Pesa
5400,2025-12-02,Tuesday,B02,Embakasi,P010,Antacid Tablets,Digestive,1,20,20,
5401,2025-12-03,Wednesday,B01,Nairobi CBD,P008,Insulin,Diabetes,2,450,900,M-Pesa
5402,2025-12-03,Wednesday,B01,,P005,Vitamin C Tablets,Supplement,3,25,75,Cash
5403,2025-12-03,Wednesday,B01,,P010,Antacid Tablets,Digestive,3,20,60,M-Pesa
5404,2025-12-03,Wednesday,B01,Nairobi CBD,P008,Insulin,Diabetes,3,450,1350,Cash
5405,2025-12-03,Wednesday,B01,Nairobi CBD,P010,Antacid Tablets,Digestive,2,20,40,Insurance
5406,2025-12-03,Wednesday,B01,Nairobi CBD,P004,Azithromycin 500mg,Antibiotic,3,120,360,Cash
5407,2025-12-03,Wednesday,B01,Nairobi CBD,P006,Cough Syrup,Cold & Flu,3,90,270,M-Pesa
5408,2025-12-03,Wednesday,B01,Nairobi CBD,P009,Amlodipine 5mg,Hypertension,2,30,60,Cash
5409,2025-12-03,Wednesday,B01,Nairobi CBD,P001,Paracetamol 500mg,Pain Relief,1,10,10,Insurance
5410,2025-12-03,Wednesday,B01,Nairobi CBD,P001,Paracetamol 500mg,Pain Relief,1,10,10,Cash
5411,2025-12-03,Wednesday,B01,Nairobi CBD,P007,Metformin 500mg,Diabetes,2,40,80,Cash
5412,2025-12-03,Wednesday,B01,Nairobi CBD,P007,Metformin 500mg,Diabetes,3,40,120,M-Pesa
5413,2025-12-03,Wednesday,B01,Nairobi CBD,P006,Cough Syrup,Cold & Flu,2,90,180,M-Pesa
5414,2025-12-03,Wednesday,B01,Nairobi CBD,P007,Metformin 500mg,Diabetes,1,40,40,M-Pesa
5415,2025-12-03,Wednesday,B01,Nairobi CBD,P008,Insulin,Diabetes,1,450,450,M-Pesa
5416,2025-12-03,Wednesday,B01,Nairobi CBD,P002,Ibuprofen 200mg,Pain Relief,2,15,30,M-Pesa
5417,2025-12-03,Wednesday,B01,Nairobi CBD,P007,Metformin 500mg,Diabetes,2,40,80,Cash
5418,2025-12-03,Wednesday,B01,Nairobi CBD,P004,Azithromycin 500mg,Antibiotic,1,120,120,M-Pesa
5419,2025-12-03,Wednesday,B01,Nairobi CBD,P008,Insulin,Diabetes,2,450,900,M-Pesa
5420,2025-12-03,Wednesday,B01,Nairobi CBD,P005,,Supplement,1,25,25,Card
5421,2025-12-03,Wednesday,B01,Nairobi CBD,P004,Azithromycin 500mg,Antibiotic,2,120,240,M-Pesa
5422,2025-12-03,Wednesday,B01,Nairobi CBD,P010,Antacid Tablets,Digestive,2,20,40,Cash
5423,2025-12-03,Wednesday,B01,Nairobi CBD,P002,Ibuprofen 200mg,Pain Relief,2,15,30,M-Pesa
5424,2025-12-03,Wednesday,B01,Nairobi CBD,P009,Amlodipine 5mg,Hypertension,1,30,30,M-Pesa
5425,2025-12-03,Wednesday,B01,Nairobi CBD,P007,Metformin 500mg,Diabetes,2,40,80, Card
5426,2025-12-03,Wednesday,B01,Nairobi CBD,P002,Ibuprofen 200mg,Pain Relief,1,15,15,Cash
5427,2025-12-03,Wednesday,B01,Nairobi CBD,P007,Metformin 500mg,Diabetes,1,40,40,Card
5428,2025-12-03,Wednesday,B01,Nairobi CBD,P001,Paracetamol 500mg,Pain Relief,2,10,20,M-Pesa
5429,2025-12-03,Wednesday,B01,Nairobi CBD,P002,Ibuprofen 200mg,Pain Relief,2,15,30,Cash
5430,2025-12-03,Wednesday,B01,Nairobi CBD,P003,Amoxicillin 250mg,Antibiotic,1,35,35,Cash
5431,2025-12-03,Wednesday,B01,Nairobi CBD,P008,Insulin,Diabetes,1,450,450,Cash
5432,2025-12-03,Wednesday,B01,,P006,Cough Syrup,Cold & Flu,3,90,270,M-Pesa
5433,2025-12-03,Wednesday,B01,Nairobi CBD,P002,Ibuprofen 200mg,Pain Relief,1,15,15,M-Pesa
5434,2025-12-03,Wednesday,B01,Nairobi CBD,P002,Ibuprofen 200mg,Pain Relief,3,15,45,Card
5435,2025-12-03,Wednesday,B01,Nairobi CBD,P007,Metformin 500mg,Diabetes,3,40,120,M-Pesa
5436,2025-12-03,Wednesday,B01,Nairobi CBD,P010,Antacid Tablets,Digestive,3,20,60,Cash
5437,2025-12-03,Wednesday,B01,Nairobi CBD,P003,Amoxicillin 250mg,Antibiotic,2,35,70,Cash
5438,2025-12-03,Wednesday,B01,,P002,Ibuprofen 200mg,Pain Relief,2,15,30,Card
5439,2025-12-03,Wednesday,B02,Embakasi,P003,Amoxicillin 250mg,Antibiotic,3,35,105,Insurance
5440,2025-12-03,Wednesday,B02,Embakasi,P003,Amoxicillin 250mg,Antibiotic,2,35,70,M-Pesa
5441,2025-12-03,Wednesday,B02,Embakasi,P009,Amlodipine 5mg,Hypertension,2,30,60,Cash
5442,2025-12-03,Wednesday,B02,Embakasi,P008,Insulin,Diabetes,2,450,900,Card
5443,2025-12-03,Wednesday,B02,Embakasi,P007,Metformin 500mg,Diabetes,2,40,80,M-Pesa
5444,2025-12-03,Wednesday,B02,Embakasi,P007,Metformin 500mg,Diabetes,2,40,80,M-Pesa
5445,2025-12-03,Wednesday,B02,Embakasi,P002,Ibuprofen 200mg,Pain Relief,3,15,45,M-Pesa
5446,2025-12-03,Wednesday,B02,Embakasi,P003,Amoxicillin 250mg,Antibiotic,3,35,105,M-Pesa
5447,2025-12-03,Wednesday,B02,Embakasi,P009,Amlodipine 5mg,Hypertension,3,30,90,Card
5448,2025-12-03,Wednesday,B02,,P006,Cough Syrup,Cold & Flu,3,90,270,M-Pesa
5449,2025-12-03,Wednesday,B02,Embakasi,P003,Amoxicillin 250mg,Antibiotic,1,35,35,M-Pesa
5450,2025-12-03,Wednesday,B02,,P004,Azithromycin 500mg,Antibiotic,3,120,360,M-Pesa
5451,2025-12-03,Wednesday,B02,Embakasi,P004,Azithromycin 500mg,Antibiotic,2,120,240,
5452,2025-12-03,Wednesday,B02,Embakasi,P005,Vitamin C Tablets,Supplement,3,25,75,
5453,2025-12-03,Wednesday,B02,Embakasi,P010,Antacid Tablets,Digestive,1,20,20,Card
5454,2025-12-03,Wednesday,B02,Embakasi,P007,Metformin 500mg,Diabetes,2,40,80,M-Pesa
5455,2025-12-03,Wednesday,B02,embakasi,P003,Amoxicillin 250mg,Antibiotic,3,35,105,Cash
5456,2025-12-03,Wednesday,B02,Embakasi,P005,Vitamin C Tablets,Supplement,3,25,75,M-Pesa
5457,2025-12-03,Wednesday,B02,Embakasi,P006,Cough Syrup,Cold & Flu,3,90,270,M-Pesa
5458,2025-12-03,Wednesday,B02,Embakasi,P007,Metformin 500mg,Diabetes,2,40,80,Cash
5459,2025-12-03,Wednesday,B02,Embakasi,P004,Azithromycin 500mg,Antibiotic,2,120,251,Insurance
5460,2025-12-03,Wednesday,B02,Embakasi,P001,Paracetamol 500mg,Pain Relief,1,10,10,M-Pesa
5461,2025-12-03,Wednesday,B02,Embakasi,P005,Vitamin C Tablets,Supplement,2,25,50,
5462,2025-12-03,Wednesday,B02,,P003,Amoxicillin 250mg,Antibiotic,2,35,70,
5463,2025-12-03,Wednesday,B02,Embakasi,P007,Metformin 500mg,Diabetes,3,40,120,M-Pesa
5464,2025-12-03,Wednesday,B02,Embakasi,P003,Amoxicillin 250mg,Antibiotic,2,35,70,M-Pesa
5465,2025-12-03,Wednesday,B02,Embakasi,P001,Paracetamol 500mg,Pain Relief,3,10,30,M-Pesa
5466,2025-12-03,Wednesday,B02,Embakasi,P010,Antacid Tablets,Digestive,3,20,60,M-Pesa
5467,2025-12-03,Wednesday,B02,Embakasi,P010,Antacid Tablets,Digestive,2,20,40,M-Pesa
5468,2025-12-03,Wednesday,B02,Embakasi,P005,,Supplement,1,25,25,M-Pesa
5469,2025-12-04,Thursday,B01,Nairobi CBD,P009,Amlodipine 5mg,Hypertension,2,30,60,
5470,2025-12-04,Thursday,B01,Nairobi CBD,P008,Insulin,Diabetes,1,450,450,M-Pesa
5471,2025-12-04,Thursday,B01,Nairobi CBD,P007,Metformin 500mg,Diabetes,3,40,120,Card
5472,2025-12-04,Thursday,B01,Nairobi CBD,P005,,Supplement,3,25,75,M-Pesa
5473,2025-12-04,Thursday,B01,Nairobi CBD,P002,Ibuprofen 200mg,Pain Relief,2,15,30,Insurance
5474,2025-12-04,Thursday,B01,Nairobi CBD,P005,Vitamin C Tablets,Supplement,1,25,25,Insurance
5475,2025-12-04,Thursday,B01,Nairobi CBD,P004,Azithromycin 500mg,Antibiotic,1,120,120,Cash
5476,2025-12-04,Thursday,B01,Nairobi CBD,P003,Amoxicillin 250mg,Antibiotic,3,35,105,M-Pesa
5477,2025-12-04,Thursday,B01,Nairobi CBD,P008,Insulin,Diabetes,2,450,900,Cash
5478,2025-12-04,Thursday,B01,Nairobi CBD,P004,Azithromycin 500mg,Antibiotic,1,120,120,M-Pesa
5479,2025-12-04,Thursday,B01,Nairobi CBD,P004,Azithromycin 500mg,Antibiotic,2,120,240,M-Pesa
5480,2025-12-04,Thursday,B01,Nairobi CBD,P009,Amlodipine 5mg,Hypertension,1,30,30,Card
5481,2025-12-04,Thursday,B01,Nairobi CBD,P006,Cough Syrup,Cold & Flu,3,90,270,Card
5482,2025-12-04,Thursday,B01,Nairobi CBD,P001,Paracetamol 500mg,Pain Relief,3,10,30,M-Pesa
5483,2025-12-04,Thursday,B01,Nairobi CBD,P005,,Supplement,2,25,50,M-Pesa
5484,2025-12-04,Thursday,B01,Nairobi CBD,P007,Metformin 500mg,Diabetes,3,40,120,Cash
5485,2025-12-04,Thursday,B01,Nairobi CBD,P009,Amlodipine 5mg,Hypertension,1,30,30,M-Pesa
5486,2025-12-04,Thursday,B01,,P005,Vitamin C Tablets,Supplement,3,25,75,M-Pesa
5487,2025-12-04,Thursday,B01,Nairobi CBD,P008,Insulin,Diabetes,2,450,900,M-Pesa
5488,2025-12-04,Thursday,B01,Nairobi CBD,P004,Azithromycin 500mg,Antibiotic,2,120,240,Cash
5489,2025-12-04,Thursday,B01,Nairobi CBD,P009,Amlodipine 5mg,Hypertension,2,30,60,M-Pesa
5490,2025-12-04,Thursday,B01,Nairobi CBD,P009,Amlodipine 5mg,Hypertension,1,30,30,M-Pesa
5491,2025-12-04,Thursday,B01,Nairobi CBD,P007,Metformin 500mg,Diabetes,1,40,40,
5492,2025-12-04,Thursday,B01,Nairobi CBD,P010,Antacid Tablets,Digestive,1,20,20,M-Pesa
5493,2025-12-04,Thursday,B01,Nairobi CBD,P005,Vitamin C Tablets,Supplement,1,25,25,Card
5494,2025-12-04,Thursday,B01,Nairobi CBD,P001,Paracetamol 500mg,Pain Relief,1,10,10,Insurance
5495,2025-12-04,Thursday,B01,Nairobi CBD,P003,Amoxicillin 250mg,Antibiotic,3,35,105,Cash
5496,2025-12-04,Thursday,B01,Nairobi CBD,P007,Metformin 500mg,Diabetes,1,40,40,
5497,2025-12-04,Thursday,B01,Nairobi CBD,P005,Vitamin C Tablets,Supplement,1,25,25,M-Pesa
5498,2025-12-04,Thursday,B01,Nairobi CBD,P003,Amoxicillin 250mg,Antibiotic,3,35,105,
5499,2025-12-04,Thursday,B01,Nairobi CBD,P009,Amlodipine 5mg,Hypertension,1,30,30,M-Pesa
5500,2025-12-04,Thursday,B01,Nairobi CBD,P002,Ibuprofen 200mg,Pain Relief,2,15,30,M-Pesa
5501,2025-12-04,Thursday,B01,Nairobi CBD,P003,Amoxicillin 250mg,Antibiotic,1,35,35,M-Pesa
5502,2025-12-04,Thursday,B01,Nairobi CBD,P006,Cough Syrup,Cold & Flu,1,90,90,Card
5503,2025-12-04,Thursday,B01,Nairobi CBD,P010,Antacid Tablets,Digestive,2,20,40,M-Pesa
5504,2025-12-04,Thursday,B02,Embakasi,P010,Antacid Tablets,Digestive,2,20,40,
5505,2025-12-04,Thursday,B02,Embakasi,P002,Ibuprofen 200mg,Pain Relief,2,15,30,M-Pesa
5506,2025-12-04,Thursday,B02,Embakasi,P002,Ibuprofen 200mg,Pain Relief,1,15,15,M-Pesa
5507,2025-12-04,Thursday,B02,Embakasi,P006,Cough Syrup,Cold & Flu,2,90,180,M-Pesa
5508,2025-12-04,Thursday,B02,Embakasi,P002,Ibuprofen 200mg,Pain Relief,2,15,30,M-Pesa
5509,2025-12-04,Thursday,B02,Embakasi,P004,Azithromycin 500mg,Antibiotic,3,120,360,M-Pesa
5510,2025-12-04,Thursday,B02,Embakasi,P006,Cough Syrup,Cold & Flu,2,90,180,M-Pesa
5511,2025-12-04,Thursday,B02,Embakasi,P009,Amlodipine 5mg,Hypertension,2,30,60,
5512,2025-12-04,Thursday,B02,embakasi,P003,Amoxicillin 250mg,Antibiotic,3,35,105, M-Pesa
5513,2025-12-04,Thursday,B02,Embakasi,P006,Cough Syrup,Cold & Flu,3,90,270,M pesa
5514,2025-12-04,Thursday,B02,Embakasi,P010,Antacid Tablets,Digestive,1,20,20,M-Pesa
5515,2025-12-04,Thursday,B02,Embakasi,P010,,Digestive,3,20,60,Card
5516,2025-12-04,Thursday,B02,Embakasi,P010,Antacid Tablets,Digestive,1,20,20,
5517,2025-12-04,Thursday,B02,Embakasi,P006,Cough Syrup,Cold & Flu,3,90,270,M-Pesa
5518,2025-12-04,Thursday,B02,Embakasi,P002,Ibuprofen 200mg,Pain Relief,3,15,56,M-Pesa
5519,2025-12-04,Thursday,B02,embakasi,P008,Insulin,Diabetes,1,450,450,Card
5520,2025-12-04,Thursday,B02,Embakasi,P005,Vitamin C Tablets,Supplement,3,25,75,Card
5521,2025-12-04,Thursday,B02,Embakasi,P007,Metformin 500mg,Diabetes,1,40,40,Card
5522,2025-12-04,Thursday,B02,Embakasi,P007,Metformin 500mg,Diabetes,3,40,120,M-Pesa
5523,2025-12-04,Thursday,B02,Embakasi,P002,Ibuprofen 200mg,Pain Relief,2,15,30,M-Pesa
5524,2025-12-04,Thursday,B02,Embakasi,P005,Vitamin C Tablets,Supplement,3,25,75,Insurance
5525,2025-12-04,Thursday,B02,Embakasi,P010,,Digestive,1,20,20,Cash
5526,2025-12-04,Thursday,B02,Embakasi,P007,Metformin 500mg,Diabetes,3,40,120,M-Pesa
5527,2025-12-04,Thursday,B02,Embakasi,P003,Amoxicillin 250mg,Antibiotic,1,35,35,M-Pesa
5528,2025-12-04,Thursday,B02,Embakasi,P008,Insulin,Diabetes,1,450,450,Cash
5529,2025-12-04,Thursday,B02,Embakasi,P002,Ibuprofen 200mg,Pain Relief,2,15,30,M-Pesa
5530,2025-12-04,Thursday,B02,embakasi,P005,Vitamin C Tablets,Supplement,2,25,50,M-Pesa
5531,2025-12-04,Thursday,B02,Embakasi,P008,Insulin,Diabetes,1,450,450,M-Pesa
5532,2025-12-04,Thursday,B02,Embakasi,P001,Paracetamol 500mg,Pain Relief,3,10,30,M pesa
5533,2025-12-04,Thursday,B02,Embakasi,P007,Metformin 500mg,Diabetes,1,40,40,M-Pesa
5534,2025-12-04,Thursday,B02,Embakasi,P008,Insulin,Diabetes,1,450,450,M-Pesa
5535,2025-12-05,Friday,B01,Nairobi CBD,P006,Cough Syrup,Cold & Flu,3,90,270,M-Pesa
5536,2025-12-05,Friday,B01,Nairobi CBD,P001,Paracetamol 500mg,Pain Relief,3,10,30,M-Pesa
5537,2025-12-05,Friday,B01,Nairobi CBD,P010,Antacid Tablets,Digestive,1,20,20,M-Pesa
5538,2025-12-05,Friday,B01,Nairobi CBD,P010,Antacid Tablets,Digestive,1,20,20,M-Pesa
5539,2025-12-05,Friday,B01,Nairobi CBD,P007,Metformin 500mg,Diabetes,2,40,80,Cash
5540,2025-12-05,Friday,B01,Nairobi CBD,P005,Vitamin C Tablets,Supplement,1,25,25,M-Pesa
5541,2025-12-05,Friday,B01,Nairobi CBD,P002,Ibuprofen 200mg,Pain Relief,3,15,45,M-Pesa
5542,2025-12-05,Friday,B01,Nairobi CBD,P009,Amlodipine 5mg,Hypertension,2,30,60,M-Pesa
5543,2025-12-05,Friday,B01,Nairobi CBD,P005,Vitamin C Tablets,Supplement,3,25,75,Cash
5544,2025-12-05,Friday,B01,Nairobi CBD,P006,Cough Syrup,Cold & Flu,1,90,90,Cash
5545,2025-12-05,Friday,B01,Nairobi CBD,P009,Amlodipine 5mg,Hypertension,2,30,60,Cash
5546,2025-12-05,Friday,B01,Nairobi CBD,P009,Amlodipine 5mg,Hypertension,3,30,90,Card
5547,2025-12-05,Friday,B01,Nairobi CBD,P010,Antacid Tablets,Digestive,2,20,40,Cash
5548,2025-12-05,Friday,B01,Nairobi CBD,P009,Amlodipine 5mg,Hypertension,2,30,60,M-Pesa
5549,2025-12-05,Friday,B01,Nairobi CBD,P004,Azithromycin 500mg,Antibiotic,1,120,120,Insurance
5550,2025-12-05,Friday,B01,,P006,Cough Syrup,Cold & Flu,3,90,270,Cash
5551,2025-12-05,Friday,B01,Nairobi CBD,P008,Insulin,Diabetes,2,450,900,Cash
5552,2025-12-05,Friday,B01,Nairobi CBD,P008,Insulin,Diabetes,2,450,900,Cash
5553,2025-12-05,Friday,B01,Nairobi CBD,P001,Paracetamol 500mg,Pain Relief,3,10,30,M-Pesa
5554,2025-12-05,Friday,B01,Nairobi CBD,P002,Ibuprofen 200mg,Pain Relief,2,15,30,M-Pesa
5555,2025-12-05,Friday,B01,Nairobi CBD,P009,Amlodipine 5mg,Hypertension,2,30,60,M-Pesa
5556,2025-12-05,Friday,B01,Nairobi CBD,P005,Vitamin C Tablets,Supplement,2,25,50,M-Pesa
5557,2025-12-05,Friday,B01,Nairobi CBD,P008,Insulin,Diabetes,3,450,1350,Card
5558,2025-12-05,Friday,B01,Nairobi CBD,P009,Amlodipine 5mg,Hypertension,3,30,90,M-Pesa
5559,2025-12-05,Friday,B01,Nairobi CBD,P005,Vitamin C Tablets,Supplement,3,25,75,M-Pesa
5560,2025-12-05,Friday,B01,Nairobi CBD,P004,Azithromycin 500mg,Antibiotic,3,120,360,M-Pesa
5561,2025-12-05,Friday,B01,Nairobi CBD,P006,Cough Syrup,Cold & Flu,1,90,90,M-Pesa
5562,2025-12-05,Friday,B01,Nairobi CBD,P006,Cough Syrup,Cold & Flu,2,90,180,M-Pesa
5563,2025-12-05,Friday,B01,Nairobi CBD,P010,Antacid Tablets,Digestive,3,20,60,Insurance
5564,2025-12-05,Friday,B01,Nairobi CBD,P009,Amlodipine 5mg,Hypertension,2,30,60,Card
5565,2025-12-05,Friday,B01,Nairobi CBD,P004,Azithromycin 500mg,Antibiotic,2,120,240,M-Pesa
5566,2025-12-05,Friday,B01,Nairobi CBD,P006,Cough Syrup,Cold & Flu,1,90,90,M-Pesa
5567,2025-12-05,Friday,B01,Nairobi CBD,P004,Azithromycin 500mg,Antibiotic,3,120,360,Cash
5568,2025-12-05,Friday,B01,Nairobi CBD,P005,Vitamin C Tablets,Supplement,3,25,75,M-Pesa
5569,2025-12-05,Friday,B01,Nairobi CBD,P004,Azithromycin 500mg,Antibiotic,2,120,240,M-Pesa
5570,2025-12-05,Friday,B01,Nairobi CBD,P007,Metformin 500mg,Diabetes,3,40,120,Card
5571,2025-12-05,Friday,B01,Nairobi CBD,P002,Ibuprofen 200mg,Pain Relief,2,15,30,Cash
5572,2025-12-05,Friday,B01,Nairobi CBD,P002,Ibuprofen 200mg,Pain Relief,2,15,30,M-Pesa
5573,2025-12-05,Friday,B02,Embakasi,P003,Amoxicillin 250mg,Antibiotic,1,35,46,M-Pesa
5574,2025-12-05,Friday,B02,Embakasi,P001,Paracetamol 500mg,Pain Relief,1,10,10,M-Pesa
5575,2025-12-05,Friday,B02,,P007,Metformin 500mg,Diabetes,2,40,80,M-Pesa
5576,2025-12-05,Friday,B02,Embakasi,P004,Azithromycin 500mg,Antibiotic,3,120,360,M-Pesa
5577,2025-12-05,Friday,B02,Embakasi,P007,Metformin 500mg,Diabetes,1,40,40,
5578,2025-12-05,Friday,B02,Embakasi,P003,Amoxicillin 250mg,Antibiotic,3,35,105,M-Pesa
5579,2025-12-05,Friday,B02,Embakasi,P010,Antacid Tablets,Digestive,1,20,20,M-Pesa
5580,2025-12-05,Friday,B02,embakasi,P009,Amlodipine 5mg,Hypertension,1,30,30,Cash
5581,2025-12-05,Friday,B02,Embakasi,P002,Ibuprofen 200mg,Pain Relief,2,15,30,Cash
5582,2025-12-05,Friday,B02,Embakasi,P006,Cough Syrup,Cold & Flu,1,90,90,M-Pesa
5583,2025-12-05,Friday,B02,Embakasi,P002,Ibuprofen 200mg,Pain Relief,1,15,15,M-Pesa
5584,2025-12-05,Friday,B02,Embakasi,P010,Antacid Tablets,Digestive,2,20,40,M-Pesa
5585,2025-12-05,Friday,B02,Embakasi,P004,Azithromycin 500mg,Antibiotic,3,120,360,
5586,2025-12-05,Friday,B02,Embakasi,P005,Vitamin C Tablets,Supplement,1,25,25,Card
5587,2025-12-05,Friday,B02,Embakasi,P010,Antacid Tablets,Digestive,2,20,40,Card
5588,2025-12-05,Friday,B02,Embakasi,P008,Insulin,Diabetes,1,450,450,Cash
5589,2025-12-05,Friday,B02,Embakasi,P002,Ibuprofen 200mg,Pain Relief,2,15,30,M-Pesa
5590,2025-12-05,Friday,B02,embakasi,P003,Amoxicillin 250mg,Antibiotic,3,35,105,Cash
5591,2025-12-05,Friday,B02,Embakasi,P005,Vitamin C Tablets,Supplement,3,25,75,M-Pesa
5592,2025-12-05,Friday,B02,Embakasi,P001,Paracetamol 500mg,Pain Relief,2,10,20,M-Pesa
5593,2025-12-05,Friday,B02,Embakasi,P002,Ibuprofen 200mg,Pain Relief,2,15,30,M-Pesa
5594,2025-12-05,Friday,B02,Embakasi,P007,Metformin 500mg,Diabetes,2,40,80,M-Pesa
5595,2025-12-05,Friday,B02,Embakasi,P006,Cough Syrup,Cold & Flu,3,90,270,M-Pesa
5596,2025-12-05,Friday,B02,Embakasi,P005,Vitamin C Tablets,Supplement,1,25,25,Cash
5597,2025-12-05,Friday,B02,Embakasi,P002,Ibuprofen 200mg,Pain Relief,3,15,45,M-Pesa
5598,2025-12-05,Friday,B02,Embakasi,P005,Vitamin C Tablets,Supplement,2,25,50,M-Pesa
5599,2025-12-05,Friday,B02,Embakasi,P005,,Supplement,2,25,50,M-Pesa
5600,2025-12-05,Friday,B02,Embakasi,P001,,Pain Relief,3,10,30,M-Pesa
5601,2025-12-05,Friday,B02,Embakasi,P005,Vitamin C Tablets,Supplement,2,25,61,M-Pesa
5602,2025-12-05,Friday,B02,Embakasi,P007,Metformin 500mg,Diabetes,3,40,120,Card
5603,2025-12-06,Saturday,B01,Nairobi CBD,P005,Vitamin C Tablets,Supplement,1,25,25,M-Pesa
5604,2025-12-06,Saturday,B01,Nairobi CBD,P006,Cough Syrup,Cold & Flu,1,90,90,
5605,2025-12-06,Saturday,B01,Nairobi CBD,P010,Antacid Tablets,Digestive,2,20,40,Cash
5606,2025-12-06,Saturday,B01,Nairobi CBD,P009,Amlodipine 5mg,Hypertension,3,30,90,M-Pesa
5607,2025-12-06,Saturday,B01,Nairobi CBD,P006,Cough Syrup,Cold & Flu,1,90,90,M-Pesa
5608,2025-12-06,Saturday,B01,Nairobi CBD,P006,Cough Syrup,Cold & Flu,3,90,270,Cash
5609,2025-12-06,Saturday,B01,,P007,Metformin 500mg,Diabetes,2,40,80,
5610,2025-12-06,Saturday,B01,Nairobi CBD,P003,Amoxicillin 250mg,Antibiotic,3,35,105,M-Pesa
5611,2025-12-06,Saturday,B01,Nairobi CBD,P008,Insulin,Diabetes,1,450,450,M-Pesa
5612,2025-12-06,Saturday,B01,Nairobi CBD,P003,Amoxicillin 250mg,Antibiotic,3,35,105,M-Pesa
5613,2025-12-06,Saturday,B01,Nairobi CBD,P008,Insulin,Diabetes,3,450,1350,Cash
5614,2025-12-06,Saturday,B01,Nairobi CBD,P003,Amoxicillin 250mg,Antibiotic,2,35,70,M-Pesa
5615,2025-12-06,Saturday,B01,Nairobi CBD,P001,Paracetamol 500mg,Pain Relief,2,10,20,M-Pesa
5616,2025-12-06,Saturday,B01,,P004,Azithromycin 500mg,Antibiotic,2,120,240,M-Pesa
5617,2025-12-06,Saturday,B01,Nairobi CBD,P005,Vitamin C Tablets,Supplement,1,25,25,Cash
5618,2025-12-06,Saturday,B01,Nairobi CBD,P001,Paracetmol,Pain Relief,1,10,10,M-Pesa
5619,2025-12-06,Saturday,B01,Nairobi CBD,P001,Paracetamol 500mg,Pain Relief,2,10,20, Cash
5620,2025-12-06,Saturday,B01,Nairobi CBD,P002,Ibuprofen 200mg,Pain Relief,2,15,30,Cash
5621,2025-12-06,Saturday,B01,Nairobi CBD,P001,Paracetamol 500mg,Pain Relief,1,10,10,M-Pesa
5622,2025-12-06,Saturday,B01,Nairobi CBD,P005,Vitamin C Tablets,Supplement,1,25,25,
5623,2025-12-06,Saturday,B01,Nairobi CBD,P001,Paracetamol 500mg,Pain Relief,1,10,10,M-Pesa
5624,2025-12-06,Saturday,B01,Nairobi CBD,P008,Insulin,Diabetes,1,450,450,
5625,2025-12-06,Saturday,B01,Nairobi CBD,P009,Amlodipine 5mg,Hypertension,2,30,60,Insurance
5626,2025-12-06,Saturday,B01,Nairobi CBD,P009,Amlodipine 5mg,Hypertension,1,30,30,M-Pesa
5627,2025-12-06,Saturday,B01,Nairobi CBD,P010,Antacid Tablets,Digestive,2,20,40,M-Pesa
5628,2025-12-06,Saturday,B01,,P006,Cough Syrup,Cold & Flu,3,90,270,Insurance
5629,2025-12-06,Saturday,B01,Nairobi CBD,P006,Cough Syrup,Cold & Flu,3,90,270,M-Pesa
5630,2025-12-06,Saturday,B01,,P006,Cough Syrup,Cold & Flu,1,90,90,M-Pesa
5631,2025-12-06,Saturday,B01,Nairobi CBD,P010,Antacid Tablets,Digestive,3,20,60,Card
5632,2025-12-06,Saturday,B01,Nairobi CBD,P010,Antacid Tablets,Digestive,3,20,60,Insurance
5633,2025-12-06,Saturday,B01,Nairobi CBD,P007,,Diabetes,3,40,120,Cash
5634,2025-12-06,Saturday,B01,,P008,Insulin,Diabetes,1,450,450,
5635,2025-12-06,Saturday,B01,Nairobi CBD,P004,Azithromycin 500mg,Antibiotic,1,120,120,M-Pesa
5636,2025-12-06,Saturday,B01,Nairobi CBD,P010,Antacid Tablets,Digestive,3,20,60,M-Pesa
5637,2025-12-06,Saturday,B01,Nairobi CBD,P007,Metformin 500mg,Diabetes,2,40,80,M-Pesa
5638,2025-12-06,Saturday,B01,Nairobi CBD,P001,Paracetamol 500mg,Pain Relief,3,10,30,M-Pesa
5639,2025-12-06,Saturday,B02,embakasi,P003,Amoxicillin 250mg,Antibiotic,1,35,35,M-Pesa
5640,2025-12-06,Saturday,B02,Embakasi,P007,Metformin 500mg,Diabetes,1,40,40,M-Pesa
5641,2025-12-06,Saturday,B02,Embakasi,P008,Insulin,Diabetes,3,450,1350,Cash
5642,2025-12-06,Saturday,B02,Embakasi,P009,Amlodipine 5mg,Hypertension,2,30,60,M-Pesa
5643,2025-12-06,Saturday,B02,Embakasi,P002,Ibuprofen 200mg,Pain Relief,1,15,15,M-Pesa
5644,2025-12-06,Saturday,B02,Embakasi,P005,Vitamin C Tablets,Supplement,1,25,25,M-Pesa
5645,2025-12-06,Saturday,B02,Embakasi,P007,Metformin 500mg,Diabetes,3,40,120,Card
5646,2025-12-06,Saturday,B02,Embakasi,P004,Azithromycin 500mg,Antibiotic,2,120,240,M-Pesa
5647,2025-12-06,Saturday,B02,Embakasi,P009,Amlodipine 5mg,Hypertension,3,30,90,M-Pesa
5648,2025-12-06,Saturday,B02,Embakasi,P009,Amlodipine 5mg,Hypertension,1,30,30,M-Pesa
5649,2025-12-06,Saturday,B02,Embakasi,P001,Paracetamol 500mg,Pain Relief,2,10,20,Cash
5650,2025-12-06,Saturday,B02,Embakasi,P007,Metformin 500mg,Diabetes,2,40,80,M-Pesa
5651,2025-12-06,Saturday,B02,Embakasi,P007,Metformin 500mg,Diabetes,1,40,51,M-Pesa
5652,2025-12-06,Saturday,B02,Embakasi,P005,Vitamin C Tablets,Supplement,2,25,50,M-Pesa
5653,2025-12-06,Saturday,B02,Embakasi,P005,Vitamin C Tablets,Supplement,2,25,50,Card
5654,2025-12-06,Saturday,B02,Embakasi,P007,Metformin 500mg,Diabetes,3,40,120,Card
5655,2025-12-06,Saturday,B02,Embakasi,P002,Ibuprofen 200mg,Pain Relief,1,15,15,Card
5656,2025-12-06,Saturday,B02,Embakasi,P009,Amlodipine 5mg,Hypertension,1,30,30,Card
5657,2025-12-06,Saturday,B02,Embakasi,P006,Cough Syrup,Cold & Flu,1,90,90,M-Pesa
5658,2025-12-06,Saturday,B02,Embakasi,P007,Metformin 500mg,Diabetes,1,40,40,M-Pesa
5659,2025-12-06,Saturday,B02,,P008,Insulin,Diabetes,1,450,450,M-Pesa
5660,2025-12-06,Saturday,B02,Embakasi,P001,Paracetamol 500mg,Pain Relief,2,10,20,Cash
5661,2025-12-06,Saturday,B02,Embakasi,P008,Insulin,Diabetes,3,450,1350,Card
5662,2025-12-06,Saturday,B02,Embakasi,P002,Ibuprofen 200mg,Pain Relief,1,15,15,M-Pesa
5663,2025-12-06,Saturday,B02,Embakasi,P009,Amlodipine 5mg,Hypertension,3,30,90,M-Pesa
5664,2025-12-06,Saturday,B02,Embakasi,P008,Insulin,Diabetes,3,450,1350,Cash
5665,2025-12-06,Saturday,B02,Embakasi,P008,Insulin,Diabetes,2,450,900,Cash
5666,2025-12-06,Saturday,B02,Embakasi,P001,,Pain Relief,1,10,10,Cash
5667,2025-12-06,Saturday,B02,Embakasi,P007,Metformin 500mg,Diabetes,2,40,80,M-Pesa
5668,2025-12-06,Saturday,B02,Embakasi,P006,Cough Syrup,Cold & Flu,1,90,90,M-Pesa
5669,2025-12-07,Sunday,B01,Nairobi CBD,P010,Antacid Tablets,Digestive,3,20,60,M-Pesa
5670,2025-12-07,Sunday,B01,Nairobi CBD,P003,Amoxicillin 250mg,Antibiotic,1,35,35,M-Pesa
5671,2025-12-07,Sunday,B01,Nairobi CBD,P002,Ibuprofen 200mg,Pain Relief,3,15,45,M-Pesa
5672,2025-12-07,Sunday,B01,Nairobi CBD,P002,,Pain Relief,3,15,45,Cash
5673,2025-12-07,Sunday,B01,Nairobi CBD,P010,Antacid Tablets,Digestive,2,20,40,Card
5674,2025-12-07,Sunday,B01,,P006,,Cold & Flu,1,90,90,Cash
5675,2025-12-07,Sunday,B01,,P006,Cough Syrup,Cold & Flu,3,90,270,M-Pesa
5676,2025-12-07,Sunday,B01,Nairobi CBD,P010,Antacid Tablets,Digestive,2,20,40,M-Pesa
5677,2025-12-07,Sunday,B01,Nairobi CBD,P006,,Cold & Flu,1,90,90,M-Pesa
5678,2025-12-07,Sunday,B01,Nairobi CBD,P008,Insulin,Diabetes,1,450,450,Cash
5679,2025-12-07,Sunday,B01,Nairobi CBD,P002,Ibuprofen 200mg,Pain Relief,3,15,45,M-Pesa
5680,2025-12-07,Sunday,B01,Nairobi CBD,P002,Ibuprofen 200mg,Pain Relief,1,15,15,M-Pesa
5681,2025-12-07,Sunday,B01,Nairobi CBD,P002,Ibuprofen 200mg,Pain Relief,3,15,45,M-Pesa
5682,2025-12-07,Sunday,B01,Nairobi CBD,P002,Ibuprofen 200mg,Pain Relief,1,15,15,Card
5683,2025-12-07,Sunday,B01,Nairobi CBD,P001,Paracetamol 500mg,Pain Relief,2,10,20,M-Pesa
5684,2025-12-07,Sunday,B01,Nairobi CBD,P004,Azithromycin 500mg,Antibiotic,3,120,360,M pesa
5685,2025-12-07,Sunday,B01,Nairobi CBD,P002,Ibuprofen 200mg,Pain Relief,3,15,45,Insurance
5686,2025-12-07,Sunday,B01,Nairobi CBD,P003,Amoxicillin 250mg,Antibiotic,1,35,35,M-Pesa
5687,2025-12-07,Sunday,B01,Nairobi CBD,P009,Amlodipine 5mg,Hypertension,1,30,30,M-Pesa
5688,2025-12-07,Sunday,B01,Nairobi CBD,P009,Amlodipine 5mg,Hypertension,3,30,90,
5689,2025-12-07,Sunday,B01,Nairobi CBD,P005,,Supplement,1,25,25,Card
5690,2025-12-07,Sunday,B01,Nairobi CBD,P002,Ibuprofen 200mg,Pain Relief,2,15,30,M-Pesa
5691,2025-12-07,Sunday,B01,Nairobi CBD,P010,Antacid Tablets,Digestive,1,20,20,M-Pesa
5692,2025-12-07,Sunday,B01,Nairobi CBD,P005,Vitamin C Tablets,Supplement,2,25,50,M-Pesa
5693,2025-12-07,Sunday,B01,Nairobi CBD,P007,Metformin 500mg,Diabetes,2,40,80,Card
5694,2025-12-07,Sunday,B01,Nairobi CBD,P001,Paracetamol 500mg,Pain Relief,2,10,20,Cash
5695,2025-12-07,Sunday,B01,Nairobi CBD,P005,Vitamin C Tablets,Supplement,2,25,50,M-Pesa
5696,2025-12-07,Sunday,B01,Nairobi CBD,P003,Amoxicillin 250mg,Antibiotic,2,35,70,M-Pesa
5697,2025-12-07,Sunday,B01,Nairobi CBD,P004,Azithromycin 500mg,Antibiotic,1,120,120,Cash
5698,2025-12-07,Sunday,B01,Nairobi CBD,P008,Insulin,Diabetes,2,450,900,Card
5699,2025-12-07,Sunday,B01,Nairobi CBD,P001,Paracetamol 500mg,Pain Relief,1,10,10,M-Pesa
5700,2025-12-07,Sunday,B01,Nairobi CBD,P007,Metformin 500mg,Diabetes,2,40,91,M pesa
5701,2025-12-07,Sunday,B01,Nairobi CBD,P001,Paracetamol 500mg,Pain Relief,3,10,30,M-Pesa
5702,2025-12-07,Sunday,B01,Nairobi CBD,P004,Azithromycin 500mg,Antibiotic,2,120,240,
5703,2025-12-07,Sunday,B01,Nairobi CBD,P010,Antacid Tablets,Digestive,3,20,60,M-Pesa
5704,2025-12-07,Sunday,B01,Nairobi CBD,P009,,Hypertension,2,30,60,M-Pesa
5705,2025-12-07,Sunday,B02,Embakasi,P010,Antacid Tablets,Digestive,2,20,40,
5706,2025-12-07,Sunday,B02,Embakasi,P004,Azithromycin 500mg,Antibiotic,3,120,360,Card
5707,2025-12-07,Sunday,B02,Embakasi,P002,Ibuprofen 200mg,Pain Relief,3,15,45,
5708,2025-12-07,Sunday,B02,Embakasi,P004,Azithromycin 500mg,Antibiotic,2,120,240,Cash
5709,2025-12-07,Sunday,B02,Embakasi,P004,Azithromycin 500mg,Antibiotic,1,120,120,M-Pesa
5710,2025-12-07,Sunday,B02,Embakasi,P006,Cough Syrup,Cold & Flu,2,90,180,Cash
5711,2025-12-07,Sunday,B02,Embakasi,P009,Amlodipine 5mg,Hypertension,3,30,90,
5712,2025-12-07,Sunday,B02,Embakasi,P002,Ibuprofen 200mg,Pain Relief,2,15,30,M-Pesa
5713,2025-12-07,Sunday,B02,Embakasi,P007,Metformin 500mg,Diabetes,3,40,120,Card
5714,2025-12-07,Sunday,B02,Embakasi,P007,Metformin 500mg,Diabetes,3,40,120,M-Pesa
5715,2025-12-07,Sunday,B02,Embakasi,P001,Paracetamol 500mg,Pain Relief,3,10,30,M-Pesa
5716,2025-12-07,Sunday,B02,Embakasi,P005,Vitamin C Tablets,Supplement,2,25,50,Insurance
5717,2025-12-07,Sunday,B02,Embakasi,P002,,Pain Relief,3,15,45,Card
5718,2025-12-07,Sunday,B02,Embakasi,P001,Paracetamol 500mg,Pain Relief,3,10,30,Cash
5719,2025-12-07,Sunday,B02,embakasi,P009,,Hypertension,2,30,60,M-Pesa
5720,2025-12-07,Sunday,B02,Embakasi,P003,Amoxicillin 250mg,Antibiotic,3,35,105,M-Pesa
5721,2025-12-07,Sunday,B02,embakasi,P009,Amlodipine 5mg,Hypertension,2,30,60,M-Pesa
5722,2025-12-07,Sunday,B02,Embakasi,P001,Paracetamol 500mg,Pain Relief,3,10,30,M-Pesa
5723,2025-12-07,Sunday,B02,Embakasi,P003,Amoxicillin 250mg,Antibiotic,1,35,35,M-Pesa
5724,2025-12-07,Sunday,B02,Embakasi,P003,Amoxicillin 250mg,Antibiotic,1,35,35,M-Pesa
5725,2025-12-07,Sunday,B02,Embakasi,P010,Antacid Tablets,Digestive,3,20,60,Cash
5726,2025-12-07,Sunday,B02,Embakasi,P008,Insulin,Diabetes,1,450,450,M-Pesa
5727,2025-12-07,Sunday,B02,,P008,Insulin,Diabetes,2,450,900,M-Pesa
5728,2025-12-07,Sunday,B02,Embakasi,P006,Cough Syrup,Cold & Flu,1,90,90,Cash
5729,2025-12-07,Sunday,B02,Embakasi,P004,Azithromycin 500mg,Antibiotic,3,120,360,
5730,2025-12-07,Sunday,B02,Embakasi,P007,Metformin 500mg,Diabetes,3,40,131,Cash
5731,2025-12-07,Sunday,B02,Embakasi,P004,Azithromycin 500mg,Antibiotic,2,120,240,M-Pesa
5732,2025-12-07,Sunday,B02,Embakasi,P007,Metformin 500mg,Diabetes,3,40,120,Card
5733,2025-12-07,Sunday,B02,Embakasi,P007,Metformin 500mg,Diabetes,2,40,80,Cash
5734,2025-12-07,Sunday,B02,Embakasi,P003,Amoxicillin 250mg,Antibiotic,1,35,35,Cash
5735,2025-12-07,Sunday,B02,,P005,Vitamin C Tablets,Supplement,1,25,25,
5736,2025-12-08,Monday,B01,Nairobi CBD,P004,Azithromycin 500mg,Antibiotic,2,120,240,Cash
5737,2025-12-08,Monday,B01,Nairobi CBD,P004,Azithromycin 500mg,Antibiotic,3,120,360,M-Pesa
5738,2025-12-08,Monday,B01,,P002,Ibuprofen 200mg,Pain Relief,1,15,15,M-Pesa
5739,2025-12-08,Monday,B01,Nairobi CBD,P006,Cough Syrup,Cold & Flu,2,90,180,M-Pesa
5740,2025-12-08,Monday,B01,Nairobi CBD,P005,Vitamin C Tablets,Supplement,1,25,25,M pesa
5741,2025-12-08,Monday,B01,Nairobi CBD,P008,Insulin,Diabetes,2,450,900,M-Pesa
5742,2025-12-08,Monday,B01,Nairobi CBD,P010,Antacid Tablets,Digestive,1,20,20,M-Pesa
5743,2025-12-08,Monday,B01,Nairobi CBD,P004,Azithromycin 500mg,Antibiotic,3,120,360,
5744,2025-12-08,Monday,B01,Nairobi CBD,P002,Ibuprofen 200mg,Pain Relief,1,15,15,M-Pesa
5745,2025-12-08,Monday,B01,Nairobi CBD,P001,Paracetamol 500mg,Pain Relief,1,10,10,M-Pesa
5746,2025-12-08,Monday,B01,Nairobi CBD,P008,Insulin,Diabetes,1,450,450,Cash
5747,2025-12-08,Monday,B01,Nairobi CBD,P010,Antacid Tablets,Digestive,1,20,20,M-Pesa
5748,2025-12-08,Monday,B01,Nairobi CBD,P006,Cough Syrup,Cold & Flu,1,90,90,M-Pesa
5749,2025-12-08,Monday,B01,Nairobi CBD,P001,Paracetamol 500mg,Pain Relief,3,10,30,Card
5750,2025-12-08,Monday,B01,Nairobi CBD,P004,Azithromycin 500mg,Antibiotic,2,120,240,M-Pesa
5751,2025-12-08,Monday,B01,Nairobi CBD,P009,Amlodipine 5mg,Hypertension,1,30,30,M-Pesa
5752,2025-12-08,Monday,B01,Nairobi CBD,P006,Cough Syrup,Cold & Flu,3,90,270,Cash
5753,2025-12-08,Monday,B01,Nairobi CBD,P010,Antacid Tablets,Digestive,1,20,20,Card
5754,2025-12-08,Monday,B01,Nairobi CBD,P001,,Pain Relief,1,10,10,Cash
5755,2025-12-08,Monday,B01,Nairobi CBD,P008,Insulin,Diabetes,2,450,900,M-Pesa
5756,2025-12-08,Monday,B01,Nairobi CBD,P003,Amoxicillin 250mg,Antibiotic,1,35,35,Card
5757,2025-12-08,Monday,B01,Nairobi CBD,P007,Metformin 500mg,Diabetes,3,40,120,M-Pesa
5758,2025-12-08,Monday,B01,Nairobi CBD,P009,Amlodipine 5mg,Hypertension,3,30,90,
5759,2025-12-08,Monday,B01,Nairobi CBD,P010,Antacid Tablets,Digestive,2,20,40,Insurance
5760,2025-12-08,Monday,B01,Nairobi CBD,P009,Amlodipine 5mg,Hypertension,1,30,30,M-Pesa
5761,2025-12-08,Monday,B01,Nairobi CBD,P007,Metformin 500mg,Diabetes,3,40,120,Insurance
5762,2025-12-08,Monday,B01,Nairobi CBD,P007,Metformin 500mg,Diabetes,1,40,40,M-Pesa
5763,2025-12-08,Monday,B01,Nairobi CBD,P007,Metformin 500mg,Diabetes,1,40,40,M-Pesa
5764,2025-12-08,Monday,B01,Nairobi CBD,P007,Metformin 500mg,Diabetes,1,40,40,M-Pesa
5765,2025-12-08,Monday,B01,Nairobi CBD,P006,Cough Syrup,Cold & Flu,2,90,180,Cash
5766,2025-12-08,Monday,B01,Nairobi CBD,P003,Amoxicillin 250mg,Antibiotic,1,35,35,M-Pesa
5767,2025-12-08,Monday,B01,Nairobi CBD,P002,Ibuprofen 200mg,Pain Relief,3,15,45,M-Pesa
5768,2025-12-08,Monday,B01,Nairobi CBD,P005,Vitamin C Tablets,Supplement,1,25,25,M-Pesa
5769,2025-12-08,Monday,B01,Nairobi CBD,P003,Amoxicillin 250mg,Antibiotic,3,35,105,M-Pesa
5770,2025-12-08,Monday,B01,Nairobi CBD,P003,Amoxicillin 250mg,Antibiotic,1,35,35,Card
5771,2025-12-08,Monday,B01,Nairobi CBD,P006,Cough Syrup,Cold & Flu,3,90,270,Cash
5772,2025-12-08,Monday,B02,Embakasi,P002,Ibuprofen 200mg,Pain Relief,1,15,26,M-Pesa
5773,2025-12-08,Monday,B02,Embakasi,P004,Azithromycin 500mg,Antibiotic,3,120,371,M-Pesa
5774,2025-12-08,Monday,B02,Embakasi,P008,Insulin,Diabetes,2,450,900,Cash
5775,2025-12-08,Monday,B02,Embakasi,P007,Metformin 500mg,Diabetes,1,40,40,M-Pesa
5776,2025-12-08,Monday,B02,Embakasi,P002,Ibuprofen 200mg,Pain Relief,2,15,30,Card
5777,2025-12-08,Monday,B02,,P003,Amoxicillin 250mg,Antibiotic,1,35,35,M-Pesa
5778,2025-12-08,Monday,B02,Embakasi,P004,Azithromycin 500mg,Antibiotic,1,120,120,Insurance
5779,2025-12-08,Monday,B02,Embakasi,P009,Amlodipine 5mg,Hypertension,1,30,30,M-Pesa
5780,2025-12-08,Monday,B02,Embakasi,P005,Vitamin C Tablets,Supplement,1,25,25,M-Pesa
5781,2025-12-08,Monday,B02,Embakasi,P009,Amlodipine 5mg,Hypertension,2,30,60,M-Pesa
5782,2025-12-08,Monday,B02,Embakasi,P001,Paracetamol 500mg,Pain Relief,1,10,10,M-Pesa
5783,2025-12-08,Monday,B02,Embakasi,P001,Paracetamol 500mg,Pain Relief,3,10,30,M-Pesa
5784,2025-12-08,Monday,B02,Embakasi,P002,Ibuprofen 200mg,Pain Relief,3,15,45,M-Pesa
5785,2025-12-08,Monday,B02,Embakasi,P002,Ibuprofen 200mg,Pain Relief,2,15,41,M-Pesa
5786,2025-12-08,Monday,B02,Embakasi,P008,Insulin,Diabetes,1,450,450,M-Pesa
5787,2025-12-08,Monday,B02,Embakasi,P004,Azithromycin 500mg,Antibiotic,3,120,360,Cash
5788,2025-12-08,Monday,B02,,P005,Vitamin C Tablets,Supplement,2,25,50,M-Pesa
5789,2025-12-08,Monday,B02,Embakasi,P009,Amlodipine 5mg,Hypertension,1,30,30,
5790,2025-12-08,Monday,B02,Embakasi,P010,Antacid Tablets,Digestive,3,20,60,Cash
5791,2025-12-08,Monday,B02,Embakasi,P010,Antacid Tablets,Digestive,3,20,60,M-Pesa
5792,2025-12-08,Monday,B02,Embakasi,P009,Amlodipine 5mg,Hypertension,2,30,60,Card
5793,2025-12-08,Monday,B02,Embakasi,P008,Insulin,Diabetes,1,450,450,Cash
5794,2025-12-08,Monday,B02,Embakasi,P006,Cough Syrup,Cold & Flu,1,90,90,M-Pesa
5795,2025-12-08,Monday,B02,Embakasi,P004,Azithromycin 500mg,Antibiotic,3,120,360,Cash
5796,2025-12-08,Monday,B02,Embakasi,P010,Antacid Tablets,Digestive,3,20,60,Card
5797,2025-12-08,Monday,B02,,P008,Insulin,Diabetes,3,450,1350,M-Pesa
5798,2025-12-08,Monday,B02,Embakasi,P002,Ibuprofen 200mg,Pain Relief,1,15,15,Card
5799,2025-12-08,Monday,B02,Embakasi,P004,Azithromycin 500mg,Antibiotic,2,120,240,M-Pesa
5800,2025-12-08,Monday,B02,Embakasi,P003,Amoxicillin 250mg,Antibiotic,2,35,70,M-Pesa
5801,2025-12-08,Monday,B02,Embakasi,P002,Ibuprofen 200mg,Pain Relief,1,15,15,M-Pesa
5802,2025-12-08,Monday,B02,Embakasi,P010,Antacid Tablets,Digestive,2,20,40,Cash
5803,2025-12-08,Monday,B02,Embakasi,P004,Azithromycin 500mg,Antibiotic,3,120,360,Cash
5804,2025-12-08,Monday,B02,,P010,Antacid Tablets,Digestive,2,20,40,Insurance
5805,2025-12-08,Monday,B02,Embakasi,P008,Insulin,Diabetes,2,450,900,M-Pesa
5806,2025-12-09,Tuesday,B01,Nairobi CBD,P004,Azithromycin 500mg,Antibiotic,3,120,360,M pesa
5807,2025-12-09,Tuesday,B01,Nairobi CBD,P004,Azithromycin 500mg,Antibiotic,1,120,120,Card
5808,2025-12-09,Tuesday,B01,Nairobi CBD,P001,Paracetamol 500mg,Pain Relief,3,10,30,M-Pesa
5809,2025-12-09,Tuesday,B01,Nairobi CBD,P006,Cough Syrup,Cold & Flu,1,90,90,M-Pesa
5810,2025-12-09,Tuesday,B01,Nairobi CBD,P002,Ibuprofen 200mg,Pain Relief,1,15,15,M-Pesa
5811,2025-12-09,Tuesday,B01,Nairobi CBD,P003,Amoxicillin 250mg,Antibiotic,1,35,35,M-Pesa
5812,2025-12-09,Tuesday,B01,Nairobi CBD,P001,Paracetamol 500mg,Pain Relief,2,10,20,Cash
5813,2025-12-09,Tuesday,B01,Nairobi CBD,P010,Antacid Tablets,Digestive,2,20,40,M pesa
5814,2025-12-09,Tuesday,B01,Nairobi CBD,P002,Ibuprofen 200mg,Pain Relief,1,15,15,M-Pesa
5815,2025-12-09,Tuesday,B01,Nairobi CBD,P007,Metformin 500mg,Diabetes,1,40,40,M-Pesa
5816,2025-12-09,Tuesday,B01,Nairobi CBD,P001,Paracetamol 500mg,Pain Relief,2,10,20,Cash
5817,2025-12-09,Tuesday,B01,Nairobi CBD,P006,Cough Syrup,Cold & Flu,3,90,270,M-Pesa
5818,2025-12-09,Tuesday,B01,,P010,Antacid Tablets,Digestive,1,20,20,M-Pesa
5819,2025-12-09,Tuesday,B01,Nairobi CBD,P005,Vitamin C Tablets,Supplement,3,25,75,Cash
5820,2025-12-09,Tuesday,B01,Nairobi CBD,P010,Antacid Tablets,Digestive,2,20,40,M-Pesa
5821,2025-12-09,Tuesday,B01,Nairobi CBD,P003,Amoxicillin 250mg,Antibiotic,1,35,35,Cash
5822,2025-12-09,Tuesday,B01,Nairobi CBD,P001,Paracetamol 500mg,Pain Relief,3,10,41,M-Pesa
5823,2025-12-09,Tuesday,B01,Nairobi CBD,P004,Azithromycin 500mg,Antibiotic,3,120,360,
5824,2025-12-09,Tuesday,B01,Nairobi CBD,P004,,Antibiotic,3,120,360,
5825,2025-12-09,Tuesday,B01,Nairobi CBD,P007,Metformin 500mg,Diabetes,2,40,80,M-Pesa
5826,2025-12-09,Tuesday,B01,Nairobi CBD,P005,Vitamin C Tablets,Supplement,2,25,50,Insurance
5827,2025-12-09,Tuesday,B01,Nairobi CBD,P010,Antacid Tablets,Digestive,3,20,60,Card
5828,2025-12-09,Tuesday,B01,Nairobi CBD,P009,Amlodipine 5mg,Hypertension,3,30,90,M-Pesa
5829,2025-12-09,Tuesday,B01,Nairobi CBD,P010,Antacid Tablets,Digestive,2,20,40,M-Pesa
5830,2025-12-09,Tuesday,B01,Nairobi CBD,P008,Insulin,Diabetes,3,450,1350,M-Pesa
5831,2025-12-09,Tuesday,B01,Nairobi CBD,P001,Paracetamol 500mg,Pain Relief,3,10,30,M-Pesa
5832,2025-12-09,Tuesday,B01,Nairobi CBD,P006,Cough Syrup,Cold & Flu,2,90,180,M-Pesa
5833,2025-12-09,Tuesday,B01,Nairobi CBD,P009,Amlodipine 5mg,Hypertension,3,30,90,Cash
5834,2025-12-09,Tuesday,B01,Nairobi CBD,P009,Amlodipine 5mg,Hypertension,3,30,90,M pesa
5835,2025-12-09,Tuesday,B01,Nairobi CBD,P010,Antacid Tablets,Digestive,3,20,60,M-Pesa
5836,2025-12-09,Tuesday,B01,Nairobi CBD,P007,Metformin 500mg,Diabetes,2,40,80,M-Pesa
5837,2025-12-09,Tuesday,B01,Nairobi CBD,P010,Antacid Tablets,Digestive,3,20,60,
5838,2025-12-09,Tuesday,B01,Nairobi CBD,P008,Insulin,Diabetes,2,450,900,M-Pesa
5839,2025-12-09,Tuesday,B01,,P009,Amlodipine 5mg,Hypertension,2,30,60,M-Pesa
5840,2025-12-09,Tuesday,B01,Nairobi CBD,P001,Paracetamol 500mg,Pain Relief,1,10,10,
5841,2025-12-09,Tuesday,B01,Nairobi CBD,P008,Insulin,Diabetes,1,450,450,M pesa
5842,2025-12-09,Tuesday,B01,Nairobi CBD,P003,Amoxicillin 250mg,Antibiotic,3,35,105,Insurance
5843,2025-12-09,Tuesday,B01,Nairobi CBD,P009,Amlodipine 5mg,Hypertension,2,30,60,M-Pesa
5844,2025-12-09,Tuesday,B01,Nairobi CBD,P001,Paracetmol,Pain Relief,1,10,10,M-Pesa
5845,2025-12-09,Tuesday,B01,Nairobi CBD,P010,,Digestive,3,20,60,M-Pesa
5846,2025-12-09,Tuesday,B02,Embakasi,P004,Azithromycin 500mg,Antibiotic,1,120,120,M-Pesa
5847,2025-12-09,Tuesday,B02,Embakasi,P008,Insulin,Diabetes,2,450,900,
5848,2025-12-09,Tuesday,B02,Embakasi,P006,Cough Syrup,Cold & Flu,2,90,180,M-Pesa
5849,2025-12-09,Tuesday,B02,Embakasi,P008,Insulin,Diabetes,1,450,450, M-Pesa
5850,2025-12-09,Tuesday,B02,Embakasi,P010,Antacid Tablets,Digestive,1,20,20,Cash
5851,2025-12-09,Tuesday,B02,Embakasi,P002,Ibuprofen 200mg,Pain Relief,2,15,30,Insurance
5852,2025-12-09,Tuesday,B02,Embakasi,P004,Azithromycin 500mg,Antibiotic,3,120,360,Cash
5853,2025-12-09,Tuesday,B02,Embakasi,P008,Insulin,Diabetes,2,450,900,M-Pesa
5854,2025-12-09,Tuesday,B02,Embakasi,P009,Amlodipine 5mg,Hypertension,1,30,30,M-Pesa
5855,2025-12-09,Tuesday,B02,Embakasi,P005,Vitamin C Tablets,Supplement,3,25,75,Cash
5856,2025-12-09,Tuesday,B02,Embakasi,P001,Paracetmol,Pain Relief,1,10,10,M-Pesa
5857,2025-12-09,Tuesday,B02,Embakasi,P007,Metformin 500mg,Diabetes,3,40,120,M-Pesa
5858,2025-12-09,Tuesday,B02,Embakasi,P002,Ibuprofen 200mg,Pain Relief,1,15,15,M-Pesa
5859,2025-12-09,Tuesday,B02,Embakasi,P002,,Pain Relief,3,15,45,M-Pesa
5860,2025-12-09,Tuesday,B02,Embakasi,P002,Ibuprofen 200mg,Pain Relief,3,15,45,M-Pesa
5861,2025-12-09,Tuesday,B02,Embakasi,P007,Metformin 500mg,Diabetes,1,40,40,M-Pesa
5862,2025-12-09,Tuesday,B02,Embakasi,P005,Vitamin C Tablets,Supplement,3,25,75,M-Pesa
5863,2025-12-09,Tuesday,B02,Embakasi,P004,Azithromycin 500mg,Antibiotic,2,120,251,Card
5864,2025-12-09,Tuesday,B02,Embakasi,P004,Azithromycin 500mg,Antibiotic,1,120,120,M-Pesa
5865,2025-12-09,Tuesday,B02,Embakasi,P007,Metformin 500mg,Diabetes,2,40,80,M-Pesa
5866,2025-12-09,Tuesday,B02,Embakasi,P004,Azithromycin 500mg,Antibiotic,1,120,120,Cash
5867,2025-12-09,Tuesday,B02,Embakasi,P005,Vitamin C Tablets,Supplement,3,25,75,M-Pesa
5868,2025-12-09,Tuesday,B02,Embakasi,P005,Vitamin C Tablets,Supplement,3,25,75,M-Pesa
5869,2025-12-09,Tuesday,B02,Embakasi,P009,Amlodipine 5mg,Hypertension,3,30,90,
5870,2025-12-09,Tuesday,B02,embakasi,P009,Amlodipine 5mg,Hypertension,1,30,30,Cash
5871,2025-12-09,Tuesday,B02,Embakasi,P009,Amlodipine 5mg,Hypertension,2,30,60,M-Pesa
5872,2025-12-09,Tuesday,B02,Embakasi,P002,Ibuprofen 200mg,Pain Relief,2,15,30,M-Pesa
5873,2025-12-09,Tuesday,B02,,P002,Ibuprofen 200mg,Pain Relief,1,15,15,M pesa
5874,2025-12-09,Tuesday,B02,Embakasi,P003,Amoxicillin 250mg,Antibiotic,1,35,35,M-Pesa
5875,2025-12-09,Tuesday,B02,Embakasi,P002,Ibuprofen 200mg,Pain Relief,2,15,30,
5876,2025-12-10,Wednesday,B01,Nairobi CBD,P004,Azithromycin 500mg,Antibiotic,2,120,240,M-Pesa
5877,2025-12-10,Wednesday,B01,Nairobi CBD,P006,Cough Syrup,Cold & Flu,2,90,180,M-Pesa
5878,2025-12-10,Wednesday,B01,Nairobi CBD,P003,Amoxicillin 250mg,Antibiotic,1,35,35,M-Pesa
5879,2025-12-10,Wednesday,B01,Nairobi CBD,P003,Amoxicillin 250mg,Antibiotic,1,35,35,M-Pesa
5880,2025-12-10,Wednesday,B01,Nairobi CBD,P005,Vitamin C Tablets,Supplement,3,25,86,M-Pesa
5881,2025-12-10,Wednesday,B01,Nairobi CBD,P008,Insulin,Diabetes,2,450,900,M pesa
5882,2025-12-10,Wednesday,B01,Nairobi CBD,P006,Cough Syrup,Cold & Flu,3,90,270,M-Pesa
5883,2025-12-10,Wednesday,B01,Nairobi CBD,P008,Insulin,Diabetes,1,450,450,M-Pesa
5884,2025-12-10,Wednesday,B01,Nairobi CBD,P004,Azithromycin 500mg,Antibiotic,1,120,120,Card
5885,2025-12-10,Wednesday,B01,Nairobi CBD,P010,Antacid Tablets,Digestive,3,20,71,Cash
5886,2025-12-10,Wednesday,B01,Nairobi CBD,P003,Amoxicillin 250mg,Antibiotic,2,35,70,M-Pesa
5887,2025-12-10,Wednesday,B01,Nairobi CBD,P003,Amoxicillin 250mg,Antibiotic,2,35,70,M-Pesa
5888,2025-12-10,Wednesday,B01,Nairobi CBD,P001,Paracetamol 500mg,Pain Relief,2,10,20,M-Pesa
5889,2025-12-10,Wednesday,B01,Nairobi CBD,P010,Antacid Tablets,Digestive,2,20,40,M-Pesa
5890,2025-12-10,Wednesday,B01,Nairobi CBD,P010,Antacid Tablets,Digestive,3,20,60,M-Pesa
5891,2025-12-10,Wednesday,B01,Nairobi CBD,P008,Insulin,Diabetes,3,450,1350,Insurance
5892,2025-12-10,Wednesday,B01,Nairobi CBD,P006,Cough Syrup,Cold & Flu,1,90,90,M pesa
5893,2025-12-10,Wednesday,B01,Nairobi CBD,P010,Antacid Tablets,Digestive,2,20,40,
5894,2025-12-10,Wednesday,B01,Nairobi CBD,P009,Amlodipine 5mg,Hypertension,2,30,60,Insurance
5895,2025-12-10,Wednesday,B01,Nairobi CBD,P010,Antacid Tablets,Digestive,2,20,40,Cash
5896,2025-12-10,Wednesday,B01,Nairobi CBD,P010,Antacid Tablets,Digestive,3,20,60,M-Pesa
5897,2025-12-10,Wednesday,B01,Nairobi CBD,P001,Paracetamol 500mg,Pain Relief,2,10,20,Card
5898,2025-12-10,Wednesday,B01,Nairobi CBD,P003,Amoxicillin 250mg,Antibiotic,3,35,105,M-Pesa
5899,2025-12-10,Wednesday,B01,Nairobi CBD,P007,Metformin 500mg,Diabetes,2,40,80,Cash
5900,2025-12-10,Wednesday,B01,Nairobi CBD,P003,Amoxicillin 250mg,Antibiotic,2,35,70,M-Pesa
5901,2025-12-10,Wednesday,B01,Nairobi CBD,P010,Antacid Tablets,Digestive,1,20,20,Insurance
5902,2025-12-10,Wednesday,B01,Nairobi CBD,P005,Vitamin C Tablets,Supplement,2,25,50,Cash
5903,2025-12-10,Wednesday,B01,Nairobi CBD,P004,Azithromycin 500mg,Antibiotic,2,120,240,M-Pesa
5904,2025-12-10,Wednesday,B01,Nairobi CBD,P006,Cough Syrup,Cold & Flu,1,90,90,M-Pesa
5905,2025-12-10,Wednesday,B01,Nairobi CBD,P004,Azithromycin 500mg,Antibiotic,3,120,360,M-Pesa
5906,2025-12-10,Wednesday,B01,Nairobi CBD,P005,Vitamin C Tablets,Supplement,3,25,75,M-Pesa
5907,2025-12-10,Wednesday,B01,Nairobi CBD,P008,Insulin,Diabetes,2,450,900,M-Pesa
5908,2025-12-10,Wednesday,B01,Nairobi CBD,P001,Paracetamol 500mg,Pain Relief,3,10,30, M-Pesa
5909,2025-12-10,Wednesday,B01,Nairobi CBD,P007,Metformin 500mg,Diabetes,2,40,80,M-Pesa
5910,2025-12-10,Wednesday,B01,Nairobi CBD,P001,Paracetamol 500mg,Pain Relief,1,10,10,M-Pesa
5911,2025-12-10,Wednesday,B01,Nairobi CBD,P005,Vitamin C Tablets,Supplement,1,25,25,M pesa
5912,2025-12-10,Wednesday,B01,Nairobi CBD,P009,Amlodipine 5mg,Hypertension,2,30,60,M-Pesa
5913,2025-12-10,Wednesday,B01,Nairobi CBD,P003,Amoxicillin 250mg,Antibiotic,1,35,46,Cash
5914,2025-12-10,Wednesday,B01,Nairobi CBD,P003,Amoxicillin 250mg,Antibiotic,1,35,35,M-Pesa
5915,2025-12-10,Wednesday,B01,Nairobi CBD,P003,Amoxicillin 250mg,Antibiotic,2,35,70,M-Pesa
5916,2025-12-10,Wednesday,B02,Embakasi,P001,Paracetamol 500mg,Pain Relief,1,10,10,M-Pesa
5917,2025-12-10,Wednesday,B02,Embakasi,P006,Cough Syrup,Cold & Flu,3,90,270,M-Pesa
5918,2025-12-10,Wednesday,B02,Embakasi,P005,Vitamin C Tablets,Supplement,3,25,75,M pesa
5919,2025-12-10,Wednesday,B02,Embakasi,P009,Amlodipine 5mg,Hypertension,2,30,60,Card
5920,2025-12-10,Wednesday,B02,Embakasi,P001,Paracetamol 500mg,Pain Relief,2,10,20,M-Pesa
5921,2025-12-10,Wednesday,B02,,P004,Azithromycin 500mg,Antibiotic,3,120,360,M-Pesa
5922,2025-12-10,Wednesday,B02,Embakasi,P006,Cough Syrup,Cold & Flu,1,90,90,
5923,2025-12-10,Wednesday,B02,Embakasi,P006,,Cold & Flu,3,90,270,M-Pesa
5924,2025-12-10,Wednesday,B02,Embakasi,P006,Cough Syrup,Cold & Flu,3,90,270,M-Pesa
5925,2025-12-10,Wednesday,B02,Embakasi,P008,Insulin,Diabetes,3,450,1350,Insurance
5926,2025-12-10,Wednesday,B02,Embakasi,P005,Vitamin C Tablets,Supplement,3,25,75,M-Pesa
5927,2025-12-10,Wednesday,B02,Embakasi,P010,Antacid Tablets,Digestive,2,20,40,Card
5928,2025-12-10,Wednesday,B02,Embakasi,P002,Ibuprofen 200mg,Pain Relief,2,15,30,M-Pesa
5929,2025-12-10,Wednesday,B02,Embakasi,P003,Amoxicillin 250mg,Antibiotic,1,35,35,Cash
5930,2025-12-10,Wednesday,B02,Embakasi,P008,Insulin,Diabetes,1,450,450,M-Pesa
5931,2025-12-10,Wednesday,B02,Embakasi,P007,Metformin 500mg,Diabetes,1,40,40,Insurance
5932,2025-12-10,Wednesday,B02,Embakasi,P007,Metformin 500mg,Diabetes,1,40,40,M-Pesa
5933,2025-12-10,Wednesday,B02,Embakasi,P001,Paracetamol 500mg,Pain Relief,3,10,30,Card
5934,2025-12-10,Wednesday,B02,Embakasi,P007,Metformin 500mg,Diabetes,2,40,80,M-Pesa
5935,2025-12-10,Wednesday,B02,Embakasi,P005,Vitamin C Tablets,Supplement,2,25,50,M-Pesa
5936,2025-12-10,Wednesday,B02,Embakasi,P001,Paracetamol 500mg,Pain Relief,1,10,10,M-Pesa
5937,2025-12-10,Wednesday,B02,Embakasi,P009,Amlodipine 5mg,Hypertension,1,30,30,M-Pesa
5938,2025-12-10,Wednesday,B02,Embakasi,P006,Cough Syrup,Cold & Flu,3,90,270,M-Pesa
5939,2025-12-10,Wednesday,B02,Embakasi,P003,Amoxicillin 250mg,Antibiotic,3,35,105,M-Pesa
5940,2025-12-10,Wednesday,B02,Embakasi,P003,Amoxicillin 250mg,Antibiotic,1,35,35,M-Pesa
5941,2025-12-10,Wednesday,B02,Embakasi,P003,Amoxicillin 250mg,Antibiotic,2,35,81,M-Pesa
5942,2025-12-10,Wednesday,B02,Embakasi,P006,Cough Syrup,Cold & Flu,2,90,191,M-Pesa
5943,2025-12-10,Wednesday,B02,,P002,Ibuprofen 200mg,Pain Relief,2,15,30, M-Pesa
5944,2025-12-10,Wednesday,B02,Embakasi,P003,Amoxicillin 250mg,Antibiotic,1,35,35,Card
5945,2025-12-10,Wednesday,B02,Embakasi,P007,Metformin 500mg,Diabetes,2,40,80,Cash
5946,2025-12-10,Wednesday,B02,Embakasi,P008,Insulin,Diabetes,3,450,1350,M-Pesa
5947,2025-12-10,Wednesday,B02,embakasi,P009,Amlodipine 5mg,Hypertension,3,30,90,Card
5948,2025-12-10,Wednesday,B02,,P001,Paracetamol 500mg,Pain Relief,1,10,10,Cash
5949,2025-12-10,Wednesday,B02,Embakasi,P003,Amoxicillin 250mg,Antibiotic,3,35,105,M-Pesa
5950,2025-12-10,Wednesday,B02,Embakasi,P006,Cough Syrup,Cold & Flu,1,90,90,M-Pesa
5951,2025-12-11,Thursday,B01,Nairobi CBD,P007,Metformin 500mg,Diabetes,2,40,80,M-Pesa
5952,2025-12-11,Thursday,B01,Nairobi CBD,P009,Amlodipine 5mg,Hypertension,2,30,60,Cash
5953,2025-12-11,Thursday,B01,Nairobi CBD,P007,Metformin 500mg,Diabetes,3,40,120,M-Pesa
5954,2025-12-11,Thursday,B01,Nairobi CBD,P010,Antacid Tablets,Digestive,1,20,20,M-Pesa
5955,2025-12-11,Thursday,B01,Nairobi CBD,P006,Cough Syrup,Cold & Flu,2,90,180,M-Pesa
5956,2025-12-11,Thursday,B01,Nairobi CBD,P001,Paracetamol 500mg,Pain Relief,1,10,10,M-Pesa
5957,2025-12-11,Thursday,B01,Nairobi CBD,P005,Vitamin C Tablets,Supplement,2,25,50,M-Pesa
5958,2025-12-11,Thursday,B01,Nairobi CBD,P005,Vitamin C Tablets,Supplement,3,25,75,M-Pesa
5959,2025-12-11,Thursday,B01,Nairobi CBD,P009,Amlodipine 5mg,Hypertension,3,30,90,Cash
5960,2025-12-11,Thursday,B01,Nairobi CBD,P004,Azithromycin 500mg,Antibiotic,1,120,120,Cash
5961,2025-12-11,Thursday,B01,Nairobi CBD,P009,Amlodipine 5mg,Hypertension,3,30,90,Cash
5962,2025-12-11,Thursday,B01,Nairobi CBD,P009,Amlodipine 5mg,Hypertension,3,30,90,
5963,2025-12-11,Thursday,B01,Nairobi CBD,P006,Cough Syrup,Cold & Flu,1,90,90,M pesa
5964,2025-12-11,Thursday,B01,Nairobi CBD,P005,Vitamin C Tablets,Supplement,2,25,50,M-Pesa
5965,2025-12-11,Thursday,B01,Nairobi CBD,P004,Azithromycin 500mg,Antibiotic,3,120,360,M-Pesa
5966,2025-12-11,Thursday,B01,Nairobi CBD,P008,Insulin,Diabetes,1,450,450,Cash
5967,2025-12-11,Thursday,B01,Nairobi CBD,P009,Amlodipine 5mg,Hypertension,3,30,90,M-Pesa
5968,2025-12-11,Thursday,B01,Nairobi CBD,P008,Insulin,Diabetes,3,450,1350,M-Pesa
5969,2025-12-11,Thursday,B01,Nairobi CBD,P003,Amoxicillin 250mg,Antibiotic,3,35,105,M-Pesa
5970,2025-12-11,Thursday,B01,Nairobi CBD,P010,Antacid Tablets,Digestive,3,20,60,M-Pesa
5971,2025-12-11,Thursday,B01,Nairobi CBD,P009,Amlodipine 5mg,Hypertension,1,30,30,Card
5972,2025-12-11,Thursday,B01,Nairobi CBD,P001,Paracetmol,Pain Relief,1,10,10,Cash
5973,2025-12-11,Thursday,B01,Nairobi CBD,P001,Paracetmol,Pain Relief,1,10,10,M-Pesa
5974,2025-12-11,Thursday,B01,Nairobi CBD,P004,Azithromycin 500mg,Antibiotic,3,120,360,M-Pesa
5975,2025-12-11,Thursday,B01,Nairobi CBD,P001,Paracetamol 500mg,Pain Relief,3,10,30,Cash
5976,2025-12-11,Thursday,B01,Nairobi CBD,P001,Paracetamol 500mg,Pain Relief,3,10,30,M-Pesa
5977,2025-12-11,Thursday,B01,Nairobi CBD,P008,Insulin,Diabetes,1,450,450,M-Pesa
5978,2025-12-11,Thursday,B01,Nairobi CBD,P006,Cough Syrup,Cold & Flu,3,90,270,M-Pesa
5979,2025-12-11,Thursday,B01,Nairobi CBD,P005,Vitamin C Tablets,Supplement,2,25,50,M-Pesa
5980,2025-12-11,Thursday,B01,Nairobi CBD,P004,Azithromycin 500mg,Antibiotic,3,120,360,
5981,2025-12-11,Thursday,B01,Nairobi CBD,P004,Azithromycin 500mg,Antibiotic,2,120,240,Insurance
5982,2025-12-11,Thursday,B01,Nairobi CBD,P008,Insulin,Diabetes,3,450,1350,Card
5983,2025-12-11,Thursday,B01,Nairobi CBD,P007,Metformin 500mg,Diabetes,1,40,40,M-Pesa
5984,2025-12-11,Thursday,B01,Nairobi CBD,P005,Vitamin C Tablets,Supplement,3,25,75,M-Pesa
5985,2025-12-11,Thursday,B01,Nairobi CBD,P001,Paracetamol 500mg,Pain Relief,2,10,20,Insurance
5986,2025-12-11,Thursday,B01,Nairobi CBD,P006,Cough Syrup,Cold & Flu,2,90,180,M-Pesa
5987,2025-12-11,Thursday,B01,Nairobi CBD,P007,Metformin 500mg,Diabetes,3,40,120,M pesa
5988,2025-12-11,Thursday,B01,Nairobi CBD,P003,Amoxicillin 250mg,Antibiotic,2,35,70,M-Pesa
5989,2025-12-11,Thursday,B01,Nairobi CBD,P002,Ibuprofen 200mg,Pain Relief,2,15,30,M-Pesa
5990,2025-12-11,Thursday,B01,Nairobi CBD,P007,Metformin 500mg,Diabetes,1,40,40,M-Pesa
5991,2025-12-11,Thursday,B02,,P003,Amoxicillin 250mg,Antibiotic,3,35,105,M-Pesa
5992,2025-12-11,Thursday,B02,Embakasi,P003,Amoxicillin 250mg,Antibiotic,3,35,105,Cash
5993,2025-12-11,Thursday,B02,Embakasi,P002,Ibuprofen 200mg,Pain Relief,3,15,45,M-Pesa
5994,2025-12-11,Thursday,B02,Embakasi,P004,Azithromycin 500mg,Antibiotic,2,120,240,M-Pesa
5995,2025-12-11,Thursday,B02,Embakasi,P007,Metformin 500mg,Diabetes,3,40,131,M-Pesa
5996,2025-12-11,Thursday,B02,,P007,Metformin 500mg,Diabetes,3,40,120,M-Pesa
5997,2025-12-11,Thursday,B02,Embakasi,P003,Amoxicillin 250mg,Antibiotic,1,35,35,Card
5998,2025-12-11,Thursday,B02,Embakasi,P008,Insulin,Diabetes,1,450,450,M-Pesa
5999,2025-12-11,Thursday,B02,Embakasi,P006,Cough Syrup,Cold & Flu,1,90,90,M-Pesa
6000,2025-12-11,Thursday,B02,Embakasi,P002,Ibuprofen 200mg,Pain Relief,2,15,30,M-Pesa
6001,2025-12-11,Thursday,B02,Embakasi,P010,Antacid Tablets,Digestive,3,20,60,M-Pesa
6002,2025-12-11,Thursday,B02,Embakasi,P004,Azithromycin 500mg,Antibiotic,1,120,120,M-Pesa
6003,2025-12-11,Thursday,B02,Embakasi,P002,Ibuprofen 200mg,Pain Relief,1,15,15,M-Pesa
6004,2025-12-11,Thursday,B02,Embakasi,P005,Vitamin C Tablets,Supplement,1,25,25,M-Pesa
6005,2025-12-11,Thursday,B02,Embakasi,P008,Insulin,Diabetes,3,450,1350,M-Pesa
6006,2025-12-11,Thursday,B02,Embakasi,P010,Antacid Tablets,Digestive,3,20,60,Card
6007,2025-12-11,Thursday,B02,Embakasi,P004,Azithromycin 500mg,Antibiotic,3,120,360,M-Pesa
6008,2025-12-11,Thursday,B02,Embakasi,P010,Antacid Tablets,Digestive,2,20,40,Insurance
6009,2025-12-11,Thursday,B02,Embakasi,P007,Metformin 500mg,Diabetes,2,40,80,M-Pesa
6010,2025-12-11,Thursday,B02,Embakasi,P001,Paracetmol,Pain Relief,1,10,10,M-Pesa
6011,2025-12-11,Thursday,B02,Embakasi,P002,Ibuprofen 200mg,Pain Relief,3,15,45,Cash
6012,2025-12-11,Thursday,B02,Embakasi,P008,Insulin,Diabetes,1,450,450,M-Pesa
6013,2025-12-11,Thursday,B02,embakasi,P005,Vitamin C Tablets,Supplement,3,25,75,M-Pesa
6014,2025-12-11,Thursday,B02,Embakasi,P008,Insulin,Diabetes,3,450,1350,Cash
6015,2025-12-11,Thursday,B02,Embakasi,P007,Metformin 500mg,Diabetes,3,40,120,M-Pesa
6016,2025-12-11,Thursday,B02,Embakasi,P008,Insulin,Diabetes,2,450,900,
6017,2025-12-11,Thursday,B02,Embakasi,P006,Cough Syrup,Cold & Flu,2,90,191,Cash
6018,2025-12-11,Thursday,B02,Embakasi,P007,Metformin 500mg,Diabetes,3,40,120,M-Pesa
6019,2025-12-11,Thursday,B02,Embakasi,P009,Amlodipine 5mg,Hypertension,1,30,30,M-Pesa
6020,2025-12-11,Thursday,B02,Embakasi,P003,Amoxicillin 250mg,Antibiotic,3,35,105,Card
6021,2025-12-11,Thursday,B02,Embakasi,P009,Amlodipine 5mg,Hypertension,3,30,90,M-Pesa
6022,2025-12-11,Thursday,B02,Embakasi,P010,Antacid Tablets,Digestive,1,20,20,Cash
6023,2025-12-11,Thursday,B02,Embakasi,P004,Azithromycin 500mg,Antibiotic,3,120,360,M-Pesa
6024,2025-12-12,Friday,B01,Nairobi CBD,P002,Ibuprofen 200mg,Pain Relief,2,15,30,M pesa
6025,2025-12-12,Friday,B01,Nairobi CBD,P004,Azithromycin 500mg,Antibiotic,2,120,240,M-Pesa
6026,2025-12-12,Friday,B01,Nairobi CBD,P003,Amoxicillin 250mg,Antibiotic,1,35,35,Card
6027,2025-12-12,Friday,B01,Nairobi CBD,P009,Amlodipine 5mg,Hypertension,2,30,60,M-Pesa
6028,2025-12-12,Friday,B01,Nairobi CBD,P003,Amoxicillin 250mg,Antibiotic,2,35,70,Card
6029,2025-12-12,Friday,B01,Nairobi CBD,P003,Amoxicillin 250mg,Antibiotic,1,35,35,M-Pesa
6030,2025-12-12,Friday,B01,Nairobi CBD,P001,Paracetamol 500mg,Pain Relief,2,10,20,M-Pesa
6031,2025-12-12,Friday,B01,Nairobi CBD,P008,Insulin,Diabetes,3,450,1350,Card
6032,2025-12-12,Friday,B01,Nairobi CBD,P007,Metformin 500mg,Diabetes,3,40,120, M-Pesa
6033,2025-12-12,Friday,B01,Nairobi CBD,P006,Cough Syrup,Cold & Flu,1,90,90,Cash
6034,2025-12-12,Friday,B01,Nairobi CBD,P008,,Diabetes,2,450,900,M-Pesa
6035,2025-12-12,Friday,B01,Nairobi CBD,P007,Metformin 500mg,Diabetes,3,40,120,M-Pesa
6036,2025-12-12,Friday,B01,Nairobi CBD,P010,Antacid Tablets,Digestive,3,20,60,M-Pesa
6037,2025-12-12,Friday,B01,Nairobi CBD,P010,Antacid Tablets,Digestive,2,20,40,Card
6038,2025-12-12,Friday,B01,Nairobi CBD,P004,Azithromycin 500mg,Antibiotic,2,120,240,Cash
6039,2025-12-12,Friday,B01,Nairobi CBD,P001,Paracetamol 500mg,Pain Relief,3,10,30,Cash
6040,2025-12-12,Friday,B01,Nairobi CBD,P004,,Antibiotic,3,120,360,M-Pesa
6041,2025-12-12,Friday,B01,Nairobi CBD,P010,Antacid Tablets,Digestive,1,20,20,Card
6042,2025-12-12,Friday,B01,Nairobi CBD,P007,Metformin 500mg,Diabetes,1,40,40,M-Pesa
6043,2025-12-12,Friday,B01,Nairobi CBD,P006,Cough Syrup,Cold & Flu,3,90,270,M-Pesa
6044,2025-12-12,Friday,B01,Nairobi CBD,P008,Insulin,Diabetes,1,450,450,M-Pesa
6045,2025-12-12,Friday,B01,Nairobi CBD,P007,Metformin 500mg,Diabetes,3,40,120,M-Pesa
6046,2025-12-12,Friday,B01,Nairobi CBD,P010,,Digestive,3,20,60,M-Pesa
6047,2025-12-12,Friday,B01,,P002,Ibuprofen 200mg,Pain Relief,1,15,15,Cash
6048,2025-12-12,Friday,B01,Nairobi CBD,P008,Insulin,Diabetes,1,450,450,
6049,2025-12-12,Friday,B01,Nairobi CBD,P003,Amoxicillin 250mg,Antibiotic,2,35,70,Cash
6050,2025-12-12,Friday,B01,Nairobi CBD,P008,Insulin,Diabetes,2,450,900,M-Pesa
6051,2025-12-12,Friday,B01,Nairobi CBD,P004,Azithromycin 500mg,Antibiotic,2,120,240,M-Pesa
6052,2025-12-12,Friday,B01,Nairobi CBD,P006,Cough Syrup,Cold & Flu,3,90,270,M pesa
6053,2025-12-12,Friday,B01,Nairobi CBD,P006,Cough Syrup,Cold & Flu,1,90,90,M-Pesa
6054,2025-12-12,Friday,B01,Nairobi CBD,P009,Amlodipine 5mg,Hypertension,3,30,90,M-Pesa
6055,2025-12-12,Friday,B01,Nairobi CBD,P002,Ibuprofen 200mg,Pain Relief,1,15,15,M-Pesa
6056,2025-12-12,Friday,B01,Nairobi CBD,P005,Vitamin C Tablets,Supplement,3,25,75,
6057,2025-12-12,Friday,B01,Nairobi CBD,P008,Insulin,Diabetes,2,450,900,M-Pesa
6058,2025-12-12,Friday,B01,Nairobi CBD,P007,Metformin 500mg,Diabetes,2,40,80, Cash
6059,2025-12-12,Friday,B01,Nairobi CBD,P007,Metformin 500mg,Diabetes,2,40,80,M-Pesa
6060,2025-12-12,Friday,B01,Nairobi CBD,P003,Amoxicillin 250mg,Antibiotic,3,35,105,M-Pesa
6061,2025-12-12,Friday,B01,Nairobi CBD,P003,Amoxicillin 250mg,Antibiotic,1,35,35,M-Pesa
6062,2025-12-12,Friday,B01,Nairobi CBD,P001,Paracetamol 500mg,Pain Relief,1,10,10,M-Pesa
6063,2025-12-12,Friday,B02,Embakasi,P002,Ibuprofen 200mg,Pain Relief,2,15,30,M-Pesa
6064,2025-12-12,Friday,B02,Embakasi,P002,Ibuprofen 200mg,Pain Relief,2,15,30,M-Pesa
6065,2025-12-12,Friday,B02,Embakasi,P008,Insulin,Diabetes,2,450,900,M-Pesa
6066,2025-12-12,Friday,B02,Embakasi,P005,Vitamin C Tablets,Supplement,1,25,25,M-Pesa
6067,2025-12-12,Friday,B02,Embakasi,P008,Insulin,Diabetes,3,450,1350,M-Pesa
6068,2025-12-12,Friday,B02,Embakasi,P009,Amlodipine 5mg,Hypertension,3,30,90,Insurance
6069,2025-12-12,Friday,B02,Embakasi,P008,Insulin,Diabetes,3,450,1350,M-Pesa
6070,2025-12-12,Friday,B02,Embakasi,P003,Amoxicillin 250mg,Antibiotic,3,35,105,M-Pesa
6071,2025-12-12,Friday,B02,Embakasi,P004,Azithromycin 500mg,Antibiotic,2,120,240,M-Pesa
6072,2025-12-12,Friday,B02,Embakasi,P006,Cough Syrup,Cold & Flu,2,90,180,Cash
6073,2025-12-12,Friday,B02,Embakasi,P004,Azithromycin 500mg,Antibiotic,2,120,240,M-Pesa
6074,2025-12-12,Friday,B02,Embakasi,P005,Vitamin C Tablets,Supplement,3,25,75,M-Pesa
6075,2025-12-12,Friday,B02,Embakasi,P010,Antacid Tablets,Digestive,2,20,40,M pesa
6076,2025-12-12,Friday,B02,Embakasi,P003,Amoxicillin 250mg,Antibiotic,2,35,70,Cash
6077,2025-12-12,Friday,B02,Embakasi,P006,Cough Syrup,Cold & Flu,1,90,90,Insurance
6078,2025-12-12,Friday,B02,Embakasi,P002,Ibuprofen 200mg,Pain Relief,1,15,15,Card
6079,2025-12-12,Friday,B02,Embakasi,P005,Vitamin C Tablets,Supplement,2,25,50,M-Pesa
6080,2025-12-12,Friday,B02,Embakasi,P001,Paracetamol 500mg,Pain Relief,1,10,10,M-Pesa
6081,2025-12-12,Friday,B02,Embakasi,P002,Ibuprofen 200mg,Pain Relief,1,15,15,M-Pesa
6082,2025-12-12,Friday,B02,Embakasi,P004,Azithromycin 500mg,Antibiotic,2,120,240,M-Pesa
6083,2025-12-12,Friday,B02,Embakasi,P005,Vitamin C Tablets,Supplement,2,25,50,Cash
6084,2025-12-12,Friday,B02,Embakasi,P009,Amlodipine 5mg,Hypertension,2,30,60,Cash
6085,2025-12-12,Friday,B02,Embakasi,P010,Antacid Tablets,Digestive,2,20,40,M-Pesa
6086,2025-12-12,Friday,B02,embakasi,P007,Metformin 500mg,Diabetes,3,40,120,Insurance
6087,2025-12-12,Friday,B02,embakasi,P002,Ibuprofen 200mg,Pain Relief,3,15,45,Cash
6088,2025-12-12,Friday,B02,Embakasi,P008,Insulin,Diabetes,2,450,900,M-Pesa
6089,2025-12-12,Friday,B02,Embakasi,P005,Vitamin C Tablets,Supplement,1,25,25,Cash
6090,2025-12-12,Friday,B02,Embakasi,P003,Amoxicillin 250mg,Antibiotic,2,35,70,Card
6091,2025-12-12,Friday,B02,Embakasi,P005,Vitamin C Tablets,Supplement,2,25,50,M-Pesa
6092,2025-12-12,Friday,B02,Embakasi,P007,Metformin 500mg,Diabetes,1,40,40,Insurance
6093,2025-12-12,Friday,B02,Embakasi,P001,Paracetamol 500mg,Pain Relief,3,10,30,M-Pesa
6094,2025-12-12,Friday,B02,Embakasi,P002,Ibuprofen 200mg,Pain Relief,2,15,30,Cash
6095,2025-12-12,Friday,B02,Embakasi,P001,Paracetamol 500mg,Pain Relief,2,10,20,M-Pesa
6096,2025-12-12,Friday,B02,Embakasi,P003,Amoxicillin 250mg,Antibiotic,3,35,105,Card
6097,2025-12-12,Friday,B02,Embakasi,P006,Cough Syrup,Cold & Flu,3,90,270,Cash
6098,2025-12-13,Saturday,B01,Nairobi CBD,P006,Cough Syrup,Cold & Flu,3,90,281,Insurance
6099,2025-12-13,Saturday,B01,Nairobi CBD,P006,Cough Syrup,Cold & Flu,3,90,270,M-Pesa
6100,2025-12-13,Saturday,B01,Nairobi CBD,P010,Antacid Tablets,Digestive,3,20,60,M-Pesa
6101,2025-12-13,Saturday,B01,Nairobi CBD,P010,Antacid Tablets,Digestive,1,20,20,Cash
6102,2025-12-13,Saturday,B01,Nairobi CBD,P009,Amlodipine 5mg,Hypertension,3,30,101,M-Pesa
6103,2025-12-13,Saturday,B01,Nairobi CBD,P010,,Digestive,3,20,60,M-Pesa
6104,2025-12-13,Saturday,B01,Nairobi CBD,P009,,Hypertension,1,30,30,Cash
6105,2025-12-13,Saturday,B01,Nairobi CBD,P009,Amlodipine 5mg,Hypertension,3,30,101,M-Pesa
6106,2025-12-13,Saturday,B01,Nairobi CBD,P007,Metformin 500mg,Diabetes,3,40,120,M-Pesa
6107,2025-12-13,Saturday,B01,Nairobi CBD,P006,,Cold & Flu,1,90,90,M-Pesa
6108,2025-12-13,Saturday,B01,Nairobi CBD,P002,Ibuprofen 200mg,Pain Relief,2,15,30,Cash
6109,2025-12-13,Saturday,B01,Nairobi CBD,P006,Cough Syrup,Cold & Flu,1,90,90,Card
6110,2025-12-13,Saturday,B01,Nairobi CBD,P006,Cough Syrup,Cold & Flu,3,90,270,M-Pesa
6111,2025-12-13,Saturday,B01,Nairobi CBD,P008,Insulin,Diabetes,3,450,1350,Cash
6112,2025-12-13,Saturday,B01,Nairobi CBD,P002,Ibuprofen 200mg,Pain Relief,3,15,45,Card
6113,2025-12-13,Saturday,B01,Nairobi CBD,P003,Amoxicillin 250mg,Antibiotic,1,35,35,
6114,2025-12-13,Saturday,B01,Nairobi CBD,P005,Vitamin C Tablets,Supplement,3,25,75,Insurance
6115,2025-12-13,Saturday,B01,Nairobi CBD,P002,Ibuprofen 200mg,Pain Relief,3,15,45,M-Pesa
6116,2025-12-13,Saturday,B01,Nairobi CBD,P002,,Pain Relief,1,15,15,M-Pesa
6117,2025-12-13,Saturday,B01,Nairobi CBD,P009,Amlodipine 5mg,Hypertension,2,30,60,Cash
6118,2025-12-13,Saturday,B01,Nairobi CBD,P009,Amlodipine 5mg,Hypertension,2,30,60,M-Pesa
6119,2025-12-13,Saturday,B01,Nairobi CBD,P002,Ibuprofen 200mg,Pain Relief,3,15,45,Cash
6120,2025-12-13,Saturday,B01,Nairobi CBD,P002,Ibuprofen 200mg,Pain Relief,1,15,15,M-Pesa
6121,2025-12-13,Saturday,B01,Nairobi CBD,P003,Amoxicillin 250mg,Antibiotic,3,35,105,M-Pesa
6122,2025-12-13,Saturday,B01,Nairobi CBD,P001,Paracetmol,Pain Relief,1,10,10,Cash
6123,2025-12-13,Saturday,B01,Nairobi CBD,P002,Ibuprofen 200mg,Pain Relief,1,15,15,M-Pesa
6124,2025-12-13,Saturday,B01,Nairobi CBD,P004,Azithromycin 500mg,Antibiotic,2,120,240,Card
6125,2025-12-13,Saturday,B01,Nairobi CBD,P003,Amoxicillin 250mg,Antibiotic,2,35,81,Card
6126,2025-12-13,Saturday,B01,Nairobi CBD,P009,Amlodipine 5mg,Hypertension,1,30,30,Cash
6127,2025-12-13,Saturday,B01,Nairobi CBD,P005,,Supplement,3,25,75,Cash
6128,2025-12-13,Saturday,B01,Nairobi CBD,P002,Ibuprofen 200mg,Pain Relief,2,15,30,M-Pesa
6129,2025-12-13,Saturday,B01,Nairobi CBD,P001,Paracetamol 500mg,Pain Relief,3,10,30,Cash
6130,2025-12-13,Saturday,B01,Nairobi CBD,P005,Vitamin C Tablets,Supplement,2,25,50,M-Pesa
6131,2025-12-13,Saturday,B01,Nairobi CBD,P002,Ibuprofen 200mg,Pain Relief,2,15,30,M-Pesa
6132,2025-12-13,Saturday,B01,Nairobi CBD,P002,Ibuprofen 200mg,Pain Relief,3,15,45,M-Pesa
6133,2025-12-13,Saturday,B01,Nairobi CBD,P005,Vitamin C Tablets,Supplement,2,25,50,M-Pesa
6134,2025-12-13,Saturday,B01,Nairobi CBD,P003,Amoxicillin 250mg,Antibiotic,2,35,70,M-Pesa
6135,2025-12-13,Saturday,B01,Nairobi CBD,P002,Ibuprofen 200mg,Pain Relief,3,15,45,M-Pesa
6136,2025-12-13,Saturday,B01,Nairobi CBD,P009,Amlodipine 5mg,Hypertension,2,30,60,M-Pesa
6137,2025-12-13,Saturday,B02,Embakasi,P002,Ibuprofen 200mg,Pain Relief,2,15,30,M-Pesa
6138,2025-12-13,Saturday,B02,Embakasi,P007,Metformin 500mg,Diabetes,3,40,120,M-Pesa
6139,2025-12-13,Saturday,B02,Embakasi,P002,,Pain Relief,1,15,15,M-Pesa
6140,2025-12-13,Saturday,B02,Embakasi,P003,Amoxicillin 250mg,Antibiotic,3,35,105,Cash
6141,2025-12-13,Saturday,B02,Embakasi,P003,Amoxicillin 250mg,Antibiotic,1,35,35,Cash
6142,2025-12-13,Saturday,B02,Embakasi,P005,Vitamin C Tablets,Supplement,2,25,50,M pesa
6143,2025-12-13,Saturday,B02,Embakasi,P003,Amoxicillin 250mg,Antibiotic,1,35,35,Cash
6144,2025-12-13,Saturday,B02,Embakasi,P005,Vitamin C Tablets,Supplement,3,25,75,
6145,2025-12-13,Saturday,B02,Embakasi,P006,Cough Syrup,Cold & Flu,3,90,270,M-Pesa
6146,2025-12-13,Saturday,B02,,P005,Vitamin C Tablets,Supplement,2,25,50,M-Pesa
6147,2025-12-13,Saturday,B02,Embakasi,P010,Antacid Tablets,Digestive,1,20,20,M-Pesa
6148,2025-12-13,Saturday,B02,Embakasi,P001,,Pain Relief,2,10,20,Card
6149,2025-12-13,Saturday,B02,Embakasi,P008,Insulin,Diabetes,2,450,900,M-Pesa
6150,2025-12-13,Saturday,B02,Embakasi,P007,Metformin 500mg,Diabetes,3,40,120,M-Pesa
6151,2025-12-13,Saturday,B02,Embakasi,P005,Vitamin C Tablets,Supplement,1,25,25,Cash
6152,2025-12-13,Saturday,B02,Embakasi,P001,Paracetamol 500mg,Pain Relief,1,10,10,M-Pesa
6153,2025-12-13,Saturday,B02,,P001,Paracetamol 500mg,Pain Relief,1,10,10,
6154,2025-12-13,Saturday,B02,Embakasi,P009,Amlodipine 5mg,Hypertension,1,30,30,M-Pesa
6155,2025-12-13,Saturday,B02,Embakasi,P002,Ibuprofen 200mg,Pain Relief,2,15,30,M-Pesa
6156,2025-12-13,Saturday,B02,Embakasi,P004,Azithromycin 500mg,Antibiotic,2,120,240, Cash
6157,2025-12-13,Saturday,B02,Embakasi,P007,Metformin 500mg,Diabetes,3,40,120,M-Pesa
6158,2025-12-13,Saturday,B02,Embakasi,P008,Insulin,Diabetes,2,450,900,M-Pesa
6159,2025-12-13,Saturday,B02,Embakasi,P008,Insulin,Diabetes,2,450,900,M-Pesa
6160,2025-12-13,Saturday,B02,Embakasi,P004,Azithromycin 500mg,Antibiotic,3,120,360,M-Pesa
6161,2025-12-13,Saturday,B02,Embakasi,P003,Amoxicillin 250mg,Antibiotic,3,35,105,Card
6162,2025-12-13,Saturday,B02,embakasi,P003,Amoxicillin 250mg,Antibiotic,3,35,105,M-Pesa
6163,2025-12-13,Saturday,B02,Embakasi,P009,Amlodipine 5mg,Hypertension,2,30,60,Cash
6164,2025-12-13,Saturday,B02,Embakasi,P004,Azithromycin 500mg,Antibiotic,2,120,240,M-Pesa
6165,2025-12-13,Saturday,B02,Embakasi,P008,Insulin,Diabetes,3,450,1350,Cash
6166,2025-12-13,Saturday,B02,Embakasi,P004,Azithromycin 500mg,Antibiotic,3,120,360, M-Pesa
6167,2025-12-13,Saturday,B02,Embakasi,P001,Paracetamol 500mg,Pain Relief,3,10,30,Insurance
6168,2025-12-13,Saturday,B02,Embakasi,P003,Amoxicillin 250mg,Antibiotic,2,35,70,M-Pesa
6169,2025-12-13,Saturday,B02,Embakasi,P001,Paracetamol 500mg,Pain Relief,2,10,20,Cash
6170,2025-12-13,Saturday,B02,,P002,Ibuprofen 200mg,Pain Relief,1,15,15,Cash
6171,2025-12-13,Saturday,B02,,P010,,Digestive,2,20,40,M-Pesa
6172,2025-12-14,Sunday,B01,Nairobi CBD,P007,Metformin 500mg,Diabetes,2,40,80,
6173,2025-12-14,Sunday,B01,Nairobi CBD,P006,Cough Syrup,Cold & Flu,3,90,270,Card
6174,2025-12-14,Sunday,B01,Nairobi CBD,P007,Metformin 500mg,Diabetes,2,40,80,M-Pesa
6175,2025-12-14,Sunday,B01,Nairobi CBD,P007,Metformin 500mg,Diabetes,3,40,120,Insurance
6176,2025-12-14,Sunday,B01,Nairobi CBD,P001,Paracetamol 500mg,Pain Relief,1,10,10,M-Pesa
6177,2025-12-14,Sunday,B01,Nairobi CBD,P005,Vitamin C Tablets,Supplement,1,25,25,M-Pesa
6178,2025-12-14,Sunday,B01,Nairobi CBD,P004,Azithromycin 500mg,Antibiotic,3,120,360,M-Pesa
6179,2025-12-14,Sunday,B01,Nairobi CBD,P002,Ibuprofen 200mg,Pain Relief,3,15,45, M-Pesa
6180,2025-12-14,Sunday,B01,Nairobi CBD,P009,Amlodipine 5mg,Hypertension,3,30,90,M-Pesa
6181,2025-12-14,Sunday,B01,Nairobi CBD,P009,Amlodipine 5mg,Hypertension,2,30,60,Insurance
6182,2025-12-14,Sunday,B01,,P004,Azithromycin 500mg,Antibiotic,1,120,120,M-Pesa
6183,2025-12-14,Sunday,B01,Nairobi CBD,P010,Antacid Tablets,Digestive,3,20,60,M-Pesa
6184,2025-12-14,Sunday,B01,Nairobi CBD,P001,Paracetamol 500mg,Pain Relief,2,10,20,M-Pesa
6185,2025-12-14,Sunday,B01,Nairobi CBD,P005,Vitamin C Tablets,Supplement,1,25,25,M-Pesa
6186,2025-12-14,Sunday,B01,Nairobi CBD,P004,Azithromycin 500mg,Antibiotic,2,120,240,M-Pesa
6187,2025-12-14,Sunday,B01,Nairobi CBD,P004,Azithromycin 500mg,Antibiotic,1,120,120,M-Pesa
6188,2025-12-14,Sunday,B01,Nairobi CBD,P001,Paracetamol 500mg,Pain Relief,2,10,20,M-Pesa
6189,2025-12-14,Sunday,B01,Nairobi CBD,P006,Cough Syrup,Cold & Flu,1,90,90,Cash
6190,2025-12-14,Sunday,B01,Nairobi CBD,P008,Insulin,Diabetes,1,450,450,Card
6191,2025-12-14,Sunday,B01,Nairobi CBD,P009,Amlodipine 5mg,Hypertension,2,30,60,M-Pesa
6192,2025-12-14,Sunday,B01,Nairobi CBD,P008,Insulin,Diabetes,3,450,1350,Cash
6193,2025-12-14,Sunday,B01,Nairobi CBD,P001,Paracetamol 500mg,Pain Relief,1,10,10,M-Pesa
6194,2025-12-14,Sunday,B01,Nairobi CBD,P006,Cough Syrup,Cold & Flu,3,90,270,Cash
6195,2025-12-14,Sunday,B01,Nairobi CBD,P002,Ibuprofen 200mg,Pain Relief,2,15,30,
6196,2025-12-14,Sunday,B01,Nairobi CBD,P009,Amlodipine 5mg,Hypertension,3,30,90,Cash
6197,2025-12-14,Sunday,B01,Nairobi CBD,P002,Ibuprofen 200mg,Pain Relief,3,15,45,Cash
6198,2025-12-14,Sunday,B01,Nairobi CBD,P002,Ibuprofen 200mg,Pain Relief,3,15,45,M-Pesa
6199,2025-12-14,Sunday,B01,Nairobi CBD,P001,,Pain Relief,3,10,30,M pesa
6200,2025-12-14,Sunday,B01,,P007,Metformin 500mg,Diabetes,3,40,120,Card
6201,2025-12-14,Sunday,B01,Nairobi CBD,P010,Antacid Tablets,Digestive,1,20,20,M-Pesa
6202,2025-12-14,Sunday,B01,Nairobi CBD,P002,Ibuprofen 200mg,Pain Relief,1,15,15,
6203,2025-12-14,Sunday,B01,,P003,Amoxicillin 250mg,Antibiotic,1,35,35,Card
6204,2025-12-14,Sunday,B01,Nairobi CBD,P005,,Supplement,2,25,50,Insurance
6205,2025-12-14,Sunday,B01,Nairobi CBD,P002,Ibuprofen 200mg,Pain Relief,3,15,45,Card
6206,2025-12-14,Sunday,B01,Nairobi CBD,P005,Vitamin C Tablets,Supplement,1,25,25,Card
6207,2025-12-14,Sunday,B01,Nairobi CBD,P001,Paracetamol 500mg,Pain Relief,2,10,20,M-Pesa
6208,2025-12-14,Sunday,B02,Embakasi,P002,Ibuprofen 200mg,Pain Relief,1,15,15,Cash
6209,2025-12-14,Sunday,B02,Embakasi,P009,Amlodipine 5mg,Hypertension,3,30,90,M-Pesa
6210,2025-12-14,Sunday,B02,Embakasi,P005,Vitamin C Tablets,Supplement,2,25,50,M-Pesa
6211,2025-12-14,Sunday,B02,Embakasi,P007,,Diabetes,3,40,120,Cash
6212,2025-12-14,Sunday,B02,Embakasi,P008,Insulin,Diabetes,3,450,1350,Insurance
6213,2025-12-14,Sunday,B02,Embakasi,P008,Insulin,Diabetes,1,450,450,M pesa
6214,2025-12-14,Sunday,B02,Embakasi,P003,Amoxicillin 250mg,Antibiotic,3,35,105,M-Pesa
6215,2025-12-14,Sunday,B02,Embakasi,P005,Vitamin C Tablets,Supplement,2,25,50,M-Pesa
6216,2025-12-14,Sunday,B02,Embakasi,P009,Amlodipine 5mg,Hypertension,3,30,90,Card
6217,2025-12-14,Sunday,B02,Embakasi,P008,Insulin,Diabetes,3,450,1361,
6218,2025-12-14,Sunday,B02,,P003,Amoxicillin 250mg,Antibiotic,3,35,105,M-Pesa
6219,2025-12-14,Sunday,B02,,P001,Paracetamol 500mg,Pain Relief,1,10,10,M-Pesa
6220,2025-12-14,Sunday,B02,Embakasi,P010,Antacid Tablets,Digestive,2,20,40,Card
6221,2025-12-14,Sunday,B02,Embakasi,P004,Azithromycin 500mg,Antibiotic,1,120,120,M-Pesa
6222,2025-12-14,Sunday,B02,Embakasi,P009,Amlodipine 5mg,Hypertension,1,30,41,Insurance
6223,2025-12-14,Sunday,B02,Embakasi,P002,Ibuprofen 200mg,Pain Relief,1,15,15,
6224,2025-12-14,Sunday,B02,Embakasi,P006,Cough Syrup,Cold & Flu,1,90,90,Cash
6225,2025-12-14,Sunday,B02,Embakasi,P003,Amoxicillin 250mg,Antibiotic,1,35,35,M-Pesa
6226,2025-12-14,Sunday,B02,Embakasi,P002,Ibuprofen 200mg,Pain Relief,2,15,30,Cash
6227,2025-12-14,Sunday,B02,Embakasi,P005,Vitamin C Tablets,Supplement,3,25,75,M-Pesa
6228,2025-12-14,Sunday,B02,Embakasi,P002,Ibuprofen 200mg,Pain Relief,1,15,15,M-Pesa
6229,2025-12-14,Sunday,B02,Embakasi,P006,Cough Syrup,Cold & Flu,1,90,90,M pesa
6230,2025-12-14,Sunday,B02,Embakasi,P008,Insulin,Diabetes,2,450,900,Cash
6231,2025-12-14,Sunday,B02,Embakasi,P004,Azithromycin 500mg,Antibiotic,2,120,240,
6232,2025-12-14,Sunday,B02,Embakasi,P002,Ibuprofen 200mg,Pain Relief,3,15,45,M-Pesa
6233,2025-12-14,Sunday,B02,Embakasi,P010,Antacid Tablets,Digestive,2,20,40,
6234,2025-12-14,Sunday,B02,Embakasi,P006,Cough Syrup,Cold & Flu,3,90,270,M-Pesa
6235,2025-12-14,Sunday,B02,Embakasi,P006,Cough Syrup,Cold & Flu,1,90,90,M-Pesa
6236,2025-12-14,Sunday,B02,Embakasi,P008,Insulin,Diabetes,1,450,450,Cash
6237,2025-12-14,Sunday,B02,Embakasi,P001,Paracetamol 500mg,Pain Relief,3,10,30,M-Pesa
6238,2025-12-14,Sunday,B02,Embakasi,P008,,Diabetes,2,450,900,Cash
6239,2025-12-14,Sunday,B02,Embakasi,P009,,Hypertension,3,30,90,M-Pesa
6240,2025-12-14,Sunday,B02,Embakasi,P007,Metformin 500mg,Diabetes,2,40,80,M-Pesa
6241,2025-12-14,Sunday,B02,Embakasi,P001,Paracetamol 500mg,Pain Relief,1,10,10,M-Pesa
6242,2025-12-15,Monday,B01,Nairobi CBD,P003,Amoxicillin 250mg,Antibiotic,3,35,105,Insurance
6243,2025-12-15,Monday,B01,Nairobi CBD,P009,Amlodipine 5mg,Hypertension,3,30,90,
6244,2025-12-15,Monday,B01,Nairobi CBD,P007,Metformin 500mg,Diabetes,1,40,40,Cash
6245,2025-12-15,Monday,B01,Nairobi CBD,P009,Amlodipine 5mg,Hypertension,2,30,60,Cash
6246,2025-12-15,Monday,B01,Nairobi CBD,P009,Amlodipine 5mg,Hypertension,2,30,60,Cash
6247,2025-12-15,Monday,B01,Nairobi CBD,P009,,Hypertension,2,30,60,M-Pesa
6248,2025-12-15,Monday,B01,Nairobi CBD,P010,Antacid Tablets,Digestive,1,20,20,M-Pesa
6249,2025-12-15,Monday,B01,Nairobi CBD,P004,Azithromycin 500mg,Antibiotic,2,120,240,Cash
6250,2025-12-15,Monday,B01,Nairobi CBD,P005,Vitamin C Tablets,Supplement,3,25,75,M-Pesa
6251,2025-12-15,Monday,B01,Nairobi CBD,P009,Amlodipine 5mg,Hypertension,2,30,60,M-Pesa
6252,2025-12-15,Monday,B01,Nairobi CBD,P005,,Supplement,1,25,25,M-Pesa
6253,2025-12-15,Monday,B01,Nairobi CBD,P005,Vitamin C Tablets,Supplement,2,25,50,
6254,2025-12-15,Monday,B01,Nairobi CBD,P006,Cough Syrup,Cold & Flu,2,90,180,Cash
6255,2025-12-15,Monday,B01,Nairobi CBD,P007,Metformin 500mg,Diabetes,3,40,120,Cash
6256,2025-12-15,Monday,B01,Nairobi CBD,P001,Paracetamol 500mg,Pain Relief,2,10,20,Insurance
6257,2025-12-15,Monday,B01,Nairobi CBD,P004,Azithromycin 500mg,Antibiotic,3,120,371,Cash
6258,2025-12-15,Monday,B01,Nairobi CBD,P009,Amlodipine 5mg,Hypertension,3,30,90,M-Pesa
6259,2025-12-15,Monday,B01,Nairobi CBD,P004,Azithromycin 500mg,Antibiotic,1,120,120,M-Pesa
6260,2025-12-15,Monday,B01,Nairobi CBD,P003,Amoxicillin 250mg,Antibiotic,3,35,105,Cash
6261,2025-12-15,Monday,B01,Nairobi CBD,P003,Amoxicillin 250mg,Antibiotic,3,35,105,Cash
6262,2025-12-15,Monday,B01,Nairobi CBD,P005,Vitamin C Tablets,Supplement,1,25,25,M-Pesa
6263,2025-12-15,Monday,B01,Nairobi CBD,P004,Azithromycin 500mg,Antibiotic,3,120,360,Cash
6264,2025-12-15,Monday,B01,Nairobi CBD,P010,Antacid Tablets,Digestive,1,20,20,Cash
6265,2025-12-15,Monday,B01,Nairobi CBD,P002,Ibuprofen 200mg,Pain Relief,2,15,30,M-Pesa
6266,2025-12-15,Monday,B01,Nairobi CBD,P002,Ibuprofen 200mg,Pain Relief,1,15,15,M-Pesa
6267,2025-12-15,Monday,B01,Nairobi CBD,P007,Metformin 500mg,Diabetes,3,40,120,M-Pesa
6268,2025-12-15,Monday,B01,Nairobi CBD,P005,Vitamin C Tablets,Supplement,1,25,25,M-Pesa
6269,2025-12-15,Monday,B01,Nairobi CBD,P009,Amlodipine 5mg,Hypertension,3,30,90,M-Pesa
6270,2025-12-15,Monday,B01,Nairobi CBD,P010,Antacid Tablets,Digestive,2,20,40,M-Pesa
6271,2025-12-15,Monday,B01,Nairobi CBD,P004,Azithromycin 500mg,Antibiotic,1,120,120,Card
6272,2025-12-15,Monday,B01,Nairobi CBD,P002,Ibuprofen 200mg,Pain Relief,2,15,30,Card
6273,2025-12-15,Monday,B01,Nairobi CBD,P009,Amlodipine 5mg,Hypertension,3,30,90,M-Pesa
6274,2025-12-15,Monday,B01,Nairobi CBD,P003,Amoxicillin 250mg,Antibiotic,3,35,116,M-Pesa
6275,2025-12-15,Monday,B01,Nairobi CBD,P008,Insulin,Diabetes,2,450,900,M-Pesa
6276,2025-12-15,Monday,B01,Nairobi CBD,P009,Amlodipine 5mg,Hypertension,1,30,30,M-Pesa
6277,2025-12-15,Monday,B01,,P005,Vitamin C Tablets,Supplement,1,25,25,M-Pesa
6278,2025-12-15,Monday,B01,Nairobi CBD,P008,Insulin,Diabetes,3,450,1350,
6279,2025-12-15,Monday,B01,Nairobi CBD,P001,Paracetamol 500mg,Pain Relief,2,10,20,M-Pesa
6280,2025-12-15,Monday,B01,Nairobi CBD,P007,Metformin 500mg,Diabetes,2,40,80,M-Pesa
6281,2025-12-15,Monday,B01,Nairobi CBD,P008,Insulin,Diabetes,1,450,450,M-Pesa
6282,2025-12-15,Monday,B02,Embakasi,P003,Amoxicillin 250mg,Antibiotic,1,35,35,M-Pesa
6283,2025-12-15,Monday,B02,Embakasi,P005,Vitamin C Tablets,Supplement,1,25,25,M-Pesa
6284,2025-12-15,Monday,B02,Embakasi,P008,Insulin,Diabetes,2,450,900,M-Pesa
6285,2025-12-15,Monday,B02,Embakasi,P002,Ibuprofen 200mg,Pain Relief,1,15,15,M-Pesa
6286,2025-12-15,Monday,B02,,P003,Amoxicillin 250mg,Antibiotic,1,35,35,M-Pesa
6287,2025-12-15,Monday,B02,Embakasi,P005,Vitamin C Tablets,Supplement,3,25,75,M-Pesa
6288,2025-12-15,Monday,B02,Embakasi,P003,Amoxicillin 250mg,Antibiotic,1,35,35,M-Pesa
6289,2025-12-15,Monday,B02,,P010,Antacid Tablets,Digestive,1,20,20,M-Pesa
6290,2025-12-15,Monday,B02,Embakasi,P001,Paracetamol 500mg,Pain Relief,2,10,20,M pesa
6291,2025-12-15,Monday,B02,Embakasi,P001,Paracetamol 500mg,Pain Relief,2,10,20,M-Pesa
6292,2025-12-15,Monday,B02,Embakasi,P007,Metformin 500mg,Diabetes,3,40,120,Card
6293,2025-12-15,Monday,B02,Embakasi,P007,Metformin 500mg,Diabetes,1,40,40,M-Pesa
6294,2025-12-15,Monday,B02,embakasi,P008,Insulin,Diabetes,3,450,1350,Cash
6295,2025-12-15,Monday,B02,Embakasi,P006,Cough Syrup,Cold & Flu,2,90,180,Cash
6296,2025-12-15,Monday,B02,Embakasi,P009,Amlodipine 5mg,Hypertension,3,30,90,M-Pesa
6297,2025-12-15,Monday,B02,Embakasi,P005,Vitamin C Tablets,Supplement,2,25,50,M-Pesa
6298,2025-12-15,Monday,B02,Embakasi,P004,Azithromycin 500mg,Antibiotic,3,120,360,M-Pesa
6299,2025-12-15,Monday,B02,Embakasi,P009,Amlodipine 5mg,Hypertension,3,30,90,Cash
6300,2025-12-15,Monday,B02,Embakasi,P007,Metformin 500mg,Diabetes,1,40,40,Card
6301,2025-12-15,Monday,B02,Embakasi,P006,Cough Syrup,Cold & Flu,3,90,270,M-Pesa
6302,2025-12-15,Monday,B02,Embakasi,P010,Antacid Tablets,Digestive,1,20,20,M-Pesa
6303,2025-12-15,Monday,B02,Embakasi,P002,Ibuprofen 200mg,Pain Relief,1,15,15,M-Pesa
6304,2025-12-15,Monday,B02,Embakasi,P006,Cough Syrup,Cold & Flu,1,90,90,M-Pesa
6305,2025-12-15,Monday,B02,Embakasi,P005,Vitamin C Tablets,Supplement,1,25,25,M-Pesa
6306,2025-12-15,Monday,B02,Embakasi,P006,Cough Syrup,Cold & Flu,3,90,270,M-Pesa
6307,2025-12-15,Monday,B02,Embakasi,P009,Amlodipine 5mg,Hypertension,2,30,60,M-Pesa
6308,2025-12-15,Monday,B02,Embakasi,P001,Paracetamol 500mg,Pain Relief,2,10,20, Card
6309,2025-12-15,Monday,B02,Embakasi,P009,Amlodipine 5mg,Hypertension,2,30,71,M-Pesa
6310,2025-12-15,Monday,B02,Embakasi,P009,Amlodipine 5mg,Hypertension,3,30,90,Cash
6311,2025-12-15,Monday,B02,Embakasi,P008,,Diabetes,1,450,450,M pesa
6312,2025-12-15,Monday,B02,Embakasi,P006,Cough Syrup,Cold & Flu,2,90,180,Card
6313,2025-12-15,Monday,B02,Embakasi,P008,Insulin,Diabetes,3,450,1350,Cash
6314,2025-12-15,Monday,B02,Embakasi,P005,Vitamin C Tablets,Supplement,1,25,25,M-Pesa
6315,2025-12-16,Tuesday,B01,,P010,Antacid Tablets,Digestive,1,20,20,M-Pesa
6316,2025-12-16,Tuesday,B01,Nairobi CBD,P009,Amlodipine 5mg,Hypertension,2,30,60,Card
6317,2025-12-16,Tuesday,B01,Nairobi CBD,P004,Azithromycin 500mg,Antibiotic,2,120,240,M-Pesa
6318,2025-12-16,Tuesday,B01,Nairobi CBD,P005,Vitamin C Tablets,Supplement,2,25,50,M-Pesa
6319,2025-12-16,Tuesday,B01,Nairobi CBD,P007,Metformin 500mg,Diabetes,1,40,40,M-Pesa
6320,2025-12-16,Tuesday,B01,Nairobi CBD,P008,Insulin,Diabetes,3,450,1350,M-Pesa
6321,2025-12-16,Tuesday,B01,Nairobi CBD,P004,Azithromycin 500mg,Antibiotic,1,120,120,M pesa
6322,2025-12-16,Tuesday,B01,Nairobi CBD,P005,Vitamin C Tablets,Supplement,2,25,50,M-Pesa
6323,2025-12-16,Tuesday,B01,Nairobi CBD,P009,,Hypertension,1,30,30,Card
6324,2025-12-16,Tuesday,B01,Nairobi CBD,P009,Amlodipine 5mg,Hypertension,3,30,90,M-Pesa
6325,2025-12-16,Tuesday,B01,Nairobi CBD,P009,Amlodipine 5mg,Hypertension,1,30,30,M-Pesa
6326,2025-12-16,Tuesday,B01,Nairobi CBD,P006,Cough Syrup,Cold & Flu,3,90,270,M-Pesa
6327,2025-12-16,Tuesday,B01,Nairobi CBD,P001,Paracetamol 500mg,Pain Relief,3,10,30,M-Pesa
6328,2025-12-16,Tuesday,B01,Nairobi CBD,P008,Insulin,Diabetes,1,450,450,Card
6329,2025-12-16,Tuesday,B01,Nairobi CBD,P007,Metformin 500mg,Diabetes,2,40,80,M-Pesa
6330,2025-12-16,Tuesday,B01,Nairobi CBD,P007,Metformin 500mg,Diabetes,3,40,120,
6331,2025-12-16,Tuesday,B01,Nairobi CBD,P010,Antacid Tablets,Digestive,1,20,20,M-Pesa
6332,2025-12-16,Tuesday,B01,Nairobi CBD,P010,Antacid Tablets,Digestive,3,20,60,M pesa
6333,2025-12-16,Tuesday,B01,Nairobi CBD,P004,Azithromycin 500mg,Antibiotic,2,120,240,Card
6334,2025-12-16,Tuesday,B01,Nairobi CBD,P004,Azithromycin 500mg,Antibiotic,1,120,120,M-Pesa
6335,2025-12-16,Tuesday,B01,Nairobi CBD,P009,Amlodipine 5mg,Hypertension,1,30,30,M-Pesa
6336,2025-12-16,Tuesday,B01,Nairobi CBD,P003,Amoxicillin 250mg,Antibiotic,1,35,35,M-Pesa
6337,2025-12-16,Tuesday,B01,Nairobi CBD,P005,Vitamin C Tablets,Supplement,2,25,50,M-Pesa
6338,2025-12-16,Tuesday,B01,Nairobi CBD,P007,Metformin 500mg,Diabetes,3,40,120,Cash
6339,2025-12-16,Tuesday,B01,Nairobi CBD,P007,Metformin 500mg,Diabetes,1,40,40,Cash
6340,2025-12-16,Tuesday,B01,Nairobi CBD,P008,Insulin,Diabetes,3,450,1350,
6341,2025-12-16,Tuesday,B01,Nairobi CBD,P005,Vitamin C Tablets,Supplement,3,25,75,M-Pesa
6342,2025-12-16,Tuesday,B01,Nairobi CBD,P005,Vitamin C Tablets,Supplement,2,25,50,M-Pesa
6343,2025-12-16,Tuesday,B01,Nairobi CBD,P008,,Diabetes,1,450,450,Insurance
6344,2025-12-16,Tuesday,B01,,P003,Amoxicillin 250mg,Antibiotic,3,35,105,
6345,2025-12-16,Tuesday,B01,Nairobi CBD,P007,Metformin 500mg,Diabetes,1,40,40,Cash
6346,2025-12-16,Tuesday,B01,Nairobi CBD,P005,Vitamin C Tablets,Supplement,1,25,25,M-Pesa
6347,2025-12-16,Tuesday,B01,Nairobi CBD,P005,Vitamin C Tablets,Supplement,2,25,50,Cash
6348,2025-12-16,Tuesday,B01,Nairobi CBD,P002,Ibuprofen 200mg,Pain Relief,1,15,15,M-Pesa
6349,2025-12-16,Tuesday,B01,Nairobi CBD,P007,Metformin 500mg,Diabetes,1,40,40,M-Pesa
6350,2025-12-16,Tuesday,B01,Nairobi CBD,P001,Paracetamol 500mg,Pain Relief,3,10,30,M-Pesa
6351,2025-12-16,Tuesday,B02,Embakasi,P001,Paracetamol 500mg,Pain Relief,1,10,10,M-Pesa
6352,2025-12-16,Tuesday,B02,,P010,Antacid Tablets,Digestive,3,20,60,Cash
6353,2025-12-16,Tuesday,B02,embakasi,P005,Vitamin C Tablets,Supplement,2,25,50,Cash
6354,2025-12-16,Tuesday,B02,Embakasi,P008,Insulin,Diabetes,2,450,900,M pesa
6355,2025-12-16,Tuesday,B02,Embakasi,P005,Vitamin C Tablets,Supplement,3,25,75,Card
6356,2025-12-16,Tuesday,B02,Embakasi,P001,Paracetamol 500mg,Pain Relief,3,10,41,Cash
6357,2025-12-16,Tuesday,B02,Embakasi,P010,Antacid Tablets,Digestive,3,20,60,M-Pesa
6358,2025-12-16,Tuesday,B02,Embakasi,P006,Cough Syrup,Cold & Flu,3,90,270,Card
6359,2025-12-16,Tuesday,B02,Embakasi,P005,Vitamin C Tablets,Supplement,3,25,75,Card
6360,2025-12-16,Tuesday,B02,,P008,Insulin,Diabetes,1,450,450,Card
6361,2025-12-16,Tuesday,B02,Embakasi,P009,Amlodipine 5mg,Hypertension,1,30,30,Card
6362,2025-12-16,Tuesday,B02,Embakasi,P001,Paracetamol 500mg,Pain Relief,2,10,20,M-Pesa
6363,2025-12-16,Tuesday,B02,Embakasi,P005,Vitamin C Tablets,Supplement,1,25,25,M-Pesa
6364,2025-12-16,Tuesday,B02,Embakasi,P003,Amoxicillin 250mg,Antibiotic,1,35,35,M-Pesa
6365,2025-12-16,Tuesday,B02,Embakasi,P006,Cough Syrup,Cold & Flu,1,90,101,M-Pesa
6366,2025-12-16,Tuesday,B02,Embakasi,P002,Ibuprofen 200mg,Pain Relief,3,15,45,Cash
6367,2025-12-16,Tuesday,B02,Embakasi,P010,Antacid Tablets,Digestive,2,20,51,Cash
6368,2025-12-16,Tuesday,B02,Embakasi,P007,Metformin 500mg,Diabetes,2,40,80, M-Pesa
6369,2025-12-16,Tuesday,B02,Embakasi,P008,Insulin,Diabetes,2,450,900,M-Pesa
6370,2025-12-16,Tuesday,B02,Embakasi,P005,Vitamin C Tablets,Supplement,2,25,50,M-Pesa
6371,2025-12-16,Tuesday,B02,Embakasi,P005,Vitamin C Tablets,Supplement,1,25,25,M-Pesa
6372,2025-12-16,Tuesday,B02,Embakasi,P005,Vitamin C Tablets,Supplement,1,25,25,M-Pesa
6373,2025-12-16,Tuesday,B02,Embakasi,P005,,Supplement,3,25,86,Card
6374,2025-12-16,Tuesday,B02,Embakasi,P010,,Digestive,2,20,40,M-Pesa
6375,2025-12-16,Tuesday,B02,Embakasi,P004,Azithromycin 500mg,Antibiotic,1,120,120,Cash
6376,2025-12-16,Tuesday,B02,Embakasi,P001,Paracetamol 500mg,Pain Relief,1,10,10,M-Pesa
6377,2025-12-16,Tuesday,B02,Embakasi,P001,Paracetmol,Pain Relief,3,10,30,Card
6378,2025-12-16,Tuesday,B02,Embakasi,P006,Cough Syrup,Cold & Flu,3,90,270,M-Pesa
6379,2025-12-16,Tuesday,B02,Embakasi,P003,Amoxicillin 250mg,Antibiotic,3,35,105,Cash
6380,2025-12-16,Tuesday,B02,,P005,Vitamin C Tablets,Supplement,1,25,25,M-Pesa
6381,2025-12-16,Tuesday,B02,Embakasi,P008,Insulin,Diabetes,1,450,450,M-Pesa
6382,2025-12-16,Tuesday,B02,Embakasi,P007,Metformin 500mg,Diabetes,3,40,120,M-Pesa
6383,2025-12-16,Tuesday,B02,Embakasi,P010,,Digestive,2,20,51,M pesa
6384,2025-12-16,Tuesday,B02,Embakasi,P008,Insulin,Diabetes,3,450,1350,Insurance
6385,2025-12-16,Tuesday,B02,Embakasi,P010,Antacid Tablets,Digestive,3,20,60,M-Pesa
6386,2025-12-17,Wednesday,B01,Nairobi CBD,P001,Paracetamol 500mg,Pain Relief,3,10,30,
6387,2025-12-17,Wednesday,B01,Nairobi CBD,P001,,Pain Relief,1,10,10,M pesa
6388,2025-12-17,Wednesday,B01,Nairobi CBD,P010,Antacid Tablets,Digestive,2,20,40,M-Pesa
6389,2025-12-17,Wednesday,B01,Nairobi CBD,P004,Azithromycin 500mg,Antibiotic,3,120,360,M-Pesa
6390,2025-12-17,Wednesday,B01,Nairobi CBD,P002,Ibuprofen 200mg,Pain Relief,2,15,30,Cash
6391,2025-12-17,Wednesday,B01,Nairobi CBD,P004,Azithromycin 500mg,Antibiotic,2,120,240,M-Pesa
6392,2025-12-17,Wednesday,B01,Nairobi CBD,P003,Amoxicillin 250mg,Antibiotic,2,35,70,M-Pesa
6393,2025-12-17,Wednesday,B01,Nairobi CBD,P006,Cough Syrup,Cold & Flu,3,90,270,M-Pesa
6394,2025-12-17,Wednesday,B01,Nairobi CBD,P004,Azithromycin 500mg,Antibiotic,1,120,120,Insurance
6395,2025-12-17,Wednesday,B01,Nairobi CBD,P004,Azithromycin 500mg,Antibiotic,3,120,360,M-Pesa
6396,2025-12-17,Wednesday,B01,Nairobi CBD,P002,Ibuprofen 200mg,Pain Relief,2,15,30,M-Pesa
6397,2025-12-17,Wednesday,B01,Nairobi CBD,P006,Cough Syrup,Cold & Flu,2,90,180,M-Pesa
6398,2025-12-17,Wednesday,B01,Nairobi CBD,P008,,Diabetes,1,450,450,Cash
6399,2025-12-17,Wednesday,B01,Nairobi CBD,P008,Insulin,Diabetes,3,450,1350,M-Pesa
6400,2025-12-17,Wednesday,B01,Nairobi CBD,P007,Metformin 500mg,Diabetes,2,40,80,Cash
6401,2025-12-17,Wednesday,B01,Nairobi CBD,P010,Antacid Tablets,Digestive,1,20,20,Cash
6402,2025-12-17,Wednesday,B01,Nairobi CBD,P007,Metformin 500mg,Diabetes,2,40,80,Cash
6403,2025-12-17,Wednesday,B01,Nairobi CBD,P008,Insulin,Diabetes,1,450,450,M-Pesa
6404,2025-12-17,Wednesday,B01,Nairobi CBD,P002,Ibuprofen 200mg,Pain Relief,1,15,15,M-Pesa
6405,2025-12-17,Wednesday,B01,Nairobi CBD,P005,Vitamin C Tablets,Supplement,3,25,75,M-Pesa
6406,2025-12-17,Wednesday,B01,Nairobi CBD,P003,Amoxicillin 250mg,Antibiotic,2,35,70,Cash
6407,2025-12-17,Wednesday,B01,Nairobi CBD,P003,,Antibiotic,3,35,105,M-Pesa
6408,2025-12-17,Wednesday,B01,Nairobi CBD,P003,Amoxicillin 250mg,Antibiotic,2,35,70,M-Pesa
6409,2025-12-17,Wednesday,B01,Nairobi CBD,P001,Paracetamol 500mg,Pain Relief,3,10,30,Cash
6410,2025-12-17,Wednesday,B01,Nairobi CBD,P001,Paracetamol 500mg,Pain Relief,2,10,20,M-Pesa
6411,2025-12-17,Wednesday,B01,Nairobi CBD,P008,Insulin,Diabetes,3,450,1350,M-Pesa
6412,2025-12-17,Wednesday,B01,,P008,Insulin,Diabetes,1,450,450,M-Pesa
6413,2025-12-17,Wednesday,B01,Nairobi CBD,P001,Paracetamol 500mg,Pain Relief,2,10,20,M-Pesa
6414,2025-12-17,Wednesday,B01,Nairobi CBD,P002,Ibuprofen 200mg,Pain Relief,2,15,30,M-Pesa
6415,2025-12-17,Wednesday,B01,Nairobi CBD,P007,Metformin 500mg,Diabetes,1,40,40,Cash
6416,2025-12-17,Wednesday,B01,Nairobi CBD,P004,Azithromycin 500mg,Antibiotic,3,120,360,M-Pesa
6417,2025-12-17,Wednesday,B01,Nairobi CBD,P007,Metformin 500mg,Diabetes,2,40,80,Cash
6418,2025-12-17,Wednesday,B01,Nairobi CBD,P006,Cough Syrup,Cold & Flu,2,90,180,Cash
6419,2025-12-17,Wednesday,B01,,P002,Ibuprofen 200mg,Pain Relief,3,15,45,M-Pesa
6420,2025-12-17,Wednesday,B01,,P008,Insulin,Diabetes,1,450,450,M-Pesa
6421,2025-12-17,Wednesday,B01,Nairobi CBD,P002,Ibuprofen 200mg,Pain Relief,3,15,45,M-Pesa
6422,2025-12-17,Wednesday,B01,Nairobi CBD,P010,Antacid Tablets,Digestive,3,20,60,Cash
6423,2025-12-17,Wednesday,B01,Nairobi CBD,P009,Amlodipine 5mg,Hypertension,3,30,90,Cash
6424,2025-12-17,Wednesday,B02,Embakasi,P010,Antacid Tablets,Digestive,1,20,20,M-Pesa
6425,2025-12-17,Wednesday,B02,Embakasi,P004,Azithromycin 500mg,Antibiotic,1,120,120,Cash
6426,2025-12-17,Wednesday,B02,embakasi,P002,Ibuprofen 200mg,Pain Relief,3,15,45,M-Pesa
6427,2025-12-17,Wednesday,B02,Embakasi,P009,Amlodipine 5mg,Hypertension,2,30,60,M-Pesa
6428,2025-12-17,Wednesday,B02,embakasi,P001,Paracetamol 500mg,Pain Relief,3,10,30,M-Pesa
6429,2025-12-17,Wednesday,B02,Embakasi,P005,Vitamin C Tablets,Supplement,2,25,50,M-Pesa
6430,2025-12-17,Wednesday,B02,embakasi,P009,Amlodipine 5mg,Hypertension,2,30,60,
6431,2025-12-17,Wednesday,B02,Embakasi,P008,Insulin,Diabetes,2,450,900,M-Pesa
6432,2025-12-17,Wednesday,B02,Embakasi,P006,Cough Syrup,Cold & Flu,2,90,180,Insurance
6433,2025-12-17,Wednesday,B02,Embakasi,P005,Vitamin C Tablets,Supplement,1,25,25,Card
6434,2025-12-17,Wednesday,B02,Embakasi,P010,Antacid Tablets,Digestive,2,20,40,Cash
6435,2025-12-17,Wednesday,B02,Embakasi,P004,Azithromycin 500mg,Antibiotic,2,120,240,Card
6436,2025-12-17,Wednesday,B02,Embakasi,P008,Insulin,Diabetes,3,450,1350,M-Pesa
6437,2025-12-17,Wednesday,B02,Embakasi,P004,Azithromycin 500mg,Antibiotic,3,120,360,M-Pesa
6438,2025-12-17,Wednesday,B02,Embakasi,P005,,Supplement,1,25,25,Cash
6439,2025-12-17,Wednesday,B02,Embakasi,P009,,Hypertension,3,30,90,M pesa
6440,2025-12-17,Wednesday,B02,,P008,Insulin,Diabetes,2,450,900,M-Pesa
6441,2025-12-17,Wednesday,B02,Embakasi,P004,Azithromycin 500mg,Antibiotic,3,120,360,Cash
6442,2025-12-17,Wednesday,B02,Embakasi,P008,Insulin,Diabetes,1,450,450,M-Pesa
6443,2025-12-17,Wednesday,B02,Embakasi,P003,Amoxicillin 250mg,Antibiotic,3,35,105,M-Pesa
6444,2025-12-17,Wednesday,B02,Embakasi,P003,Amoxicillin 250mg,Antibiotic,3,35,105,M-Pesa
6445,2025-12-17,Wednesday,B02,Embakasi,P008,Insulin,Diabetes,1,450,450,M-Pesa
6446,2025-12-17,Wednesday,B02,Embakasi,P008,Insulin,Diabetes,1,450,450,M-Pesa
6447,2025-12-17,Wednesday,B02,Embakasi,P003,Amoxicillin 250mg,Antibiotic,2,35,70,M-Pesa
6448,2025-12-17,Wednesday,B02,embakasi,P008,Insulin,Diabetes,3,450,1350,M-Pesa
6449,2025-12-17,Wednesday,B02,,P002,Ibuprofen 200mg,Pain Relief,2,15,30,M-Pesa
6450,2025-12-17,Wednesday,B02,Embakasi,P008,Insulin,Diabetes,3,450,1350,Card
6451,2025-12-17,Wednesday,B02,,P005,Vitamin C Tablets,Supplement,3,25,75,M-Pesa
6452,2025-12-17,Wednesday,B02,Embakasi,P008,Insulin,Diabetes,2,450,900,M-Pesa
6453,2025-12-17,Wednesday,B02,Embakasi,P008,Insulin,Diabetes,3,450,1350,Cash
6454,2025-12-17,Wednesday,B02,Embakasi,P003,Amoxicillin 250mg,Antibiotic,3,35,105,M-Pesa
6455,2025-12-17,Wednesday,B02,Embakasi,P002,Ibuprofen 200mg,Pain Relief,3,15,45, M-Pesa
6456,2025-12-17,Wednesday,B02,Embakasi,P005,Vitamin C Tablets,Supplement,1,25,25,M-Pesa
6457,2025-12-17,Wednesday,B02,Embakasi,P006,Cough Syrup,Cold & Flu,2,90,180,Cash
6458,2025-12-17,Wednesday,B02,Embakasi,P008,Insulin,Diabetes,1,450,450,M-Pesa
6459,2025-12-18,Thursday,B01,Nairobi CBD,P003,Amoxicillin 250mg,Antibiotic,2,35,70,M-Pesa
6460,2025-12-18,Thursday,B01,Nairobi CBD,P010,Antacid Tablets,Digestive,3,20,60,Cash
6461,2025-12-18,Thursday,B01,Nairobi CBD,P003,Amoxicillin 250mg,Antibiotic,2,35,70,Cash
6462,2025-12-18,Thursday,B01,Nairobi CBD,P008,Insulin,Diabetes,1,450,450,M-Pesa
6463,2025-12-18,Thursday,B01,,P006,Cough Syrup,Cold & Flu,1,90,90,M-Pesa
6464,2025-12-18,Thursday,B01,Nairobi CBD,P007,Metformin 500mg,Diabetes,1,40,40,M-Pesa
6465,2025-12-18,Thursday,B01,Nairobi CBD,P004,Azithromycin 500mg,Antibiotic,2,120,240,M-Pesa
6466,2025-12-18,Thursday,B01,Nairobi CBD,P010,Antacid Tablets,Digestive,1,20,20,M-Pesa
6467,2025-12-18,Thursday,B01,Nairobi CBD,P008,Insulin,Diabetes,2,450,900,M-Pesa
6468,2025-12-18,Thursday,B01,Nairobi CBD,P008,Insulin,Diabetes,1,450,461,M-Pesa
6469,2025-12-18,Thursday,B01,Nairobi CBD,P001,Paracetamol 500mg,Pain Relief,1,10,10,M-Pesa
6470,2025-12-18,Thursday,B01,Nairobi CBD,P001,Paracetamol 500mg,Pain Relief,2,10,20,M-Pesa
6471,2025-12-18,Thursday,B01,,P004,Azithromycin 500mg,Antibiotic,1,120,120, Card
6472,2025-12-18,Thursday,B01,Nairobi CBD,P006,Cough Syrup,Cold & Flu,3,90,270,M-Pesa
6473,2025-12-18,Thursday,B01,Nairobi CBD,P001,Paracetamol 500mg,Pain Relief,2,10,20,M-Pesa
6474,2025-12-18,Thursday,B01,Nairobi CBD,P002,Ibuprofen 200mg,Pain Relief,2,15,41,Insurance
6475,2025-12-18,Thursday,B01,Nairobi CBD,P002,Ibuprofen 200mg,Pain Relief,2,15,41,M-Pesa
6476,2025-12-18,Thursday,B01,Nairobi CBD,P009,Amlodipine 5mg,Hypertension,3,30,90,M-Pesa
6477,2025-12-18,Thursday,B01,Nairobi CBD,P007,Metformin 500mg,Diabetes,2,40,80,M-Pesa
6478,2025-12-18,Thursday,B01,Nairobi CBD,P007,Metformin 500mg,Diabetes,1,40,40,M-Pesa
6479,2025-12-18,Thursday,B01,,P003,Amoxicillin 250mg,Antibiotic,1,35,35,M-Pesa
6480,2025-12-18,Thursday,B01,Nairobi CBD,P003,Amoxicillin 250mg,Antibiotic,1,35,35,M-Pesa
6481,2025-12-18,Thursday,B01,Nairobi CBD,P005,Vitamin C Tablets,Supplement,2,25,50,M-Pesa
6482,2025-12-18,Thursday,B01,Nairobi CBD,P009,Amlodipine 5mg,Hypertension,1,30,30,M-Pesa
6483,2025-12-18,Thursday,B01,Nairobi CBD,P005,Vitamin C Tablets,Supplement,2,25,50,
6484,2025-12-18,Thursday,B01,Nairobi CBD,P002,Ibuprofen 200mg,Pain Relief,1,15,15,M-Pesa
6485,2025-12-18,Thursday,B01,Nairobi CBD,P001,Paracetamol 500mg,Pain Relief,3,10,30,Cash
6486,2025-12-18,Thursday,B01,Nairobi CBD,P002,Ibuprofen 200mg,Pain Relief,3,15,45,M-Pesa
6487,2025-12-18,Thursday,B01,Nairobi CBD,P007,Metformin 500mg,Diabetes,3,40,120,M-Pesa
6488,2025-12-18,Thursday,B01,Nairobi CBD,P008,Insulin,Diabetes,3,450,1350,Card
6489,2025-12-18,Thursday,B01,Nairobi CBD,P002,Ibuprofen 200mg,Pain Relief,2,15,30,Cash
6490,2025-12-18,Thursday,B01,Nairobi CBD,P003,Amoxicillin 250mg,Antibiotic,1,35,35,M-Pesa
6491,2025-12-18,Thursday,B01,Nairobi CBD,P005,Vitamin C Tablets,Supplement,3,25,75,M-Pesa
6492,2025-12-18,Thursday,B01,Nairobi CBD,P002,Ibuprofen 200mg,Pain Relief,2,15,30,M-Pesa
6493,2025-12-18,Thursday,B01,Nairobi CBD,P004,Azithromycin 500mg,Antibiotic,3,120,360,Insurance
6494,2025-12-18,Thursday,B01,Nairobi CBD,P005,Vitamin C Tablets,Supplement,3,25,75,M-Pesa
6495,2025-12-18,Thursday,B02,Embakasi,P004,Azithromycin 500mg,Antibiotic,2,120,240,Cash
6496,2025-12-18,Thursday,B02,Embakasi,P010,Antacid Tablets,Digestive,1,20,20, M-Pesa
6497,2025-12-18,Thursday,B02,Embakasi,P009,Amlodipine 5mg,Hypertension,1,30,30,M-Pesa
6498,2025-12-18,Thursday,B02,Embakasi,P004,Azithromycin 500mg,Antibiotic,3,120,360,Card
6499,2025-12-18,Thursday,B02,Embakasi,P001,Paracetamol 500mg,Pain Relief,3,10,30,Cash
6500,2025-12-18,Thursday,B02,Embakasi,P001,Paracetmol,Pain Relief,1,10,10,Insurance
6501,2025-12-18,Thursday,B02,Embakasi,P002,Ibuprofen 200mg,Pain Relief,1,15,15,M-Pesa
6502,2025-12-18,Thursday,B02,Embakasi,P004,Azithromycin 500mg,Antibiotic,2,120,240,Card
6503,2025-12-18,Thursday,B02,Embakasi,P001,Paracetamol 500mg,Pain Relief,1,10,10, M-Pesa
6504,2025-12-18,Thursday,B02,Embakasi,P007,Metformin 500mg,Diabetes,1,40,40,Insurance
6505,2025-12-18,Thursday,B02,Embakasi,P008,Insulin,Diabetes,3,450,1350,M-Pesa
6506,2025-12-18,Thursday,B02,Embakasi,P008,Insulin,Diabetes,1,450,450,M-Pesa
6507,2025-12-18,Thursday,B02,Embakasi,P002,Ibuprofen 200mg,Pain Relief,3,15,45,M-Pesa
6508,2025-12-18,Thursday,B02,Embakasi,P008,Insulin,Diabetes,1,450,450,Card
6509,2025-12-18,Thursday,B02,Embakasi,P010,Antacid Tablets,Digestive,2,20,40,Cash
6510,2025-12-18,Thursday,B02,Embakasi,P001,Paracetamol 500mg,Pain Relief,1,10,10,
6511,2025-12-18,Thursday,B02,,P003,Amoxicillin 250mg,Antibiotic,1,35,35,Cash
6512,2025-12-18,Thursday,B02,Embakasi,P008,Insulin,Diabetes,1,450,450,Insurance
6513,2025-12-18,Thursday,B02,Embakasi,P003,Amoxicillin 250mg,Antibiotic,3,35,105,M-Pesa
6514,2025-12-18,Thursday,B02,Embakasi,P003,Amoxicillin 250mg,Antibiotic,2,35,70,M-Pesa
6515,2025-12-18,Thursday,B02,Embakasi,P002,Ibuprofen 200mg,Pain Relief,1,15,15,M-Pesa
6516,2025-12-18,Thursday,B02,Embakasi,P003,Amoxicillin 250mg,Antibiotic,3,35,105,M-Pesa
6517,2025-12-18,Thursday,B02,Embakasi,P003,Amoxicillin 250mg,Antibiotic,2,35,70,Card
6518,2025-12-18,Thursday,B02,Embakasi,P007,Metformin 500mg,Diabetes,3,40,120,M-Pesa
6519,2025-12-18,Thursday,B02,Embakasi,P005,Vitamin C Tablets,Supplement,3,25,75,M-Pesa
6520,2025-12-18,Thursday,B02,Embakasi,P005,Vitamin C Tablets,Supplement,2,25,50,M-Pesa
6521,2025-12-18,Thursday,B02,Embakasi,P002,Ibuprofen 200mg,Pain Relief,1,15,15,M-Pesa
6522,2025-12-18,Thursday,B02,Embakasi,P001,Paracetamol 500mg,Pain Relief,3,10,30,Cash
6523,2025-12-18,Thursday,B02,embakasi,P010,Antacid Tablets,Digestive,3,20,60,Cash
6524,2025-12-18,Thursday,B02,Embakasi,P002,Ibuprofen 200mg,Pain Relief,1,15,15,M-Pesa
6525,2025-12-18,Thursday,B02,Embakasi,P002,Ibuprofen 200mg,Pain Relief,1,15,15,M-Pesa
6526,2025-12-19,Friday,B01,Nairobi CBD,P008,Insulin,Diabetes,2,450,900,M-Pesa
6527,2025-12-19,Friday,B01,Nairobi CBD,P005,Vitamin C Tablets,Supplement,2,25,50,M-Pesa
6528,2025-12-19,Friday,B01,Nairobi CBD,P004,Azithromycin 500mg,Antibiotic,1,120,120,M-Pesa
6529,2025-12-19,Friday,B01,,P002,Ibuprofen 200mg,Pain Relief,3,15,45,Cash
6530,2025-12-19,Friday,B01,Nairobi CBD,P006,Cough Syrup,Cold & Flu,3,90,270,M-Pesa
6531,2025-12-19,Friday,B01,Nairobi CBD,P009,Amlodipine 5mg,Hypertension,2,30,60,Card
6532,2025-12-19,Friday,B01,Nairobi CBD,P008,Insulin,Diabetes,1,450,450,M-Pesa
6533,2025-12-19,Friday,B01,Nairobi CBD,P001,Paracetamol 500mg,Pain Relief,3,10,30,M-Pesa
6534,2025-12-19,Friday,B01,Nairobi CBD,P009,Amlodipine 5mg,Hypertension,2,30,60,Cash
6535,2025-12-19,Friday,B01,Nairobi CBD,P001,Paracetamol 500mg,Pain Relief,3,10,30,M-Pesa
6536,2025-12-19,Friday,B01,Nairobi CBD,P001,Paracetamol 500mg,Pain Relief,3,10,30,Card
6537,2025-12-19,Friday,B01,Nairobi CBD,P008,Insulin,Diabetes,1,450,450,M-Pesa
6538,2025-12-19,Friday,B01,Nairobi CBD,P004,Azithromycin 500mg,Antibiotic,1,120,120,Cash
6539,2025-12-19,Friday,B01,Nairobi CBD,P007,Metformin 500mg,Diabetes,3,40,120,M-Pesa
6540,2025-12-19,Friday,B01,Nairobi CBD,P009,Amlodipine 5mg,Hypertension,2,30,60,Card
6541,2025-12-19,Friday,B01,Nairobi CBD,P009,Amlodipine 5mg,Hypertension,1,30,30,M-Pesa
6542,2025-12-19,Friday,B01,Nairobi CBD,P008,Insulin,Diabetes,3,450,1350,M-Pesa
6543,2025-12-19,Friday,B01,Nairobi CBD,P002,Ibuprofen 200mg,Pain Relief,1,15,15,M-Pesa
6544,2025-12-19,Friday,B01,Nairobi CBD,P005,Vitamin C Tablets,Supplement,1,25,25,M-Pesa
6545,2025-12-19,Friday,B01,Nairobi CBD,P002,,Pain Relief,1,15,15,Cash
6546,2025-12-19,Friday,B01,Nairobi CBD,P005,Vitamin C Tablets,Supplement,3,25,75,Card
6547,2025-12-19,Friday,B01,Nairobi CBD,P004,Azithromycin 500mg,Antibiotic,2,120,240,M-Pesa
6548,2025-12-19,Friday,B01,Nairobi CBD,P008,Insulin,Diabetes,2,450,900,Insurance
6549,2025-12-19,Friday,B01,Nairobi CBD,P010,Antacid Tablets,Digestive,2,20,40,M-Pesa
6550,2025-12-19,Friday,B01,Nairobi CBD,P002,Ibuprofen 200mg,Pain Relief,1,15,15,M-Pesa
6551,2025-12-19,Friday,B01,Nairobi CBD,P008,Insulin,Diabetes,3,450,1350,M-Pesa
6552,2025-12-19,Friday,B01,Nairobi CBD,P006,Cough Syrup,Cold & Flu,1,90,90,Cash
6553,2025-12-19,Friday,B01,Nairobi CBD,P007,Metformin 500mg,Diabetes,2,40,80,Cash
6554,2025-12-19,Friday,B01,Nairobi CBD,P010,Antacid Tablets,Digestive,2,20,40,M-Pesa
6555,2025-12-19,Friday,B01,Nairobi CBD,P005,Vitamin C Tablets,Supplement,3,25,75,Insurance
6556,2025-12-19,Friday,B01,,P001,Paracetamol 500mg,Pain Relief,1,10,10,Cash
6557,2025-12-19,Friday,B01,Nairobi CBD,P008,Insulin,Diabetes,2,450,900,Insurance
6558,2025-12-19,Friday,B01,Nairobi CBD,P009,Amlodipine 5mg,Hypertension,3,30,90,Cash
6559,2025-12-19,Friday,B01,Nairobi CBD,P008,Insulin,Diabetes,1,450,450,M-Pesa
6560,2025-12-19,Friday,B01,Nairobi CBD,P009,Amlodipine 5mg,Hypertension,1,30,30,M-Pesa
6561,2025-12-19,Friday,B01,Nairobi CBD,P010,Antacid Tablets,Digestive,2,20,40,M-Pesa
6562,2025-12-19,Friday,B01,Nairobi CBD,P006,Cough Syrup,Cold & Flu,2,90,180,M-Pesa
6563,2025-12-19,Friday,B01,Nairobi CBD,P004,Azithromycin 500mg,Antibiotic,1,120,120,Insurance
6564,2025-12-19,Friday,B01,Nairobi CBD,P002,Ibuprofen 200mg,Pain Relief,1,15,15,M-Pesa
6565,2025-12-19,Friday,B01,Nairobi CBD,P007,,Diabetes,2,40,91,Cash
6566,2025-12-19,Friday,B02,Embakasi,P001,Paracetamol 500mg,Pain Relief,2,10,20,Cash
6567,2025-12-19,Friday,B02,Embakasi,P004,Azithromycin 500mg,Antibiotic,1,120,120,M-Pesa
6568,2025-12-19,Friday,B02,Embakasi,P008,Insulin,Diabetes,2,450,911,M-Pesa
6569,2025-12-19,Friday,B02,Embakasi,P004,Azithromycin 500mg,Antibiotic,3,120,360,M-Pesa
6570,2025-12-19,Friday,B02,Embakasi,P008,Insulin,Diabetes,2,450,900,Cash
6571,2025-12-19,Friday,B02,Embakasi,P008,Insulin,Diabetes,2,450,900,M-Pesa
6572,2025-12-19,Friday,B02,Embakasi,P001,,Pain Relief,3,10,30,Cash
6573,2025-12-19,Friday,B02,Embakasi,P010,Antacid Tablets,Digestive,1,20,20,M-Pesa
6574,2025-12-19,Friday,B02,Embakasi,P005,Vitamin C Tablets,Supplement,3,25,75,M pesa
6575,2025-12-19,Friday,B02,Embakasi,P009,Amlodipine 5mg,Hypertension,2,30,60,Card
6576,2025-12-19,Friday,B02,Embakasi,P008,Insulin,Diabetes,1,450,450,Cash
6577,2025-12-19,Friday,B02,Embakasi,P002,Ibuprofen 200mg,Pain Relief,3,15,45,Cash
6578,2025-12-19,Friday,B02,Embakasi,P009,Amlodipine 5mg,Hypertension,1,30,30,Cash
6579,2025-12-19,Friday,B02,Embakasi,P002,Ibuprofen 200mg,Pain Relief,1,15,15,Insurance
6580,2025-12-19,Friday,B02,Embakasi,P008,Insulin,Diabetes,3,450,1350,Cash
6581,2025-12-19,Friday,B02,Embakasi,P007,Metformin 500mg,Diabetes,1,40,40,Card
6582,2025-12-19,Friday,B02,Embakasi,P005,Vitamin C Tablets,Supplement,3,25,75,M-Pesa
6583,2025-12-19,Friday,B02,Embakasi,P003,Amoxicillin 250mg,Antibiotic,2,35,70,
6584,2025-12-19,Friday,B02,Embakasi,P006,Cough Syrup,Cold & Flu,1,90,90,M-Pesa
6585,2025-12-19,Friday,B02,Embakasi,P006,,Cold & Flu,2,90,180,Card
6586,2025-12-19,Friday,B02,Embakasi,P006,Cough Syrup,Cold & Flu,2,90,180,Card
6587,2025-12-19,Friday,B02,Embakasi,P009,Amlodipine 5mg,Hypertension,1,30,30,M-Pesa
6588,2025-12-19,Friday,B02,Embakasi,P004,Azithromycin 500mg,Antibiotic,3,120,360,M-Pesa
6589,2025-12-19,Friday,B02,Embakasi,P010,Antacid Tablets,Digestive,1,20,20,M-Pesa
6590,2025-12-19,Friday,B02,Embakasi,P010,Antacid Tablets,Digestive,2,20,40,M-Pesa
6591,2025-12-19,Friday,B02,Embakasi,P009,Amlodipine 5mg,Hypertension,2,30,60,Cash
6592,2025-12-19,Friday,B02,Embakasi,P010,Antacid Tablets,Digestive,3,20,60,M-Pesa
6593,2025-12-19,Friday,B02,Embakasi,P003,Amoxicillin 250mg,Antibiotic,1,35,35,M-Pesa
6594,2025-12-19,Friday,B02,Embakasi,P006,Cough Syrup,Cold & Flu,2,90,180,M-Pesa
6595,2025-12-19,Friday,B02,Embakasi,P010,Antacid Tablets,Digestive,2,20,40,Cash
6596,2025-12-20,Saturday,B01,Nairobi CBD,P010,Antacid Tablets,Digestive,3,20,60,
6597,2025-12-20,Saturday,B01,Nairobi CBD,P009,Amlodipine 5mg,Hypertension,2,30,60,M-Pesa
6598,2025-12-20,Saturday,B01,Nairobi CBD,P003,Amoxicillin 250mg,Antibiotic,2,35,70,Card
6599,2025-12-20,Saturday,B01,Nairobi CBD,P004,Azithromycin 500mg,Antibiotic,1,120,120,
6600,2025-12-20,Saturday,B01,Nairobi CBD,P005,Vitamin C Tablets,Supplement,1,25,25,
6601,2025-12-20,Saturday,B01,Nairobi CBD,P003,Amoxicillin 250mg,Antibiotic,2,35,70,Card
6602,2025-12-20,Saturday,B01,,P004,Azithromycin 500mg,Antibiotic,2,120,240,Card
6603,2025-12-20,Saturday,B01,Nairobi CBD,P007,Metformin 500mg,Diabetes,1,40,40,M-Pesa
6604,2025-12-20,Saturday,B01,Nairobi CBD,P002,Ibuprofen 200mg,Pain Relief,3,15,45,Cash
6605,2025-12-20,Saturday,B01,Nairobi CBD,P009,Amlodipine 5mg,Hypertension,3,30,101,M-Pesa
6606,2025-12-20,Saturday,B01,Nairobi CBD,P001,Paracetamol 500mg,Pain Relief,3,10,30,Cash
6607,2025-12-20,Saturday,B01,Nairobi CBD,P002,Ibuprofen 200mg,Pain Relief,3,15,45,
6608,2025-12-20,Saturday,B01,Nairobi CBD,P008,Insulin,Diabetes,3,450,1350,Cash
6609,2025-12-20,Saturday,B01,Nairobi CBD,P009,Amlodipine 5mg,Hypertension,3,30,90,M pesa
6610,2025-12-20,Saturday,B01,Nairobi CBD,P008,Insulin,Diabetes,3,450,1350,Cash
6611,2025-12-20,Saturday,B01,Nairobi CBD,P001,,Pain Relief,3,10,30,M-Pesa
6612,2025-12-20,Saturday,B01,Nairobi CBD,P009,,Hypertension,1,30,30,Cash
6613,2025-12-20,Saturday,B01,Nairobi CBD,P007,,Diabetes,3,40,120,Cash
6614,2025-12-20,Saturday,B01,Nairobi CBD,P009,Amlodipine 5mg,Hypertension,3,30,90,M-Pesa
6615,2025-12-20,Saturday,B01,Nairobi CBD,P008,Insulin,Diabetes,3,450,1350,Cash
6616,2025-12-20,Saturday,B01,Nairobi CBD,P007,Metformin 500mg,Diabetes,2,40,80,M-Pesa
6617,2025-12-20,Saturday,B01,Nairobi CBD,P004,Azithromycin 500mg,Antibiotic,1,120,120, M-Pesa
6618,2025-12-20,Saturday,B01,Nairobi CBD,P005,Vitamin C Tablets,Supplement,1,25,25,Card
6619,2025-12-20,Saturday,B01,Nairobi CBD,P004,Azithromycin 500mg,Antibiotic,1,120,120,M-Pesa
6620,2025-12-20,Saturday,B01,Nairobi CBD,P002,Ibuprofen 200mg,Pain Relief,3,15,45,M-Pesa
6621,2025-12-20,Saturday,B01,Nairobi CBD,P001,Paracetamol 500mg,Pain Relief,3,10,30,M-Pesa
6622,2025-12-20,Saturday,B01,Nairobi CBD,P005,,Supplement,2,25,50, M-Pesa
6623,2025-12-20,Saturday,B01,Nairobi CBD,P006,Cough Syrup,Cold & Flu,1,90,90,M-Pesa
6624,2025-12-20,Saturday,B01,Nairobi CBD,P005,Vitamin C Tablets,Supplement,3,25,86,Cash
6625,2025-12-20,Saturday,B01,Nairobi CBD,P004,Azithromycin 500mg,Antibiotic,1,120,120,M-Pesa
6626,2025-12-20,Saturday,B01,Nairobi CBD,P002,Ibuprofen 200mg,Pain Relief,2,15,30,M-Pesa
6627,2025-12-20,Saturday,B01,Nairobi CBD,P008,Insulin,Diabetes,2,450,900,Card
6628,2025-12-20,Saturday,B01,Nairobi CBD,P007,Metformin 500mg,Diabetes,2,40,80,M-Pesa
6629,2025-12-20,Saturday,B01,Nairobi CBD,P007,Metformin 500mg,Diabetes,1,40,40,M-Pesa
6630,2025-12-20,Saturday,B01,Nairobi CBD,P006,Cough Syrup,Cold & Flu,3,90,270,M-Pesa
6631,2025-12-20,Saturday,B01,Nairobi CBD,P010,Antacid Tablets,Digestive,3,20,60,M-Pesa
6632,2025-12-20,Saturday,B01,Nairobi CBD,P001,,Pain Relief,2,10,20,
6633,2025-12-20,Saturday,B01,,P010,Antacid Tablets,Digestive,3,20,60,M-Pesa
6634,2025-12-20,Saturday,B01,Nairobi CBD,P003,Amoxicillin 250mg,Antibiotic,2,35,70,M-Pesa
6635,2025-12-20,Saturday,B01,Nairobi CBD,P010,Antacid Tablets,Digestive,1,20,20,Insurance
6636,2025-12-20,Saturday,B02,Embakasi,P009,Amlodipine 5mg,Hypertension,1,30,30,M-Pesa
6637,2025-12-20,Saturday,B02,Embakasi,P003,Amoxicillin 250mg,Antibiotic,2,35,70, M-Pesa
6638,2025-12-20,Saturday,B02,,P003,Amoxicillin 250mg,Antibiotic,3,35,105,M-Pesa
6639,2025-12-20,Saturday,B02,Embakasi,P006,Cough Syrup,Cold & Flu,3,90,270,M-Pesa
6640,2025-12-20,Saturday,B02,,P008,Insulin,Diabetes,2,450,900,Cash
6641,2025-12-20,Saturday,B02,Embakasi,P010,Antacid Tablets,Digestive,3,20,60,M-Pesa
6642,2025-12-20,Saturday,B02,Embakasi,P003,Amoxicillin 250mg,Antibiotic,3,35,105,M-Pesa
6643,2025-12-20,Saturday,B02,Embakasi,P006,Cough Syrup,Cold & Flu,3,90,270,M-Pesa
6644,2025-12-20,Saturday,B02,Embakasi,P004,Azithromycin 500mg,Antibiotic,1,120,120,
6645,2025-12-20,Saturday,B02,Embakasi,P008,Insulin,Diabetes,3,450,1350,M-Pesa
6646,2025-12-20,Saturday,B02,Embakasi,P003,Amoxicillin 250mg,Antibiotic,1,35,35,Insurance
6647,2025-12-20,Saturday,B02,Embakasi,P004,Azithromycin 500mg,Antibiotic,2,120,240,M pesa
6648,2025-12-20,Saturday,B02,Embakasi,P008,Insulin,Diabetes,3,450,1350,M-Pesa
6649,2025-12-20,Saturday,B02,Embakasi,P001,,Pain Relief,3,10,30,M-Pesa
6650,2025-12-20,Saturday,B02,Embakasi,P007,Metformin 500mg,Diabetes,3,40,120,Cash
6651,2025-12-20,Saturday,B02,Embakasi,P010,Antacid Tablets,Digestive,2,20,40,M-Pesa
6652,2025-12-20,Saturday,B02,Embakasi,P005,Vitamin C Tablets,Supplement,1,25,25,Card
6653,2025-12-20,Saturday,B02,Embakasi,P009,Amlodipine 5mg,Hypertension,1,30,30,Cash
6654,2025-12-20,Saturday,B02,Embakasi,P004,Azithromycin 500mg,Antibiotic,3,120,360,M pesa
6655,2025-12-20,Saturday,B02,Embakasi,P003,Amoxicillin 250mg,Antibiotic,2,35,70,Card
6656,2025-12-20,Saturday,B02,Embakasi,P005,Vitamin C Tablets,Supplement,2,25,50,M-Pesa
6657,2025-12-20,Saturday,B02,Embakasi,P004,,Antibiotic,2,120,240,
6658,2025-12-20,Saturday,B02,Embakasi,P003,Amoxicillin 250mg,Antibiotic,2,35,70,M-Pesa
6659,2025-12-20,Saturday,B02,Embakasi,P010,Antacid Tablets,Digestive,2,20,40,M-Pesa
6660,2025-12-20,Saturday,B02,Embakasi,P004,Azithromycin 500mg,Antibiotic,1,120,120,M-Pesa
6661,2025-12-20,Saturday,B02,Embakasi,P008,Insulin,Diabetes,1,450,450,M-Pesa
6662,2025-12-20,Saturday,B02,Embakasi,P006,Cough Syrup,Cold & Flu,1,90,90,M-Pesa
6663,2025-12-20,Saturday,B02,Embakasi,P003,Amoxicillin 250mg,Antibiotic,3,35,105,Card
6664,2025-12-20,Saturday,B02,Embakasi,P003,,Antibiotic,2,35,70,Cash
6665,2025-12-20,Saturday,B02,Embakasi,P001,Paracetmol,Pain Relief,3,10,30,Cash
6666,2025-12-20,Saturday,B02,Embakasi,P007,Metformin 500mg,Diabetes,2,40,80,
6667,2025-12-21,Sunday,B01,Nairobi CBD,P002,,Pain Relief,3,15,45,Card
6668,2025-12-21,Sunday,B01,Nairobi CBD,P004,Azithromycin 500mg,Antibiotic,1,120,120,Insurance
6669,2025-12-21,Sunday,B01,Nairobi CBD,P006,Cough Syrup,Cold & Flu,2,90,180,M-Pesa
6670,2025-12-21,Sunday,B01,Nairobi CBD,P008,Insulin,Diabetes,2,450,900,M-Pesa
6671,2025-12-21,Sunday,B01,Nairobi CBD,P009,Amlodipine 5mg,Hypertension,2,30,60,M-Pesa
6672,2025-12-21,Sunday,B01,Nairobi CBD,P003,Amoxicillin 250mg,Antibiotic,1,35,35,Card
6673,2025-12-21,Sunday,B01,Nairobi CBD,P007,Metformin 500mg,Diabetes,2,40,80,Card
6674,2025-12-21,Sunday,B01,Nairobi CBD,P009,Amlodipine 5mg,Hypertension,1,30,30,M-Pesa
6675,2025-12-21,Sunday,B01,Nairobi CBD,P006,Cough Syrup,Cold & Flu,3,90,270,M-Pesa
6676,2025-12-21,Sunday,B01,Nairobi CBD,P006,Cough Syrup,Cold & Flu,2,90,180,Cash
6677,2025-12-21,Sunday,B01,Nairobi CBD,P004,Azithromycin 500mg,Antibiotic,2,120,240,Card
6678,2025-12-21,Sunday,B01,Nairobi CBD,P008,Insulin,Diabetes,2,450,900,M-Pesa
6679,2025-12-21,Sunday,B01,Nairobi CBD,P010,Antacid Tablets,Digestive,3,20,60,M-Pesa
6680,2025-12-21,Sunday,B01,Nairobi CBD,P007,Metformin 500mg,Diabetes,2,40,80,M-Pesa
6681,2025-12-21,Sunday,B01,Nairobi CBD,P002,Ibuprofen 200mg,Pain Relief,1,15,15,Cash
6682,2025-12-21,Sunday,B01,Nairobi CBD,P005,Vitamin C Tablets,Supplement,1,25,25,M pesa
6683,2025-12-21,Sunday,B01,Nairobi CBD,P008,Insulin,Diabetes,2,450,900,M-Pesa
6684,2025-12-21,Sunday,B01,Nairobi CBD,P004,Azithromycin 500mg,Antibiotic,2,120,240,M-Pesa
6685,2025-12-21,Sunday,B01,Nairobi CBD,P005,Vitamin C Tablets,Supplement,3,25,75,M-Pesa
6686,2025-12-21,Sunday,B01,Nairobi CBD,P009,Amlodipine 5mg,Hypertension,3,30,90,M-Pesa
6687,2025-12-21,Sunday,B01,Nairobi CBD,P010,Antacid Tablets,Digestive,3,20,60,Card
6688,2025-12-21,Sunday,B01,Nairobi CBD,P001,Paracetamol 500mg,Pain Relief,2,10,20,Cash
6689,2025-12-21,Sunday,B01,Nairobi CBD,P004,Azithromycin 500mg,Antibiotic,3,120,360,M-Pesa
6690,2025-12-21,Sunday,B01,Nairobi CBD,P007,Metformin 500mg,Diabetes,3,40,120,Insurance
6691,2025-12-21,Sunday,B01,Nairobi CBD,P003,Amoxicillin 250mg,Antibiotic,1,35,35,M-Pesa
6692,2025-12-21,Sunday,B01,Nairobi CBD,P004,Azithromycin 500mg,Antibiotic,3,120,360,
6693,2025-12-21,Sunday,B01,Nairobi CBD,P001,Paracetamol 500mg,Pain Relief,1,10,10,M-Pesa
6694,2025-12-21,Sunday,B01,Nairobi CBD,P004,Azithromycin 500mg,Antibiotic,1,120,120,M-Pesa
6695,2025-12-21,Sunday,B01,Nairobi CBD,P002,Ibuprofen 200mg,Pain Relief,3,15,45,Cash
6696,2025-12-21,Sunday,B01,Nairobi CBD,P006,Cough Syrup,Cold & Flu,1,90,90,M-Pesa
6697,2025-12-21,Sunday,B01,Nairobi CBD,P009,Amlodipine 5mg,Hypertension,2,30,60,M-Pesa
6698,2025-12-21,Sunday,B01,Nairobi CBD,P005,Vitamin C Tablets,Supplement,2,25,50,M-Pesa
6699,2025-12-21,Sunday,B01,Nairobi CBD,P008,Insulin,Diabetes,3,450,1350,Insurance
6700,2025-12-21,Sunday,B01,Nairobi CBD,P006,Cough Syrup,Cold & Flu,2,90,180,M-Pesa
6701,2025-12-21,Sunday,B01,Nairobi CBD,P004,Azithromycin 500mg,Antibiotic,1,120,120,Card
6702,2025-12-21,Sunday,B01,Nairobi CBD,P006,Cough Syrup,Cold & Flu,2,90,180,M-Pesa
6703,2025-12-21,Sunday,B01,Nairobi CBD,P004,Azithromycin 500mg,Antibiotic,3,120,360,M pesa
6704,2025-12-21,Sunday,B01,Nairobi CBD,P001,,Pain Relief,3,10,30,Cash
6705,2025-12-21,Sunday,B01,Nairobi CBD,P007,Metformin 500mg,Diabetes,1,40,40,M-Pesa
6706,2025-12-21,Sunday,B02,Embakasi,P001,Paracetamol 500mg,Pain Relief,2,10,20,M-Pesa
6707,2025-12-21,Sunday,B02,Embakasi,P006,,Cold & Flu,3,90,270,M-Pesa
6708,2025-12-21,Sunday,B02,Embakasi,P006,Cough Syrup,Cold & Flu,1,90,90,M-Pesa
6709,2025-12-21,Sunday,B02,Embakasi,P010,Antacid Tablets,Digestive,3,20,60,Card
6710,2025-12-21,Sunday,B02,,P006,Cough Syrup,Cold & Flu,2,90,180,M-Pesa
6711,2025-12-21,Sunday,B02,Embakasi,P006,Cough Syrup,Cold & Flu,1,90,90,Insurance
6712,2025-12-21,Sunday,B02,Embakasi,P010,,Digestive,2,20,40,M-Pesa
6713,2025-12-21,Sunday,B02,Embakasi,P005,Vitamin C Tablets,Supplement,1,25,25,M-Pesa
6714,2025-12-21,Sunday,B02,Embakasi,P003,Amoxicillin 250mg,Antibiotic,3,35,105,Cash
6715,2025-12-21,Sunday,B02,Embakasi,P008,Insulin,Diabetes,1,450,450,M-Pesa
6716,2025-12-21,Sunday,B02,Embakasi,P007,Metformin 500mg,Diabetes,1,40,40,Cash
6717,2025-12-21,Sunday,B02,Embakasi,P010,Antacid Tablets,Digestive,3,20,60,M-Pesa
6718,2025-12-21,Sunday,B02,Embakasi,P004,Azithromycin 500mg,Antibiotic,2,120,240,Cash
6719,2025-12-21,Sunday,B02,Embakasi,P009,Amlodipine 5mg,Hypertension,3,30,90,M-Pesa
6720,2025-12-21,Sunday,B02,Embakasi,P002,,Pain Relief,1,15,15,M-Pesa
6721,2025-12-21,Sunday,B02,Embakasi,P006,Cough Syrup,Cold & Flu,3,90,270,M-Pesa
6722,2025-12-21,Sunday,B02,Embakasi,P002,Ibuprofen 200mg,Pain Relief,1,15,15,M-Pesa
6723,2025-12-21,Sunday,B02,Embakasi,P001,Paracetamol 500mg,Pain Relief,3,10,30,M-Pesa
6724,2025-12-21,Sunday,B02,Embakasi,P010,Antacid Tablets,Digestive,3,20,60,Insurance
6725,2025-12-21,Sunday,B02,Embakasi,P001,Paracetmol,Pain Relief,2,10,20,M-Pesa
6726,2025-12-21,Sunday,B02,Embakasi,P003,Amoxicillin 250mg,Antibiotic,1,35,35,
6727,2025-12-21,Sunday,B02,Embakasi,P009,Amlodipine 5mg,Hypertension,2,30,60,Cash
6728,2025-12-21,Sunday,B02,embakasi,P009,Amlodipine 5mg,Hypertension,1,30,30,Cash
6729,2025-12-21,Sunday,B02,Embakasi,P002,Ibuprofen 200mg,Pain Relief,3,15,45,
6730,2025-12-21,Sunday,B02,embakasi,P003,Amoxicillin 250mg,Antibiotic,1,35,35,M-Pesa
6731,2025-12-21,Sunday,B02,Embakasi,P002,Ibuprofen 200mg,Pain Relief,2,15,30,Insurance
6732,2025-12-21,Sunday,B02,Embakasi,P004,Azithromycin 500mg,Antibiotic,2,120,240,M pesa
6733,2025-12-21,Sunday,B02,embakasi,P003,Amoxicillin 250mg,Antibiotic,2,35,70,M-Pesa
6734,2025-12-21,Sunday,B02,Embakasi,P003,Amoxicillin 250mg,Antibiotic,1,35,35,M-Pesa
6735,2025-12-21,Sunday,B02,Embakasi,P008,,Diabetes,2,450,900,M pesa
6736,2025-12-21,Sunday,B02,Embakasi,P005,Vitamin C Tablets,Supplement,2,25,50,M-Pesa
6737,2025-12-21,Sunday,B02,Embakasi,P001,Paracetamol 500mg,Pain Relief,2,10,20,Insurance
6738,2025-12-22,Monday,B01,Nairobi CBD,P004,Azithromycin 500mg,Antibiotic,1,120,120,M-Pesa
6739,2025-12-22,Monday,B01,Nairobi CBD,P007,Metformin 500mg,Diabetes,2,40,80,Cash
6740,2025-12-22,Monday,B01,Nairobi CBD,P001,Paracetamol 500mg,Pain Relief,3,10,30,M-Pesa
6741,2025-12-22,Monday,B01,Nairobi CBD,P003,Amoxicillin 250mg,Antibiotic,2,35,70,Insurance
6742,2025-12-22,Monday,B01,Nairobi CBD,P006,Cough Syrup,Cold & Flu,2,90,180,M-Pesa
6743,2025-12-22,Monday,B01,Nairobi CBD,P009,Amlodipine 5mg,Hypertension,3,30,90,
6744,2025-12-22,Monday,B01,Nairobi CBD,P010,Antacid Tablets,Digestive,3,20,60,M-Pesa
6745,2025-12-22,Monday,B01,Nairobi CBD,P008,Insulin,Diabetes,3,450,1350,M-Pesa
6746,2025-12-22,Monday,B01,Nairobi CBD,P008,Insulin,Diabetes,1,450,450,
6747,2025-12-22,Monday,B01,Nairobi CBD,P001,Paracetamol 500mg,Pain Relief,1,10,10,Insurance
6748,2025-12-22,Monday,B01,,P009,Amlodipine 5mg,Hypertension,2,30,60,M-Pesa
6749,2025-12-22,Monday,B01,Nairobi CBD,P004,Azithromycin 500mg,Antibiotic,1,120,120,Cash
6750,2025-12-22,Monday,B01,Nairobi CBD,P003,Amoxicillin 250mg,Antibiotic,3,35,105,M-Pesa
6751,2025-12-22,Monday,B01,Nairobi CBD,P006,Cough Syrup,Cold & Flu,3,90,270,Card
6752,2025-12-22,Monday,B01,Nairobi CBD,P004,Azithromycin 500mg,Antibiotic,1,120,120,M-Pesa
6753,2025-12-22,Monday,B01,Nairobi CBD,P004,Azithromycin 500mg,Antibiotic,2,120,240,M-Pesa
6754,2025-12-22,Monday,B01,Nairobi CBD,P008,,Diabetes,2,450,900,M-Pesa
6755,2025-12-22,Monday,B01,Nairobi CBD,P004,Azithromycin 500mg,Antibiotic,1,120,120,Card
6756,2025-12-22,Monday,B01,Nairobi CBD,P006,Cough Syrup,Cold & Flu,2,90,180,M-Pesa
6757,2025-12-22,Monday,B01,Nairobi CBD,P004,Azithromycin 500mg,Antibiotic,2,120,240,M-Pesa
6758,2025-12-22,Monday,B01,Nairobi CBD,P004,Azithromycin 500mg,Antibiotic,2,120,240,M-Pesa
6759,2025-12-22,Monday,B01,Nairobi CBD,P005,Vitamin C Tablets,Supplement,3,25,75,M-Pesa
6760,2025-12-22,Monday,B01,Nairobi CBD,P003,Amoxicillin 250mg,Antibiotic,3,35,116,M-Pesa
6761,2025-12-22,Monday,B01,Nairobi CBD,P010,Antacid Tablets,Digestive,1,20,20,Cash
6762,2025-12-22,Monday,B01,Nairobi CBD,P002,Ibuprofen 200mg,Pain Relief,3,15,45,M-Pesa
6763,2025-12-22,Monday,B01,Nairobi CBD,P006,Cough Syrup,Cold & Flu,2,90,180,M-Pesa
6764,2025-12-22,Monday,B01,,P005,,Supplement,3,25,75,M-Pesa
6765,2025-12-22,Monday,B01,,P009,Amlodipine 5mg,Hypertension,1,30,30, M-Pesa
6766,2025-12-22,Monday,B01,,P003,Amoxicillin 250mg,Antibiotic,3,35,105,M-Pesa
6767,2025-12-22,Monday,B01,Nairobi CBD,P004,Azithromycin 500mg,Antibiotic,2,120,240,M pesa
6768,2025-12-22,Monday,B01,Nairobi CBD,P003,,Antibiotic,2,35,70,M-Pesa
6769,2025-12-22,Monday,B01,Nairobi CBD,P006,,Cold & Flu,1,90,90,Cash
6770,2025-12-22,Monday,B01,Nairobi CBD,P001,,Pain Relief,3,10,41,M-Pesa
6771,2025-12-22,Monday,B01,Nairobi CBD,P009,Amlodipine 5mg,Hypertension,3,30,90,M-Pesa
6772,2025-12-22,Monday,B01,Nairobi CBD,P007,Metformin 500mg,Diabetes,3,40,120,Cash
6773,2025-12-22,Monday,B02,,P007,Metformin 500mg,Diabetes,1,40,40,Insurance
6774,2025-12-22,Monday,B02,Embakasi,P006,Cough Syrup,Cold & Flu,3,90,270,Cash
6775,2025-12-22,Monday,B02,Embakasi,P010,Antacid Tablets,Digestive,2,20,40,Cash
6776,2025-12-22,Monday,B02,Embakasi,P003,Amoxicillin 250mg,Antibiotic,2,35,70,Card
6777,2025-12-22,Monday,B02,Embakasi,P001,Paracetamol 500mg,Pain Relief,2,10,20,Cash
6778,2025-12-22,Monday,B02,Embakasi,P010,Antacid Tablets,Digestive,3,20,60, M-Pesa
6779,2025-12-22,Monday,B02,Embakasi,P002,Ibuprofen 200mg,Pain Relief,3,15,45,M-Pesa
6780,2025-12-22,Monday,B02,Embakasi,P010,Antacid Tablets,Digestive,3,20,60,M-Pesa
6781,2025-12-22,Monday,B02,Embakasi,P002,Ibuprofen 200mg,Pain Relief,3,15,45,M-Pesa
6782,2025-12-22,Monday,B02,Embakasi,P009,Amlodipine 5mg,Hypertension,3,30,90,Card
6783,2025-12-22,Monday,B02,Embakasi,P005,Vitamin C Tablets,Supplement,3,25,75,M-Pesa
6784,2025-12-22,Monday,B02,Embakasi,P005,Vitamin C Tablets,Supplement,3,25,75,M-Pesa
6785,2025-12-22,Monday,B02,Embakasi,P010,Antacid Tablets,Digestive,3,20,60,M-Pesa
6786,2025-12-22,Monday,B02,Embakasi,P009,Amlodipine 5mg,Hypertension,3,30,90,Cash
6787,2025-12-22,Monday,B02,Embakasi,P007,Metformin 500mg,Diabetes,2,40,80,M-Pesa
6788,2025-12-22,Monday,B02,Embakasi,P005,Vitamin C Tablets,Supplement,3,25,75,Cash
6789,2025-12-22,Monday,B02,Embakasi,P002,Ibuprofen 200mg,Pain Relief,1,15,15,M-Pesa
6790,2025-12-22,Monday,B02,Embakasi,P003,Amoxicillin 250mg,Antibiotic,2,35,70,Card
6791,2025-12-22,Monday,B02,Embakasi,P004,Azithromycin 500mg,Antibiotic,3,120,360,M-Pesa
6792,2025-12-22,Monday,B02,Embakasi,P003,Amoxicillin 250mg,Antibiotic,1,35,46,Insurance
6793,2025-12-22,Monday,B02,Embakasi,P004,Azithromycin 500mg,Antibiotic,3,120,360,
6794,2025-12-22,Monday,B02,Embakasi,P005,Vitamin C Tablets,Supplement,1,25,25,Insurance
6795,2025-12-22,Monday,B02,Embakasi,P005,Vitamin C Tablets,Supplement,1,25,25,M-Pesa
6796,2025-12-22,Monday,B02,embakasi,P007,Metformin 500mg,Diabetes,1,40,51,M-Pesa
6797,2025-12-22,Monday,B02,Embakasi,P003,Amoxicillin 250mg,Antibiotic,1,35,35,Card
6798,2025-12-22,Monday,B02,embakasi,P002,Ibuprofen 200mg,Pain Relief,2,15,30,Card
6799,2025-12-22,Monday,B02,Embakasi,P010,Antacid Tablets,Digestive,2,20,40,M-Pesa
6800,2025-12-22,Monday,B02,Embakasi,P004,Azithromycin 500mg,Antibiotic,1,120,120,M-Pesa
6801,2025-12-22,Monday,B02,,P007,Metformin 500mg,Diabetes,3,40,120,M-Pesa
6802,2025-12-22,Monday,B02,Embakasi,P003,Amoxicillin 250mg,Antibiotic,1,35,35,M pesa
6803,2025-12-22,Monday,B02,Embakasi,P010,Antacid Tablets,Digestive,2,20,40,Cash
6804,2025-12-23,Tuesday,B01,Nairobi CBD,P006,Cough Syrup,Cold & Flu,2,90,180,M-Pesa
6805,2025-12-23,Tuesday,B01,Nairobi CBD,P007,Metformin 500mg,Diabetes,3,40,120,M-Pesa
6806,2025-12-23,Tuesday,B01,Nairobi CBD,P009,,Hypertension,1,30,30,Cash
6807,2025-12-23,Tuesday,B01,Nairobi CBD,P004,Azithromycin 500mg,Antibiotic,1,120,120,M-Pesa
6808,2025-12-23,Tuesday,B01,Nairobi CBD,P005,Vitamin C Tablets,Supplement,1,25,25,M-Pesa
6809,2025-12-23,Tuesday,B01,Nairobi CBD,P009,Amlodipine 5mg,Hypertension,1,30,30,Cash
6810,2025-12-23,Tuesday,B01,Nairobi CBD,P006,Cough Syrup,Cold & Flu,3,90,270,M-Pesa
6811,2025-12-23,Tuesday,B01,Nairobi CBD,P010,Antacid Tablets,Digestive,3,20,60,Cash
6812,2025-12-23,Tuesday,B01,Nairobi CBD,P010,Antacid Tablets,Digestive,3,20,60,Card
6813,2025-12-23,Tuesday,B01,Nairobi CBD,P009,Amlodipine 5mg,Hypertension,2,30,60,M-Pesa
6814,2025-12-23,Tuesday,B01,,P007,,Diabetes,3,40,120,M-Pesa
6815,2025-12-23,Tuesday,B01,Nairobi CBD,P009,Amlodipine 5mg,Hypertension,1,30,30,M-Pesa
6816,2025-12-23,Tuesday,B01,Nairobi CBD,P006,Cough Syrup,Cold & Flu,2,90,180,Insurance
6817,2025-12-23,Tuesday,B01,Nairobi CBD,P007,Metformin 500mg,Diabetes,1,40,40,Insurance
6818,2025-12-23,Tuesday,B01,Nairobi CBD,P005,Vitamin C Tablets,Supplement,1,25,25,Cash
6819,2025-12-23,Tuesday,B01,Nairobi CBD,P009,Amlodipine 5mg,Hypertension,3,30,90,M-Pesa
6820,2025-12-23,Tuesday,B01,Nairobi CBD,P002,Ibuprofen 200mg,Pain Relief,3,15,45,M-Pesa
6821,2025-12-23,Tuesday,B01,Nairobi CBD,P003,Amoxicillin 250mg,Antibiotic,1,35,35,M-Pesa
6822,2025-12-23,Tuesday,B01,Nairobi CBD,P008,Insulin,Diabetes,1,450,450,M-Pesa
6823,2025-12-23,Tuesday,B01,Nairobi CBD,P005,Vitamin C Tablets,Supplement,2,25,50,
6824,2025-12-23,Tuesday,B01,Nairobi CBD,P009,Amlodipine 5mg,Hypertension,3,30,90,Insurance
6825,2025-12-23,Tuesday,B01,Nairobi CBD,P003,Amoxicillin 250mg,Antibiotic,2,35,81,M-Pesa
6826,2025-12-23,Tuesday,B01,Nairobi CBD,P008,Insulin,Diabetes,2,450,900,M-Pesa
6827,2025-12-23,Tuesday,B01,Nairobi CBD,P004,Azithromycin 500mg,Antibiotic,2,120,240,M-Pesa
6828,2025-12-23,Tuesday,B01,Nairobi CBD,P005,Vitamin C Tablets,Supplement,1,25,25,Cash
6829,2025-12-23,Tuesday,B01,Nairobi CBD,P001,Paracetamol 500mg,Pain Relief,2,10,20,Cash
6830,2025-12-23,Tuesday,B01,Nairobi CBD,P001,Paracetamol 500mg,Pain Relief,2,10,20,M pesa
6831,2025-12-23,Tuesday,B01,Nairobi CBD,P001,Paracetamol 500mg,Pain Relief,1,10,10,
6832,2025-12-23,Tuesday,B01,Nairobi CBD,P003,Amoxicillin 250mg,Antibiotic,3,35,105,M-Pesa
6833,2025-12-23,Tuesday,B01,Nairobi CBD,P005,Vitamin C Tablets,Supplement,3,25,75,M-Pesa
6834,2025-12-23,Tuesday,B01,Nairobi CBD,P003,Amoxicillin 250mg,Antibiotic,2,35,70,M-Pesa
6835,2025-12-23,Tuesday,B01,Nairobi CBD,P002,Ibuprofen 200mg,Pain Relief,1,15,15,M-Pesa
6836,2025-12-23,Tuesday,B01,Nairobi CBD,P004,Azithromycin 500mg,Antibiotic,3,120,360,M-Pesa
6837,2025-12-23,Tuesday,B01,Nairobi CBD,P001,Paracetamol 500mg,Pain Relief,2,10,20,M-Pesa
6838,2025-12-23,Tuesday,B01,Nairobi CBD,P004,Azithromycin 500mg,Antibiotic,2,120,240,Cash
6839,2025-12-23,Tuesday,B01,Nairobi CBD,P001,Paracetamol 500mg,Pain Relief,1,10,10,
6840,2025-12-23,Tuesday,B01,Nairobi CBD,P007,,Diabetes,2,40,80,M-Pesa
6841,2025-12-23,Tuesday,B01,Nairobi CBD,P009,Amlodipine 5mg,Hypertension,3,30,90,M-Pesa
6842,2025-12-23,Tuesday,B01,Nairobi CBD,P007,Metformin 500mg,Diabetes,1,40,40,M-Pesa
6843,2025-12-23,Tuesday,B01,Nairobi CBD,P004,Azithromycin 500mg,Antibiotic,3,120,360,M-Pesa
6844,2025-12-23,Tuesday,B02,Embakasi,P001,Paracetamol 500mg,Pain Relief,3,10,30,Cash
6845,2025-12-23,Tuesday,B02,,P006,Cough Syrup,Cold & Flu,2,90,180,Insurance
6846,2025-12-23,Tuesday,B02,Embakasi,P009,Amlodipine 5mg,Hypertension,2,30,60,M-Pesa
6847,2025-12-23,Tuesday,B02,Embakasi,P008,Insulin,Diabetes,3,450,1350,Card
6848,2025-12-23,Tuesday,B02,,P001,Paracetamol 500mg,Pain Relief,3,10,30,M-Pesa
6849,2025-12-23,Tuesday,B02,Embakasi,P005,,Supplement,1,25,25,M-Pesa
6850,2025-12-23,Tuesday,B02,Embakasi,P005,Vitamin C Tablets,Supplement,1,25,25,M-Pesa
6851,2025-12-23,Tuesday,B02,Embakasi,P001,Paracetamol 500mg,Pain Relief,2,10,20,M-Pesa
6852,2025-12-23,Tuesday,B02,Embakasi,P006,Cough Syrup,Cold & Flu,2,90,180,M-Pesa
6853,2025-12-23,Tuesday,B02,Embakasi,P005,Vitamin C Tablets,Supplement,1,25,25,M-Pesa
6854,2025-12-23,Tuesday,B02,Embakasi,P010,Antacid Tablets,Digestive,3,20,60,M-Pesa
6855,2025-12-23,Tuesday,B02,Embakasi,P007,Metformin 500mg,Diabetes,2,40,80,
6856,2025-12-23,Tuesday,B02,Embakasi,P007,Metformin 500mg,Diabetes,3,40,120,Card
6857,2025-12-23,Tuesday,B02,Embakasi,P003,Amoxicillin 250mg,Antibiotic,1,35,35,M-Pesa
6858,2025-12-23,Tuesday,B02,Embakasi,P010,Antacid Tablets,Digestive,2,20,40,M-Pesa
6859,2025-12-23,Tuesday,B02,Embakasi,P004,Azithromycin 500mg,Antibiotic,2,120,251,M-Pesa
6860,2025-12-23,Tuesday,B02,Embakasi,P008,Insulin,Diabetes,1,450,450,M-Pesa
6861,2025-12-23,Tuesday,B02,Embakasi,P010,Antacid Tablets,Digestive,2,20,40,M-Pesa
6862,2025-12-23,Tuesday,B02,,P006,Cough Syrup,Cold & Flu,1,90,90,Insurance
6863,2025-12-23,Tuesday,B02,Embakasi,P010,Antacid Tablets,Digestive,2,20,40,M-Pesa
6864,2025-12-23,Tuesday,B02,Embakasi,P007,Metformin 500mg,Diabetes,1,40,40,M-Pesa
6865,2025-12-23,Tuesday,B02,Embakasi,P002,Ibuprofen 200mg,Pain Relief,2,15,30,Cash
6866,2025-12-23,Tuesday,B02,Embakasi,P001,Paracetamol 500mg,Pain Relief,3,10,30,Cash
6867,2025-12-23,Tuesday,B02,Embakasi,P004,Azithromycin 500mg,Antibiotic,3,120,360,M-Pesa
6868,2025-12-23,Tuesday,B02,Embakasi,P003,Amoxicillin 250mg,Antibiotic,3,35,105,M-Pesa
6869,2025-12-23,Tuesday,B02,Embakasi,P007,Metformin 500mg,Diabetes,2,40,80,M-Pesa
6870,2025-12-23,Tuesday,B02,Embakasi,P004,Azithromycin 500mg,Antibiotic,2,120,240,M pesa
6871,2025-12-23,Tuesday,B02,Embakasi,P001,Paracetamol 500mg,Pain Relief,3,10,30,M-Pesa
6872,2025-12-23,Tuesday,B02,Embakasi,P007,Metformin 500mg,Diabetes,3,40,120,M-Pesa
6873,2025-12-23,Tuesday,B02,Embakasi,P006,Cough Syrup,Cold & Flu,1,90,90,Card
6874,2025-12-23,Tuesday,B02,Embakasi,P009,Amlodipine 5mg,Hypertension,1,30,30,Cash
6875,2025-12-23,Tuesday,B02,Embakasi,P005,Vitamin C Tablets,Supplement,1,25,25,Card
6876,2025-12-24,Wednesday,B01,Nairobi CBD,P004,Azithromycin 500mg,Antibiotic,3,120,360,M-Pesa
6877,2025-12-24,Wednesday,B01,Nairobi CBD,P001,,Pain Relief,1,10,10,M-Pesa
6878,2025-12-24,Wednesday,B01,Nairobi CBD,P009,Amlodipine 5mg,Hypertension,2,30,60,Cash
6879,2025-12-24,Wednesday,B01,Nairobi CBD,P002,Ibuprofen 200mg,Pain Relief,3,15,45,Card
6880,2025-12-24,Wednesday,B01,Nairobi CBD,P005,Vitamin C Tablets,Supplement,2,25,50,Cash
6881,2025-12-24,Wednesday,B01,Nairobi CBD,P004,Azithromycin 500mg,Antibiotic,2,120,240,Card
6882,2025-12-24,Wednesday,B01,Nairobi CBD,P010,Antacid Tablets,Digestive,2,20,40,M-Pesa
6883,2025-12-24,Wednesday,B01,Nairobi CBD,P002,Ibuprofen 200mg,Pain Relief,1,15,15,Card
6884,2025-12-24,Wednesday,B01,,P003,Amoxicillin 250mg,Antibiotic,2,35,70,M-Pesa
6885,2025-12-24,Wednesday,B01,Nairobi CBD,P004,Azithromycin 500mg,Antibiotic,3,120,360,
6886,2025-12-24,Wednesday,B01,Nairobi CBD,P009,Amlodipine 5mg,Hypertension,1,30,30,M-Pesa
6887,2025-12-24,Wednesday,B01,Nairobi CBD,P010,Antacid Tablets,Digestive,3,20,60,M-Pesa
6888,2025-12-24,Wednesday,B01,Nairobi CBD,P004,Azithromycin 500mg,Antibiotic,3,120,360,Cash
6889,2025-12-24,Wednesday,B01,Nairobi CBD,P001,Paracetamol 500mg,Pain Relief,1,10,10,Insurance
6890,2025-12-24,Wednesday,B01,Nairobi CBD,P003,Amoxicillin 250mg,Antibiotic,3,35,105,Cash
6891,2025-12-24,Wednesday,B01,Nairobi CBD,P001,Paracetamol 500mg,Pain Relief,3,10,30,M-Pesa
6892,2025-12-24,Wednesday,B01,Nairobi CBD,P010,Antacid Tablets,Digestive,1,20,20,Cash
6893,2025-12-24,Wednesday,B01,Nairobi CBD,P001,Paracetamol 500mg,Pain Relief,3,10,30,M-Pesa
6894,2025-12-24,Wednesday,B01,Nairobi CBD,P004,Azithromycin 500mg,Antibiotic,2,120,240,Card
6895,2025-12-24,Wednesday,B01,Nairobi CBD,P009,Amlodipine 5mg,Hypertension,3,30,90,M-Pesa
6896,2025-12-24,Wednesday,B01,Nairobi CBD,P004,Azithromycin 500mg,Antibiotic,2,120,240,M-Pesa
6897,2025-12-24,Wednesday,B01,Nairobi CBD,P006,Cough Syrup,Cold & Flu,3,90,270,Cash
6898,2025-12-24,Wednesday,B01,,P001,Paracetamol 500mg,Pain Relief,1,10,10,M-Pesa
6899,2025-12-24,Wednesday,B01,Nairobi CBD,P002,Ibuprofen 200mg,Pain Relief,1,15,15,M-Pesa
6900,2025-12-24,Wednesday,B01,Nairobi CBD,P002,Ibuprofen 200mg,Pain Relief,3,15,45,M pesa
6901,2025-12-24,Wednesday,B01,Nairobi CBD,P001,Paracetamol 500mg,Pain Relief,1,10,10,M-Pesa
6902,2025-12-24,Wednesday,B01,Nairobi CBD,P002,Ibuprofen 200mg,Pain Relief,3,15,45,M-Pesa
6903,2025-12-24,Wednesday,B01,Nairobi CBD,P008,Insulin,Diabetes,1,450,450,Cash
6904,2025-12-24,Wednesday,B01,Nairobi CBD,P002,Ibuprofen 200mg,Pain Relief,2,15,30,Cash
6905,2025-12-24,Wednesday,B01,Nairobi CBD,P006,Cough Syrup,Cold & Flu,3,90,270,Card
6906,2025-12-24,Wednesday,B01,Nairobi CBD,P010,Antacid Tablets,Digestive,2,20,40,Card
6907,2025-12-24,Wednesday,B01,Nairobi CBD,P005,Vitamin C Tablets,Supplement,2,25,50, Cash
6908,2025-12-24,Wednesday,B01,Nairobi CBD,P004,Azithromycin 500mg,Antibiotic,3,120,360,M-Pesa
6909,2025-12-24,Wednesday,B01,Nairobi CBD,P005,Vitamin C Tablets,Supplement,2,25,50,M-Pesa
6910,2025-12-24,Wednesday,B01,Nairobi CBD,P001,Paracetamol 500mg,Pain Relief,3,10,30,Cash
6911,2025-12-24,Wednesday,B01,Nairobi CBD,P002,Ibuprofen 200mg,Pain Relief,2,15,30,M-Pesa
6912,2025-12-24,Wednesday,B01,Nairobi CBD,P009,Amlodipine 5mg,Hypertension,3,30,101,Cash
6913,2025-12-24,Wednesday,B02,Embakasi,P004,Azithromycin 500mg,Antibiotic,1,120,120,M-Pesa
6914,2025-12-24,Wednesday,B02,Embakasi,P003,Amoxicillin 250mg,Antibiotic,3,35,105,M-Pesa
6915,2025-12-24,Wednesday,B02,Embakasi,P008,Insulin,Diabetes,3,450,1350,M-Pesa
6916,2025-12-24,Wednesday,B02,Embakasi,P007,,Diabetes,2,40,91,Card
6917,2025-12-24,Wednesday,B02,Embakasi,P006,Cough Syrup,Cold & Flu,3,90,270,M-Pesa
6918,2025-12-24,Wednesday,B02,Embakasi,P008,Insulin,Diabetes,1,450,450,Cash
6919,2025-12-24,Wednesday,B02,Embakasi,P009,Amlodipine 5mg,Hypertension,2,30,60, M-Pesa
6920,2025-12-24,Wednesday,B02,Embakasi,P006,Cough Syrup,Cold & Flu,2,90,180,Card
6921,2025-12-24,Wednesday,B02,Embakasi,P004,Azithromycin 500mg,Antibiotic,1,120,120,M-Pesa
6922,2025-12-24,Wednesday,B02,Embakasi,P009,Amlodipine 5mg,Hypertension,2,30,60,M-Pesa
6923,2025-12-24,Wednesday,B02,Embakasi,P008,Insulin,Diabetes,2,450,900,Card
6924,2025-12-24,Wednesday,B02,embakasi,P007,Metformin 500mg,Diabetes,2,40,80,Card
6925,2025-12-24,Wednesday,B02,Embakasi,P009,Amlodipine 5mg,Hypertension,2,30,60,M-Pesa
6926,2025-12-24,Wednesday,B02,Embakasi,P004,Azithromycin 500mg,Antibiotic,1,120,120,M-Pesa
6927,2025-12-24,Wednesday,B02,Embakasi,P004,Azithromycin 500mg,Antibiotic,1,120,120,Cash
6928,2025-12-24,Wednesday,B02,Embakasi,P008,,Diabetes,2,450,900,M-Pesa
6929,2025-12-24,Wednesday,B02,Embakasi,P003,Amoxicillin 250mg,Antibiotic,2,35,70,M-Pesa
6930,2025-12-24,Wednesday,B02,Embakasi,P002,Ibuprofen 200mg,Pain Relief,1,15,15,M-Pesa
6931,2025-12-24,Wednesday,B02,Embakasi,P004,Azithromycin 500mg,Antibiotic,1,120,120,Card
6932,2025-12-24,Wednesday,B02,Embakasi,P006,Cough Syrup,Cold & Flu,1,90,90,Insurance
6933,2025-12-24,Wednesday,B02,Embakasi,P009,Amlodipine 5mg,Hypertension,2,30,60,M-Pesa
6934,2025-12-24,Wednesday,B02,Embakasi,P006,Cough Syrup,Cold & Flu,2,90,180,M-Pesa
6935,2025-12-24,Wednesday,B02,Embakasi,P010,Antacid Tablets,Digestive,3,20,71,Cash
6936,2025-12-24,Wednesday,B02,Embakasi,P008,Insulin,Diabetes,1,450,450,M-Pesa
6937,2025-12-24,Wednesday,B02,Embakasi,P002,Ibuprofen 200mg,Pain Relief,2,15,30,M-Pesa
6938,2025-12-24,Wednesday,B02,Embakasi,P006,Cough Syrup,Cold & Flu,1,90,90,M pesa
6939,2025-12-24,Wednesday,B02,Embakasi,P001,Paracetamol 500mg,Pain Relief,2,10,20, Card
6940,2025-12-24,Wednesday,B02,Embakasi,P002,Ibuprofen 200mg,Pain Relief,1,15,15,Cash
6941,2025-12-24,Wednesday,B02,embakasi,P003,Amoxicillin 250mg,Antibiotic,2,35,70,M-Pesa
6942,2025-12-24,Wednesday,B02,Embakasi,P007,Metformin 500mg,Diabetes,3,40,120,M-Pesa
6943,2025-12-24,Wednesday,B02,Embakasi,P001,Paracetamol 500mg,Pain Relief,3,10,30,
6944,2025-12-24,Wednesday,B02,Embakasi,P009,Amlodipine 5mg,Hypertension,1,30,30,M-Pesa
6945,2025-12-25,Thursday,B01,Nairobi CBD,P002,Ibuprofen 200mg,Pain Relief,2,15,30,M-Pesa
6946,2025-12-25,Thursday,B01,Nairobi CBD,P001,Paracetamol 500mg,Pain Relief,1,10,10,M-Pesa
6947,2025-12-25,Thursday,B01,Nairobi CBD,P007,Metformin 500mg,Diabetes,2,40,80,M-Pesa
6948,2025-12-25,Thursday,B01,Nairobi CBD,P003,Amoxicillin 250mg,Antibiotic,1,35,35,M-Pesa
6949,2025-12-25,Thursday,B01,Nairobi CBD,P004,Azithromycin 500mg,Antibiotic,2,120,240,M-Pesa
6950,2025-12-25,Thursday,B01,Nairobi CBD,P010,Antacid Tablets,Digestive,1,20,20,Cash
6951,2025-12-25,Thursday,B01,Nairobi CBD,P005,Vitamin C Tablets,Supplement,2,25,50,Insurance
6952,2025-12-25,Thursday,B01,Nairobi CBD,P010,,Digestive,1,20,20,M-Pesa
6953,2025-12-25,Thursday,B01,Nairobi CBD,P004,Azithromycin 500mg,Antibiotic,2,120,240,M-Pesa
6954,2025-12-25,Thursday,B01,Nairobi CBD,P005,Vitamin C Tablets,Supplement,3,25,75,M-Pesa
6955,2025-12-25,Thursday,B01,Nairobi CBD,P007,Metformin 500mg,Diabetes,2,40,80,M-Pesa
6956,2025-12-25,Thursday,B01,Nairobi CBD,P007,Metformin 500mg,Diabetes,1,40,40,Cash
6957,2025-12-25,Thursday,B01,Nairobi CBD,P001,Paracetamol 500mg,Pain Relief,3,10,30,M-Pesa
6958,2025-12-25,Thursday,B01,Nairobi CBD,P007,Metformin 500mg,Diabetes,2,40,80,M-Pesa
6959,2025-12-25,Thursday,B01,Nairobi CBD,P010,Antacid Tablets,Digestive,3,20,60,Cash
6960,2025-12-25,Thursday,B01,Nairobi CBD,P001,Paracetamol 500mg,Pain Relief,2,10,20,M-Pesa
6961,2025-12-25,Thursday,B01,Nairobi CBD,P007,Metformin 500mg,Diabetes,3,40,120,M-Pesa
6962,2025-12-25,Thursday,B01,Nairobi CBD,P007,Metformin 500mg,Diabetes,1,40,40,M-Pesa
6963,2025-12-25,Thursday,B01,Nairobi CBD,P004,Azithromycin 500mg,Antibiotic,2,120,240,Cash
6964,2025-12-25,Thursday,B01,Nairobi CBD,P010,,Digestive,2,20,40,M-Pesa
6965,2025-12-25,Thursday,B01,Nairobi CBD,P007,Metformin 500mg,Diabetes,1,40,40,Cash
6966,2025-12-25,Thursday,B01,Nairobi CBD,P009,Amlodipine 5mg,Hypertension,3,30,90,Card
6967,2025-12-25,Thursday,B01,Nairobi CBD,P004,Azithromycin 500mg,Antibiotic,1,120,120,M-Pesa
6968,2025-12-25,Thursday,B01,Nairobi CBD,P010,Antacid Tablets,Digestive,1,20,20,Card
6969,2025-12-25,Thursday,B01,Nairobi CBD,P004,Azithromycin 500mg,Antibiotic,3,120,360,Card
6970,2025-12-25,Thursday,B01,Nairobi CBD,P007,Metformin 500mg,Diabetes,1,40,40,Cash
6971,2025-12-25,Thursday,B01,Nairobi CBD,P003,Amoxicillin 250mg,Antibiotic,2,35,70,M-Pesa
6972,2025-12-25,Thursday,B01,Nairobi CBD,P001,Paracetamol 500mg,Pain Relief,2,10,20,M pesa
6973,2025-12-25,Thursday,B01,Nairobi CBD,P010,Antacid Tablets,Digestive,2,20,40,M-Pesa
6974,2025-12-25,Thursday,B01,Nairobi CBD,P002,Ibuprofen 200mg,Pain Relief,1,15,15,M-Pesa
6975,2025-12-25,Thursday,B01,Nairobi CBD,P001,Paracetamol 500mg,Pain Relief,2,10,20,Card
6976,2025-12-25,Thursday,B01,Nairobi CBD,P003,Amoxicillin 250mg,Antibiotic,2,35,81,Card
6977,2025-12-25,Thursday,B01,,P002,Ibuprofen 200mg,Pain Relief,2,15,30,
6978,2025-12-25,Thursday,B01,Nairobi CBD,P002,Ibuprofen 200mg,Pain Relief,2,15,41,M-Pesa
6979,2025-12-25,Thursday,B01,Nairobi CBD,P007,Metformin 500mg,Diabetes,2,40,80,M-Pesa
6980,2025-12-25,Thursday,B01,Nairobi CBD,P006,Cough Syrup,Cold & Flu,2,90,180,Cash
6981,2025-12-25,Thursday,B02,Embakasi,P002,Ibuprofen 200mg,Pain Relief,1,15,15,Insurance
6982,2025-12-25,Thursday,B02,Embakasi,P001,Paracetamol 500mg,Pain Relief,2,10,20,M-Pesa
6983,2025-12-25,Thursday,B02,Embakasi,P010,Antacid Tablets,Digestive,2,20,40,M-Pesa
6984,2025-12-25,Thursday,B02,Embakasi,P004,Azithromycin 500mg,Antibiotic,3,120,360,M-Pesa
6985,2025-12-25,Thursday,B02,Embakasi,P008,Insulin,Diabetes,1,450,450,M-Pesa
6986,2025-12-25,Thursday,B02,Embakasi,P006,Cough Syrup,Cold & Flu,1,90,90,M-Pesa
6987,2025-12-25,Thursday,B02,Embakasi,P008,Insulin,Diabetes,1,450,450,M-Pesa
6988,2025-12-25,Thursday,B02,Embakasi,P002,Ibuprofen 200mg,Pain Relief,1,15,15,M-Pesa
6989,2025-12-25,Thursday,B02,Embakasi,P007,Metformin 500mg,Diabetes,2,40,80,M-Pesa
6990,2025-12-25,Thursday,B02,Embakasi,P008,Insulin,Diabetes,2,450,900,Cash
6991,2025-12-25,Thursday,B02,Embakasi,P008,Insulin,Diabetes,3,450,1350,M-Pesa
6992,2025-12-25,Thursday,B02,Embakasi,P001,Paracetamol 500mg,Pain Relief,3,10,30,M-Pesa
6993,2025-12-25,Thursday,B02,Embakasi,P002,Ibuprofen 200mg,Pain Relief,1,15,15,M-Pesa
6994,2025-12-25,Thursday,B02,Embakasi,P001,Paracetamol 500mg,Pain Relief,3,10,30,Card
6995,2025-12-25,Thursday,B02,Embakasi,P008,Insulin,Diabetes,3,450,1350,M-Pesa
6996,2025-12-25,Thursday,B02,Embakasi,P006,Cough Syrup,Cold & Flu,1,90,90,M-Pesa
6997,2025-12-25,Thursday,B02,,P005,Vitamin C Tablets,Supplement,1,25,25,M-Pesa
6998,2025-12-25,Thursday,B02,Embakasi,P005,Vitamin C Tablets,Supplement,3,25,75,M-Pesa
6999,2025-12-25,Thursday,B02,Embakasi,P001,Paracetamol 500mg,Pain Relief,2,10,20,M-Pesa
7000,2025-12-25,Thursday,B02,Embakasi,P002,Ibuprofen 200mg,Pain Relief,3,15,45,Cash
7001,2025-12-25,Thursday,B02,Embakasi,P006,Cough Syrup,Cold & Flu,3,90,270,Card
7002,2025-12-25,Thursday,B02,Embakasi,P002,Ibuprofen 200mg,Pain Relief,2,15,30,M-Pesa
7003,2025-12-25,Thursday,B02,Embakasi,P001,Paracetamol 500mg,Pain Relief,2,10,20,Cash
7004,2025-12-25,Thursday,B02,Embakasi,P005,Vitamin C Tablets,Supplement,1,25,25,M-Pesa
7005,2025-12-25,Thursday,B02,Embakasi,P004,Azithromycin 500mg,Antibiotic,1,120,131,M-Pesa
7006,2025-12-25,Thursday,B02,Embakasi,P005,Vitamin C Tablets,Supplement,3,25,75,Cash
7007,2025-12-25,Thursday,B02,Embakasi,P001,Paracetamol 500mg,Pain Relief,2,10,20,M-Pesa
7008,2025-12-25,Thursday,B02,Embakasi,P006,Cough Syrup,Cold & Flu,1,90,90,M-Pesa
7009,2025-12-25,Thursday,B02,Embakasi,P007,Metformin 500mg,Diabetes,3,40,120,
7010,2025-12-25,Thursday,B02,Embakasi,P004,Azithromycin 500mg,Antibiotic,2,120,240,
7011,2025-12-25,Thursday,B02,Embakasi,P004,Azithromycin 500mg,Antibiotic,3,120,360,M-Pesa
7012,2025-12-25,Thursday,B02,embakasi,P010,Antacid Tablets,Digestive,1,20,20,Insurance
7013,2025-12-25,Thursday,B02,Embakasi,P003,Amoxicillin 250mg,Antibiotic,1,35,35,M-Pesa
7014,2025-12-26,Friday,B01,Nairobi CBD,P008,Insulin,Diabetes,3,450,1350,Insurance
7015,2025-12-26,Friday,B01,Nairobi CBD,P007,Metformin 500mg,Diabetes,2,40,80,M-Pesa
7016,2025-12-26,Friday,B01,Nairobi CBD,P005,Vitamin C Tablets,Supplement,1,25,25,Card
7017,2025-12-26,Friday,B01,Nairobi CBD,P006,Cough Syrup,Cold & Flu,1,90,90,Card
7018,2025-12-26,Friday,B01,Nairobi CBD,P010,Antacid Tablets,Digestive,3,20,60,M-Pesa
7019,2025-12-26,Friday,B01,Nairobi CBD,P010,Antacid Tablets,Digestive,3,20,60,M-Pesa
7020,2025-12-26,Friday,B01,Nairobi CBD,P004,,Antibiotic,3,120,360,M-Pesa
7021,2025-12-26,Friday,B01,Nairobi CBD,P001,Paracetamol 500mg,Pain Relief,2,10,20,M-Pesa
7022,2025-12-26,Friday,B01,Nairobi CBD,P003,Amoxicillin 250mg,Antibiotic,3,35,105,M-Pesa
7023,2025-12-26,Friday,B01,Nairobi CBD,P010,Antacid Tablets,Digestive,3,20,60,M-Pesa
7024,2025-12-26,Friday,B01,Nairobi CBD,P010,Antacid Tablets,Digestive,1,20,20,M-Pesa
7025,2025-12-26,Friday,B01,Nairobi CBD,P006,Cough Syrup,Cold & Flu,1,90,90,M pesa
7026,2025-12-26,Friday,B01,Nairobi CBD,P010,Antacid Tablets,Digestive,3,20,60,M-Pesa
7027,2025-12-26,Friday,B01,,P007,,Diabetes,3,40,120,M-Pesa
7028,2025-12-26,Friday,B01,Nairobi CBD,P006,Cough Syrup,Cold & Flu,1,90,90,M-Pesa
7029,2025-12-26,Friday,B01,Nairobi CBD,P006,Cough Syrup,Cold & Flu,3,90,270,M-Pesa
7030,2025-12-26,Friday,B01,Nairobi CBD,P010,Antacid Tablets,Digestive,2,20,40,M-Pesa
7031,2025-12-26,Friday,B01,Nairobi CBD,P001,Paracetamol 500mg,Pain Relief,2,10,20,M-Pesa
7032,2025-12-26,Friday,B01,Nairobi CBD,P002,Ibuprofen 200mg,Pain Relief,2,15,30,Card
7033,2025-12-26,Friday,B01,Nairobi CBD,P004,,Antibiotic,3,120,360,Card
7034,2025-12-26,Friday,B01,Nairobi CBD,P007,Metformin 500mg,Diabetes,1,40,40,Cash
7035,2025-12-26,Friday,B01,,P008,Insulin,Diabetes,3,450,1350,M-Pesa
7036,2025-12-26,Friday,B01,Nairobi CBD,P008,Insulin,Diabetes,3,450,1350,
7037,2025-12-26,Friday,B01,Nairobi CBD,P009,Amlodipine 5mg,Hypertension,1,30,30,M-Pesa
7038,2025-12-26,Friday,B01,Nairobi CBD,P002,Ibuprofen 200mg,Pain Relief,1,15,15,M-Pesa
7039,2025-12-26,Friday,B01,Nairobi CBD,P009,Amlodipine 5mg,Hypertension,1,30,30,Cash
7040,2025-12-26,Friday,B01,Nairobi CBD,P003,Amoxicillin 250mg,Antibiotic,2,35,70,M-Pesa
7041,2025-12-26,Friday,B01,Nairobi CBD,P003,Amoxicillin 250mg,Antibiotic,3,35,105,Cash
7042,2025-12-26,Friday,B01,Nairobi CBD,P005,Vitamin C Tablets,Supplement,1,25,25,Cash
7043,2025-12-26,Friday,B01,Nairobi CBD,P008,Insulin,Diabetes,3,450,1350,M-Pesa
7044,2025-12-26,Friday,B01,Nairobi CBD,P006,Cough Syrup,Cold & Flu,2,90,180,M-Pesa
7045,2025-12-26,Friday,B01,Nairobi CBD,P004,,Antibiotic,2,120,240,M pesa
7046,2025-12-26,Friday,B01,Nairobi CBD,P009,Amlodipine 5mg,Hypertension,1,30,30,M-Pesa
7047,2025-12-26,Friday,B01,Nairobi CBD,P007,Metformin 500mg,Diabetes,1,40,40,Cash
7048,2025-12-26,Friday,B01,Nairobi CBD,P002,Ibuprofen 200mg,Pain Relief,3,15,45,M-Pesa
7049,2025-12-26,Friday,B01,Nairobi CBD,P010,Antacid Tablets,Digestive,1,20,20,Cash
7050,2025-12-26,Friday,B01,Nairobi CBD,P002,Ibuprofen 200mg,Pain Relief,3,15,45, M-Pesa
7051,2025-12-26,Friday,B01,Nairobi CBD,P006,Cough Syrup,Cold & Flu,1,90,90,M-Pesa
7052,2025-12-26,Friday,B01,Nairobi CBD,P001,Paracetamol 500mg,Pain Relief,3,10,30,M-Pesa
7053,2025-12-26,Friday,B01,Nairobi CBD,P008,,Diabetes,3,450,1350,Card
7054,2025-12-26,Friday,B02,Embakasi,P001,Paracetamol 500mg,Pain Relief,3,10,30,Cash
7055,2025-12-26,Friday,B02,Embakasi,P007,Metformin 500mg,Diabetes,1,40,40,M-Pesa
7056,2025-12-26,Friday,B02,Embakasi,P005,Vitamin C Tablets,Supplement,2,25,50,M-Pesa
7057,2025-12-26,Friday,B02,Embakasi,P007,Metformin 500mg,Diabetes,2,40,80,M-Pesa
7058,2025-12-26,Friday,B02,Embakasi,P001,Paracetamol 500mg,Pain Relief,3,10,30,M-Pesa
7059,2025-12-26,Friday,B02,Embakasi,P002,Ibuprofen 200mg,Pain Relief,2,15,30,M pesa
7060,2025-12-26,Friday,B02,Embakasi,P008,Insulin,Diabetes,3,450,1350, M-Pesa
7061,2025-12-26,Friday,B02,Embakasi,P004,Azithromycin 500mg,Antibiotic,1,120,120,Cash
7062,2025-12-26,Friday,B02,Embakasi,P007,Metformin 500mg,Diabetes,3,40,120,M-Pesa
7063,2025-12-26,Friday,B02,Embakasi,P004,Azithromycin 500mg,Antibiotic,2,120,240,M-Pesa
7064,2025-12-26,Friday,B02,Embakasi,P006,Cough Syrup,Cold & Flu,1,90,90,M-Pesa
7065,2025-12-26,Friday,B02,Embakasi,P008,Insulin,Diabetes,3,450,1350,M-Pesa
7066,2025-12-26,Friday,B02,Embakasi,P009,Amlodipine 5mg,Hypertension,1,30,30,Cash
7067,2025-12-26,Friday,B02,,P010,Antacid Tablets,Digestive,1,20,20,M-Pesa
7068,2025-12-26,Friday,B02,Embakasi,P005,Vitamin C Tablets,Supplement,2,25,50,M-Pesa
7069,2025-12-26,Friday,B02,Embakasi,P006,Cough Syrup,Cold & Flu,1,90,90,Cash
7070,2025-12-26,Friday,B02,Embakasi,P008,Insulin,Diabetes,2,450,900,Card
7071,2025-12-26,Friday,B02,Embakasi,P003,Amoxicillin 250mg,Antibiotic,1,35,35,Cash
7072,2025-12-26,Friday,B02,Embakasi,P003,Amoxicillin 250mg,Antibiotic,3,35,105,M-Pesa
7073,2025-12-26,Friday,B02,Embakasi,P010,Antacid Tablets,Digestive,1,20,20,Cash
7074,2025-12-26,Friday,B02,Embakasi,P008,Insulin,Diabetes,3,450,1350,M-Pesa
7075,2025-12-26,Friday,B02,Embakasi,P002,Ibuprofen 200mg,Pain Relief,3,15,45,M-Pesa
7076,2025-12-26,Friday,B02,Embakasi,P009,Amlodipine 5mg,Hypertension,1,30,30,Cash
7077,2025-12-26,Friday,B02,Embakasi,P005,Vitamin C Tablets,Supplement,3,25,75,Cash
7078,2025-12-26,Friday,B02,Embakasi,P005,,Supplement,1,25,25,M-Pesa
7079,2025-12-26,Friday,B02,Embakasi,P009,Amlodipine 5mg,Hypertension,1,30,30,M-Pesa
7080,2025-12-26,Friday,B02,Embakasi,P001,Paracetamol 500mg,Pain Relief,3,10,30,M-Pesa
7081,2025-12-26,Friday,B02,Embakasi,P007,Metformin 500mg,Diabetes,3,40,120,
7082,2025-12-26,Friday,B02,Embakasi,P008,Insulin,Diabetes,2,450,900,M-Pesa
7083,2025-12-26,Friday,B02,Embakasi,P008,Insulin,Diabetes,3,450,1350,M-Pesa
7084,2025-12-26,Friday,B02,Embakasi,P003,Amoxicillin 250mg,Antibiotic,2,35,70,M-Pesa
7085,2025-12-26,Friday,B02,Embakasi,P009,Amlodipine 5mg,Hypertension,3,30,90,M-Pesa
7086,2025-12-26,Friday,B02,Embakasi,P009,Amlodipine 5mg,Hypertension,1,30,30,M-Pesa
7087,2025-12-26,Friday,B02,Embakasi,P009,Amlodipine 5mg,Hypertension,3,30,90,M-Pesa
7088,2025-12-26,Friday,B02,embakasi,P008,Insulin,Diabetes,1,450,450,M-Pesa
7089,2025-12-27,Saturday,B01,Nairobi CBD,P006,Cough Syrup,Cold & Flu,1,90,90,M-Pesa
7090,2025-12-27,Saturday,B01,Nairobi CBD,P007,Metformin 500mg,Diabetes,2,40,80,M-Pesa
7091,2025-12-27,Saturday,B01,Nairobi CBD,P009,Amlodipine 5mg,Hypertension,3,30,90,M-Pesa
7092,2025-12-27,Saturday,B01,Nairobi CBD,P009,Amlodipine 5mg,Hypertension,1,30,30,M-Pesa
7093,2025-12-27,Saturday,B01,Nairobi CBD,P006,Cough Syrup,Cold & Flu,1,90,90,M-Pesa
7094,2025-12-27,Saturday,B01,Nairobi CBD,P002,Ibuprofen 200mg,Pain Relief,2,15,30,M pesa
7095,2025-12-27,Saturday,B01,Nairobi CBD,P002,Ibuprofen 200mg,Pain Relief,3,15,45,M pesa
7096,2025-12-27,Saturday,B01,Nairobi CBD,P009,Amlodipine 5mg,Hypertension,3,30,101,M-Pesa
7097,2025-12-27,Saturday,B01,Nairobi CBD,P009,Amlodipine 5mg,Hypertension,2,30,60,Card
7098,2025-12-27,Saturday,B01,Nairobi CBD,P006,Cough Syrup,Cold & Flu,2,90,180,M-Pesa
7099,2025-12-27,Saturday,B01,Nairobi CBD,P003,Amoxicillin 250mg,Antibiotic,3,35,105,M-Pesa
7100,2025-12-27,Saturday,B01,Nairobi CBD,P005,Vitamin C Tablets,Supplement,2,25,50,M pesa
7101,2025-12-27,Saturday,B01,Nairobi CBD,P001,Paracetamol 500mg,Pain Relief,3,10,30,M-Pesa
7102,2025-12-27,Saturday,B01,Nairobi CBD,P005,Vitamin C Tablets,Supplement,3,25,75,M-Pesa
7103,2025-12-27,Saturday,B01,Nairobi CBD,P003,Amoxicillin 250mg,Antibiotic,1,35,35,M-Pesa
7104,2025-12-27,Saturday,B01,Nairobi CBD,P004,Azithromycin 500mg,Antibiotic,1,120,131,M-Pesa
7105,2025-12-27,Saturday,B01,Nairobi CBD,P003,Amoxicillin 250mg,Antibiotic,3,35,105,Card
7106,2025-12-27,Saturday,B01,Nairobi CBD,P006,Cough Syrup,Cold & Flu,3,90,270,M-Pesa
7107,2025-12-27,Saturday,B01,Nairobi CBD,P008,Insulin,Diabetes,3,450,1350,M-Pesa
7108,2025-12-27,Saturday,B01,Nairobi CBD,P001,Paracetamol 500mg,Pain Relief,3,10,30,M-Pesa
7109,2025-12-27,Saturday,B01,Nairobi CBD,P006,Cough Syrup,Cold & Flu,3,90,270,Card
7110,2025-12-27,Saturday,B01,Nairobi CBD,P010,Antacid Tablets,Digestive,3,20,60,M-Pesa
7111,2025-12-27,Saturday,B01,Nairobi CBD,P006,Cough Syrup,Cold & Flu,2,90,180,M-Pesa
7112,2025-12-27,Saturday,B01,Nairobi CBD,P008,Insulin,Diabetes,3,450,1350,M-Pesa
7113,2025-12-27,Saturday,B01,Nairobi CBD,P006,Cough Syrup,Cold & Flu,2,90,180,M-Pesa
7114,2025-12-27,Saturday,B01,Nairobi CBD,P002,Ibuprofen 200mg,Pain Relief,2,15,30,Cash
7115,2025-12-27,Saturday,B01,Nairobi CBD,P001,Paracetamol 500mg,Pain Relief,3,10,30,M pesa
7116,2025-12-27,Saturday,B01,Nairobi CBD,P010,Antacid Tablets,Digestive,3,20,60,Cash
7117,2025-12-27,Saturday,B01,Nairobi CBD,P006,Cough Syrup,Cold & Flu,2,90,180,M-Pesa
7118,2025-12-27,Saturday,B01,Nairobi CBD,P004,Azithromycin 500mg,Antibiotic,2,120,240,M-Pesa
7119,2025-12-27,Saturday,B01,Nairobi CBD,P005,Vitamin C Tablets,Supplement,3,25,75,M-Pesa
7120,2025-12-27,Saturday,B01,Nairobi CBD,P001,,Pain Relief,3,10,30,Cash
7121,2025-12-27,Saturday,B01,Nairobi CBD,P005,Vitamin C Tablets,Supplement,2,25,50,Cash
7122,2025-12-27,Saturday,B01,Nairobi CBD,P009,Amlodipine 5mg,Hypertension,2,30,60,M-Pesa
7123,2025-12-27,Saturday,B01,Nairobi CBD,P006,Cough Syrup,Cold & Flu,2,90,180,M-Pesa
7124,2025-12-27,Saturday,B01,Nairobi CBD,P008,Insulin,Diabetes,1,450,450,M-Pesa
7125,2025-12-27,Saturday,B01,Nairobi CBD,P002,Ibuprofen 200mg,Pain Relief,2,15,30,Card
7126,2025-12-27,Saturday,B01,Nairobi CBD,P010,,Digestive,1,20,20,Cash
7127,2025-12-27,Saturday,B01,Nairobi CBD,P001,Paracetamol 500mg,Pain Relief,3,10,30,
7128,2025-12-27,Saturday,B02,Embakasi,P010,Antacid Tablets,Digestive,2,20,40,M-Pesa
7129,2025-12-27,Saturday,B02,Embakasi,P002,Ibuprofen 200mg,Pain Relief,3,15,45,M-Pesa
7130,2025-12-27,Saturday,B02,,P009,Amlodipine 5mg,Hypertension,3,30,90,Cash
7131,2025-12-27,Saturday,B02,embakasi,P003,Amoxicillin 250mg,Antibiotic,3,35,105,M-Pesa
7132,2025-12-27,Saturday,B02,embakasi,P006,Cough Syrup,Cold & Flu,3,90,270,Cash
7133,2025-12-27,Saturday,B02,Embakasi,P004,Azithromycin 500mg,Antibiotic,1,120,120,Cash
7134,2025-12-27,Saturday,B02,Embakasi,P001,Paracetamol 500mg,Pain Relief,1,10,10,Cash
7135,2025-12-27,Saturday,B02,Embakasi,P001,Paracetamol 500mg,Pain Relief,2,10,20,M-Pesa
7136,2025-12-27,Saturday,B02,Embakasi,P004,Azithromycin 500mg,Antibiotic,2,120,240,Insurance
7137,2025-12-27,Saturday,B02,Embakasi,P009,Amlodipine 5mg,Hypertension,2,30,60,M-Pesa
7138,2025-12-27,Saturday,B02,Embakasi,P003,Amoxicillin 250mg,Antibiotic,3,35,105,Cash
7139,2025-12-27,Saturday,B02,Embakasi,P003,Amoxicillin 250mg,Antibiotic,3,35,105,M-Pesa
7140,2025-12-27,Saturday,B02,Embakasi,P009,Amlodipine 5mg,Hypertension,1,30,30,Cash
7141,2025-12-27,Saturday,B02,Embakasi,P007,Metformin 500mg,Diabetes,1,40,40,M-Pesa
7142,2025-12-27,Saturday,B02,Embakasi,P008,Insulin,Diabetes,2,450,900,Cash
7143,2025-12-27,Saturday,B02,Embakasi,P008,Insulin,Diabetes,1,450,450,Card
7144,2025-12-27,Saturday,B02,Embakasi,P010,Antacid Tablets,Digestive,1,20,20,Cash
7145,2025-12-27,Saturday,B02,Embakasi,P001,Paracetamol 500mg,Pain Relief,1,10,10,M-Pesa
7146,2025-12-27,Saturday,B02,Embakasi,P003,Amoxicillin 250mg,Antibiotic,1,35,35,M pesa
7147,2025-12-27,Saturday,B02,Embakasi,P003,Amoxicillin 250mg,Antibiotic,1,35,35,
7148,2025-12-27,Saturday,B02,Embakasi,P007,Metformin 500mg,Diabetes,2,40,80,M-Pesa
7149,2025-12-27,Saturday,B02,Embakasi,P005,,Supplement,2,25,50,M-Pesa
7150,2025-12-27,Saturday,B02,Embakasi,P002,Ibuprofen 200mg,Pain Relief,1,15,15,Card
7151,2025-12-27,Saturday,B02,,P006,Cough Syrup,Cold & Flu,2,90,180,M-Pesa
7152,2025-12-27,Saturday,B02,Embakasi,P003,Amoxicillin 250mg,Antibiotic,3,35,105,Cash
7153,2025-12-27,Saturday,B02,Embakasi,P004,Azithromycin 500mg,Antibiotic,1,120,120,M-Pesa
7154,2025-12-27,Saturday,B02,Embakasi,P004,Azithromycin 500mg,Antibiotic,3,120,360,Card
7155,2025-12-27,Saturday,B02,Embakasi,P006,Cough Syrup,Cold & Flu,2,90,180,M-Pesa
7156,2025-12-27,Saturday,B02,Embakasi,P002,Ibuprofen 200mg,Pain Relief,2,15,30, Card
7157,2025-12-27,Saturday,B02,,P008,,Diabetes,3,450,1350,M-Pesa
7158,2025-12-27,Saturday,B02,Embakasi,P007,Metformin 500mg,Diabetes,2,40,80,M-Pesa
7159,2025-12-27,Saturday,B02,Embakasi,P009,Amlodipine 5mg,Hypertension,1,30,30,M-Pesa
7160,2025-12-28,Sunday,B01,Nairobi CBD,P010,Antacid Tablets,Digestive,3,20,60,M-Pesa
7161,2025-12-28,Sunday,B01,Nairobi CBD,P005,Vitamin C Tablets,Supplement,2,25,50,Cash
7162,2025-12-28,Sunday,B01,Nairobi CBD,P007,Metformin 500mg,Diabetes,3,40,120,M-Pesa
7163,2025-12-28,Sunday,B01,Nairobi CBD,P009,Amlodipine 5mg,Hypertension,3,30,90,Cash
7164,2025-12-28,Sunday,B01,Nairobi CBD,P009,Amlodipine 5mg,Hypertension,1,30,30,Cash
7165,2025-12-28,Sunday,B01,Nairobi CBD,P009,Amlodipine 5mg,Hypertension,2,30,71,M-Pesa
7166,2025-12-28,Sunday,B01,Nairobi CBD,P009,Amlodipine 5mg,Hypertension,1,30,30,M-Pesa
7167,2025-12-28,Sunday,B01,Nairobi CBD,P004,Azithromycin 500mg,Antibiotic,2,120,240,Cash
7168,2025-12-28,Sunday,B01,Nairobi CBD,P001,Paracetamol 500mg,Pain Relief,1,10,10,Cash
7169,2025-12-28,Sunday,B01,Nairobi CBD,P003,Amoxicillin 250mg,Antibiotic,3,35,105,Cash
7170,2025-12-28,Sunday,B01,Nairobi CBD,P002,Ibuprofen 200mg,Pain Relief,1,15,15,M-Pesa
7171,2025-12-28,Sunday,B01,Nairobi CBD,P010,Antacid Tablets,Digestive,2,20,40,M-Pesa
7172,2025-12-28,Sunday,B01,Nairobi CBD,P009,Amlodipine 5mg,Hypertension,2,30,60,M pesa
7173,2025-12-28,Sunday,B01,Nairobi CBD,P008,Insulin,Diabetes,3,450,1350,Insurance
7174,2025-12-28,Sunday,B01,Nairobi CBD,P007,,Diabetes,2,40,80,Insurance
7175,2025-12-28,Sunday,B01,Nairobi CBD,P002,Ibuprofen 200mg,Pain Relief,1,15,15,Cash
7176,2025-12-28,Sunday,B01,Nairobi CBD,P001,Paracetamol 500mg,Pain Relief,3,10,30,Cash
7177,2025-12-28,Sunday,B01,Nairobi CBD,P004,Azithromycin 500mg,Antibiotic,2,120,240,M pesa
7178,2025-12-28,Sunday,B01,Nairobi CBD,P002,Ibuprofen 200mg,Pain Relief,2,15,30, Cash
7179,2025-12-28,Sunday,B01,Nairobi CBD,P006,Cough Syrup,Cold & Flu,1,90,90,M-Pesa
7180,2025-12-28,Sunday,B01,Nairobi CBD,P001,Paracetamol 500mg,Pain Relief,1,10,10,M-Pesa
7181,2025-12-28,Sunday,B01,Nairobi CBD,P009,Amlodipine 5mg,Hypertension,3,30,90,M-Pesa
7182,2025-12-28,Sunday,B01,Nairobi CBD,P004,Azithromycin 500mg,Antibiotic,2,120,240,Cash
7183,2025-12-28,Sunday,B01,Nairobi CBD,P010,Antacid Tablets,Digestive,1,20,20,Card
7184,2025-12-28,Sunday,B01,Nairobi CBD,P006,Cough Syrup,Cold & Flu,3,90,270,Cash
7185,2025-12-28,Sunday,B01,Nairobi CBD,P001,Paracetamol 500mg,Pain Relief,2,10,20,Card
7186,2025-12-28,Sunday,B01,Nairobi CBD,P004,Azithromycin 500mg,Antibiotic,2,120,240,M-Pesa
7187,2025-12-28,Sunday,B01,Nairobi CBD,P009,Amlodipine 5mg,Hypertension,3,30,90,Card
7188,2025-12-28,Sunday,B01,Nairobi CBD,P001,Paracetamol 500mg,Pain Relief,3,10,30,M-Pesa
7189,2025-12-28,Sunday,B01,Nairobi CBD,P007,Metformin 500mg,Diabetes,1,40,40,M-Pesa
7190,2025-12-28,Sunday,B01,Nairobi CBD,P006,Cough Syrup,Cold & Flu,2,90,191,M pesa
7191,2025-12-28,Sunday,B01,Nairobi CBD,P002,Ibuprofen 200mg,Pain Relief,2,15,30,M-Pesa
7192,2025-12-28,Sunday,B01,Nairobi CBD,P006,Cough Syrup,Cold & Flu,2,90,180,M-Pesa
7193,2025-12-28,Sunday,B01,Nairobi CBD,P004,,Antibiotic,3,120,360,Card
7194,2025-12-28,Sunday,B01,Nairobi CBD,P006,Cough Syrup,Cold & Flu,1,90,90,M-Pesa
7195,2025-12-28,Sunday,B01,Nairobi CBD,P006,Cough Syrup,Cold & Flu,2,90,180,M-Pesa
7196,2025-12-28,Sunday,B01,Nairobi CBD,P010,Antacid Tablets,Digestive,3,20,60,M-Pesa
7197,2025-12-28,Sunday,B01,Nairobi CBD,P003,Amoxicillin 250mg,Antibiotic,2,35,70,Insurance
7198,2025-12-28,Sunday,B01,Nairobi CBD,P005,Vitamin C Tablets,Supplement,1,25,25,M-Pesa
7199,2025-12-28,Sunday,B02,Embakasi,P004,Azithromycin 500mg,Antibiotic,1,120,120,M-Pesa
7200,2025-12-28,Sunday,B02,Embakasi,P004,Azithromycin 500mg,Antibiotic,1,120,120,M-Pesa
7201,2025-12-28,Sunday,B02,Embakasi,P008,Insulin,Diabetes,2,450,900,Card
7202,2025-12-28,Sunday,B02,Embakasi,P005,Vitamin C Tablets,Supplement,2,25,50,M-Pesa
7203,2025-12-28,Sunday,B02,Embakasi,P010,Antacid Tablets,Digestive,1,20,20,M-Pesa
7204,2025-12-28,Sunday,B02,Embakasi,P007,Metformin 500mg,Diabetes,3,40,120,Cash
7205,2025-12-28,Sunday,B02,Embakasi,P009,Amlodipine 5mg,Hypertension,1,30,30,M-Pesa
7206,2025-12-28,Sunday,B02,Embakasi,P009,Amlodipine 5mg,Hypertension,2,30,60,Cash
7207,2025-12-28,Sunday,B02,Embakasi,P004,Azithromycin 500mg,Antibiotic,2,120,240,Cash
7208,2025-12-28,Sunday,B02,Embakasi,P005,Vitamin C Tablets,Supplement,3,25,75,
7209,2025-12-28,Sunday,B02,Embakasi,P004,Azithromycin 500mg,Antibiotic,1,120,120,M-Pesa
7210,2025-12-28,Sunday,B02,Embakasi,P004,Azithromycin 500mg,Antibiotic,1,120,120,Cash
7211,2025-12-28,Sunday,B02,Embakasi,P001,Paracetamol 500mg,Pain Relief,1,10,10,Cash
7212,2025-12-28,Sunday,B02,Embakasi,P009,Amlodipine 5mg,Hypertension,2,30,60,M-Pesa
7213,2025-12-28,Sunday,B02,Embakasi,P005,Vitamin C Tablets,Supplement,1,25,25,Cash
7214,2025-12-28,Sunday,B02,Embakasi,P006,Cough Syrup,Cold & Flu,3,90,270,M-Pesa
7215,2025-12-28,Sunday,B02,Embakasi,P001,Paracetamol 500mg,Pain Relief,2,10,20,Cash
7216,2025-12-28,Sunday,B02,,P002,Ibuprofen 200mg,Pain Relief,2,15,30,M-Pesa
7217,2025-12-28,Sunday,B02,Embakasi,P009,Amlodipine 5mg,Hypertension,1,30,30,Cash
7218,2025-12-28,Sunday,B02,Embakasi,P007,Metformin 500mg,Diabetes,3,40,120,M-Pesa
7219,2025-12-28,Sunday,B02,Embakasi,P004,Azithromycin 500mg,Antibiotic,2,120,240,M-Pesa
7220,2025-12-28,Sunday,B02,Embakasi,P001,Paracetmol,Pain Relief,2,10,20,
7221,2025-12-28,Sunday,B02,Embakasi,P002,Ibuprofen 200mg,Pain Relief,1,15,15,Cash
7222,2025-12-28,Sunday,B02,Embakasi,P001,Paracetamol 500mg,Pain Relief,1,10,10,Cash
7223,2025-12-28,Sunday,B02,Embakasi,P005,Vitamin C Tablets,Supplement,3,25,75,M-Pesa
7224,2025-12-28,Sunday,B02,Embakasi,P007,Metformin 500mg,Diabetes,1,40,40,M-Pesa
7225,2025-12-28,Sunday,B02,Embakasi,P006,Cough Syrup,Cold & Flu,3,90,281,M-Pesa
7226,2025-12-28,Sunday,B02,Embakasi,P009,Amlodipine 5mg,Hypertension,2,30,60,M-Pesa
7227,2025-12-28,Sunday,B02,embakasi,P009,Amlodipine 5mg,Hypertension,3,30,90,M-Pesa
7228,2025-12-28,Sunday,B02,Embakasi,P006,Cough Syrup,Cold & Flu,3,90,270,Cash
7229,2025-12-28,Sunday,B02,embakasi,P003,Amoxicillin 250mg,Antibiotic,3,35,105,M-Pesa
7230,2025-12-29,Monday,B01,Nairobi CBD,P007,Metformin 500mg,Diabetes,1,40,40,M-Pesa
7231,2025-12-29,Monday,B01,,P005,Vitamin C Tablets,Supplement,2,25,50,M-Pesa
7232,2025-12-29,Monday,B01,Nairobi CBD,P008,Insulin,Diabetes,1,450,450,M-Pesa
7233,2025-12-29,Monday,B01,Nairobi CBD,P010,Antacid Tablets,Digestive,3,20,60,M-Pesa
7234,2025-12-29,Monday,B01,Nairobi CBD,P001,Paracetamol 500mg,Pain Relief,3,10,30,M-Pesa
7235,2025-12-29,Monday,B01,Nairobi CBD,P008,Insulin,Diabetes,3,450,1350,Cash
7236,2025-12-29,Monday,B01,Nairobi CBD,P009,Amlodipine 5mg,Hypertension,3,30,90,M-Pesa
7237,2025-12-29,Monday,B01,Nairobi CBD,P004,Azithromycin 500mg,Antibiotic,3,120,360,Cash
7238,2025-12-29,Monday,B01,Nairobi CBD,P005,Vitamin C Tablets,Supplement,1,25,25,M-Pesa
7239,2025-12-29,Monday,B01,Nairobi CBD,P004,Azithromycin 500mg,Antibiotic,1,120,120,Cash
7240,2025-12-29,Monday,B01,Nairobi CBD,P006,Cough Syrup,Cold & Flu,3,90,270,Card
7241,2025-12-29,Monday,B01,Nairobi CBD,P010,Antacid Tablets,Digestive,2,20,40,M-Pesa
7242,2025-12-29,Monday,B01,,P009,Amlodipine 5mg,Hypertension,2,30,60,M-Pesa
7243,2025-12-29,Monday,B01,Nairobi CBD,P010,Antacid Tablets,Digestive,3,20,60,Card
7244,2025-12-29,Monday,B01,Nairobi CBD,P010,Antacid Tablets,Digestive,1,20,20,M-Pesa
7245,2025-12-29,Monday,B01,Nairobi CBD,P007,Metformin 500mg,Diabetes,2,40,80,M-Pesa
7246,2025-12-29,Monday,B01,Nairobi CBD,P001,Paracetamol 500mg,Pain Relief,2,10,20,Cash
7247,2025-12-29,Monday,B01,Nairobi CBD,P003,Amoxicillin 250mg,Antibiotic,2,35,70,M-Pesa
7248,2025-12-29,Monday,B01,Nairobi CBD,P003,Amoxicillin 250mg,Antibiotic,3,35,105,Cash
7249,2025-12-29,Monday,B01,Nairobi CBD,P003,,Antibiotic,2,35,70,Cash
7250,2025-12-29,Monday,B01,Nairobi CBD,P007,Metformin 500mg,Diabetes,2,40,80,M pesa
7251,2025-12-29,Monday,B01,Nairobi CBD,P004,Azithromycin 500mg,Antibiotic,2,120,240,M-Pesa
7252,2025-12-29,Monday,B01,Nairobi CBD,P005,Vitamin C Tablets,Supplement,2,25,50,M-Pesa
7253,2025-12-29,Monday,B01,Nairobi CBD,P004,Azithromycin 500mg,Antibiotic,1,120,120,M-Pesa
7254,2025-12-29,Monday,B01,Nairobi CBD,P006,Cough Syrup,Cold & Flu,3,90,270,M-Pesa
7255,2025-12-29,Monday,B01,Nairobi CBD,P003,Amoxicillin 250mg,Antibiotic,3,35,105,
7256,2025-12-29,Monday,B01,Nairobi CBD,P002,Ibuprofen 200mg,Pain Relief,1,15,15,Card
7257,2025-12-29,Monday,B01,Nairobi CBD,P005,Vitamin C Tablets,Supplement,1,25,25,Card
7258,2025-12-29,Monday,B01,Nairobi CBD,P007,Metformin 500mg,Diabetes,3,40,120,M-Pesa
7259,2025-12-29,Monday,B01,Nairobi CBD,P010,Antacid Tablets,Digestive,2,20,40, M-Pesa
7260,2025-12-29,Monday,B01,Nairobi CBD,P003,Amoxicillin 250mg,Antibiotic,2,35,70,M-Pesa
7261,2025-12-29,Monday,B01,Nairobi CBD,P008,,Diabetes,3,450,1350,Cash
7262,2025-12-29,Monday,B01,Nairobi CBD,P010,Antacid Tablets,Digestive,2,20,40,M-Pesa
7263,2025-12-29,Monday,B01,Nairobi CBD,P008,Insulin,Diabetes,1,450,450,Cash
7264,2025-12-29,Monday,B01,Nairobi CBD,P003,Amoxicillin 250mg,Antibiotic,2,35,70,Cash
7265,2025-12-29,Monday,B01,Nairobi CBD,P001,Paracetamol 500mg,Pain Relief,2,10,20,M-Pesa
7266,2025-12-29,Monday,B01,Nairobi CBD,P008,Insulin,Diabetes,2,450,900,M-Pesa
7267,2025-12-29,Monday,B01,Nairobi CBD,P004,Azithromycin 500mg,Antibiotic,3,120,360,Cash
7268,2025-12-29,Monday,B01,Nairobi CBD,P008,Insulin,Diabetes,1,450,461,Cash
7269,2025-12-29,Monday,B01,Nairobi CBD,P003,Amoxicillin 250mg,Antibiotic,2,35,70,M pesa
7270,2025-12-29,Monday,B02,Embakasi,P009,Amlodipine 5mg,Hypertension,1,30,30,M-Pesa
7271,2025-12-29,Monday,B02,Embakasi,P006,Cough Syrup,Cold & Flu,2,90,180,M-Pesa
7272,2025-12-29,Monday,B02,Embakasi,P009,Amlodipine 5mg,Hypertension,1,30,30,M-Pesa
7273,2025-12-29,Monday,B02,Embakasi,P003,Amoxicillin 250mg,Antibiotic,2,35,70,M-Pesa
7274,2025-12-29,Monday,B02,,P006,Cough Syrup,Cold & Flu,1,90,90,M-Pesa
7275,2025-12-29,Monday,B02,,P006,Cough Syrup,Cold & Flu,2,90,180,M-Pesa
7276,2025-12-29,Monday,B02,Embakasi,P008,Insulin,Diabetes,1,450,450,M-Pesa
7277,2025-12-29,Monday,B02,Embakasi,P003,Amoxicillin 250mg,Antibiotic,2,35,70,Insurance
7278,2025-12-29,Monday,B02,Embakasi,P007,Metformin 500mg,Diabetes,2,40,80,Cash
7279,2025-12-29,Monday,B02,Embakasi,P003,Amoxicillin 250mg,Antibiotic,3,35,105,Card
7280,2025-12-29,Monday,B02,Embakasi,P009,Amlodipine 5mg,Hypertension,3,30,90,M-Pesa
7281,2025-12-29,Monday,B02,Embakasi,P004,Azithromycin 500mg,Antibiotic,1,120,120,M-Pesa
7282,2025-12-29,Monday,B02,Embakasi,P007,,Diabetes,2,40,80,M-Pesa
7283,2025-12-29,Monday,B02,Embakasi,P010,Antacid Tablets,Digestive,1,20,20,M-Pesa
7284,2025-12-29,Monday,B02,Embakasi,P008,Insulin,Diabetes,3,450,1350,M pesa
7285,2025-12-29,Monday,B02,Embakasi,P010,Antacid Tablets,Digestive,1,20,20,M-Pesa
7286,2025-12-29,Monday,B02,Embakasi,P008,Insulin,Diabetes,1,450,450,M-Pesa
7287,2025-12-29,Monday,B02,Embakasi,P002,Ibuprofen 200mg,Pain Relief,3,15,45,Cash
7288,2025-12-29,Monday,B02,Embakasi,P010,Antacid Tablets,Digestive,2,20,40,M-Pesa
7289,2025-12-29,Monday,B02,,P004,Azithromycin 500mg,Antibiotic,1,120,120,M-Pesa
7290,2025-12-29,Monday,B02,Embakasi,P001,Paracetamol 500mg,Pain Relief,3,10,30,M-Pesa
7291,2025-12-29,Monday,B02,Embakasi,P004,Azithromycin 500mg,Antibiotic,2,120,240,M-Pesa
7292,2025-12-29,Monday,B02,Embakasi,P009,Amlodipine 5mg,Hypertension,3,30,90,Cash
7293,2025-12-29,Monday,B02,Embakasi,P009,Amlodipine 5mg,Hypertension,1,30,30,Insurance
7294,2025-12-29,Monday,B02,Embakasi,P007,Metformin 500mg,Diabetes,2,40,80,M-Pesa
7295,2025-12-29,Monday,B02,Embakasi,P005,Vitamin C Tablets,Supplement,2,25,50,M-Pesa
7296,2025-12-29,Monday,B02,Embakasi,P005,Vitamin C Tablets,Supplement,3,25,75, Card
7297,2025-12-29,Monday,B02,Embakasi,P001,Paracetamol 500mg,Pain Relief,3,10,30,M-Pesa
7298,2025-12-29,Monday,B02,Embakasi,P003,Amoxicillin 250mg,Antibiotic,3,35,105,M-Pesa
7299,2025-12-29,Monday,B02,Embakasi,P007,Metformin 500mg,Diabetes,2,40,80,M-Pesa
7300,2025-12-29,Monday,B02,Embakasi,P002,Ibuprofen 200mg,Pain Relief,2,15,30,M-Pesa
7301,2025-12-29,Monday,B02,Embakasi,P009,Amlodipine 5mg,Hypertension,1,30,30,M-Pesa
7302,2025-12-29,Monday,B02,,P008,Insulin,Diabetes,2,450,900,M-Pesa
7303,2025-12-29,Monday,B02,Embakasi,P004,Azithromycin 500mg,Antibiotic,1,120,120,M-Pesa
7304,2025-12-29,Monday,B02,Embakasi,P002,,Pain Relief,3,15,45,M-Pesa
7305,2025-12-30,Tuesday,B01,,P009,Amlodipine 5mg,Hypertension,3,30,90,
7306,2025-12-30,Tuesday,B01,Nairobi CBD,P002,Ibuprofen 200mg,Pain Relief,3,15,56,M-Pesa
7307,2025-12-30,Tuesday,B01,Nairobi CBD,P008,Insulin,Diabetes,2,450,900, Cash
7308,2025-12-30,Tuesday,B01,Nairobi CBD,P001,,Pain Relief,1,10,10,Cash
7309,2025-12-30,Tuesday,B01,Nairobi CBD,P004,Azithromycin 500mg,Antibiotic,2,120,240,M-Pesa
7310,2025-12-30,Tuesday,B01,Nairobi CBD,P010,Antacid Tablets,Digestive,1,20,20,Cash
7311,2025-12-30,Tuesday,B01,Nairobi CBD,P003,Amoxicillin 250mg,Antibiotic,2,35,70,M-Pesa
7312,2025-12-30,Tuesday,B01,Nairobi CBD,P010,Antacid Tablets,Digestive,2,20,40,Cash
7313,2025-12-30,Tuesday,B01,Nairobi CBD,P001,Paracetamol 500mg,Pain Relief,3,10,30,Cash
7314,2025-12-30,Tuesday,B01,Nairobi CBD,P002,Ibuprofen 200mg,Pain Relief,2,15,30,M-Pesa
7315,2025-12-30,Tuesday,B01,,P004,Azithromycin 500mg,Antibiotic,2,120,240,Card
7316,2025-12-30,Tuesday,B01,Nairobi CBD,P006,Cough Syrup,Cold & Flu,1,90,90,M-Pesa
7317,2025-12-30,Tuesday,B01,Nairobi CBD,P002,Ibuprofen 200mg,Pain Relief,3,15,45,M-Pesa
7318,2025-12-30,Tuesday,B01,Nairobi CBD,P010,Antacid Tablets,Digestive,1,20,20,M-Pesa
7319,2025-12-30,Tuesday,B01,Nairobi CBD,P002,Ibuprofen 200mg,Pain Relief,1,15,15,Card
7320,2025-12-30,Tuesday,B01,Nairobi CBD,P008,Insulin,Diabetes,3,450,1350,Cash
7321,2025-12-30,Tuesday,B01,Nairobi CBD,P003,Amoxicillin 250mg,Antibiotic,3,35,105,M-Pesa
7322,2025-12-30,Tuesday,B01,Nairobi CBD,P007,Metformin 500mg,Diabetes,3,40,120,
7323,2025-12-30,Tuesday,B01,Nairobi CBD,P010,Antacid Tablets,Digestive,2,20,40,M-Pesa
7324,2025-12-30,Tuesday,B01,Nairobi CBD,P010,Antacid Tablets,Digestive,3,20,60,
7325,2025-12-30,Tuesday,B01,Nairobi CBD,P005,Vitamin C Tablets,Supplement,3,25,75,Cash
7326,2025-12-30,Tuesday,B01,Nairobi CBD,P009,,Hypertension,3,30,90,M-Pesa
7327,2025-12-30,Tuesday,B01,Nairobi CBD,P007,Metformin 500mg,Diabetes,1,40,40,Cash
7328,2025-12-30,Tuesday,B01,Nairobi CBD,P008,Insulin,Diabetes,1,450,450,M-Pesa
7329,2025-12-30,Tuesday,B01,Nairobi CBD,P001,Paracetamol 500mg,Pain Relief,2,10,20,M-Pesa
7330,2025-12-30,Tuesday,B01,Nairobi CBD,P002,,Pain Relief,1,15,15,M-Pesa
7331,2025-12-30,Tuesday,B01,Nairobi CBD,P004,Azithromycin 500mg,Antibiotic,2,120,240,Card
7332,2025-12-30,Tuesday,B01,Nairobi CBD,P007,Metformin 500mg,Diabetes,1,40,40,M pesa
7333,2025-12-30,Tuesday,B01,Nairobi CBD,P002,Ibuprofen 200mg,Pain Relief,3,15,45,M-Pesa
7334,2025-12-30,Tuesday,B01,Nairobi CBD,P005,Vitamin C Tablets,Supplement,1,25,25,M-Pesa
7335,2025-12-30,Tuesday,B01,Nairobi CBD,P004,Azithromycin 500mg,Antibiotic,2,120,240,Cash
7336,2025-12-30,Tuesday,B01,Nairobi CBD,P002,Ibuprofen 200mg,Pain Relief,1,15,15,M-Pesa
7337,2025-12-30,Tuesday,B01,Nairobi CBD,P008,Insulin,Diabetes,3,450,1350,M-Pesa
7338,2025-12-30,Tuesday,B01,Nairobi CBD,P004,Azithromycin 500mg,Antibiotic,2,120,240,Card
7339,2025-12-30,Tuesday,B01,Nairobi CBD,P002,Ibuprofen 200mg,Pain Relief,3,15,56,M-Pesa
7340,2025-12-30,Tuesday,B01,Nairobi CBD,P008,Insulin,Diabetes,3,450,1350,Card
7341,2025-12-30,Tuesday,B02,Embakasi,P005,Vitamin C Tablets,Supplement,3,25,75,Cash
7342,2025-12-30,Tuesday,B02,embakasi,P004,Azithromycin 500mg,Antibiotic,3,120,360,Cash
7343,2025-12-30,Tuesday,B02,Embakasi,P003,Amoxicillin 250mg,Antibiotic,1,35,35,M-Pesa
7344,2025-12-30,Tuesday,B02,Embakasi,P005,Vitamin C Tablets,Supplement,3,25,75,Cash
7345,2025-12-30,Tuesday,B02,Embakasi,P001,Paracetamol 500mg,Pain Relief,3,10,30,M-Pesa
7346,2025-12-30,Tuesday,B02,Embakasi,P006,Cough Syrup,Cold & Flu,3,90,270,Cash
7347,2025-12-30,Tuesday,B02,Embakasi,P007,Metformin 500mg,Diabetes,3,40,120,M-Pesa
7348,2025-12-30,Tuesday,B02,Embakasi,P008,Insulin,Diabetes,2,450,900,M-Pesa
7349,2025-12-30,Tuesday,B02,Embakasi,P003,Amoxicillin 250mg,Antibiotic,1,35,35,Cash
7350,2025-12-30,Tuesday,B02,Embakasi,P010,Antacid Tablets,Digestive,3,20,60,M-Pesa
7351,2025-12-30,Tuesday,B02,Embakasi,P005,Vitamin C Tablets,Supplement,3,25,75,Cash
7352,2025-12-30,Tuesday,B02,Embakasi,P007,Metformin 500mg,Diabetes,2,40,80,M-Pesa
7353,2025-12-30,Tuesday,B02,Embakasi,P007,Metformin 500mg,Diabetes,3,40,120,Card
7354,2025-12-30,Tuesday,B02,Embakasi,P005,Vitamin C Tablets,Supplement,2,25,50,M-Pesa
7355,2025-12-30,Tuesday,B02,Embakasi,P002,Ibuprofen 200mg,Pain Relief,1,15,15,M-Pesa
7356,2025-12-30,Tuesday,B02,Embakasi,P009,Amlodipine 5mg,Hypertension,1,30,30,M-Pesa
7357,2025-12-30,Tuesday,B02,Embakasi,P005,Vitamin C Tablets,Supplement,3,25,75,M-Pesa
7358,2025-12-30,Tuesday,B02,,P006,Cough Syrup,Cold & Flu,3,90,270,Insurance
7359,2025-12-30,Tuesday,B02,Embakasi,P006,Cough Syrup,Cold & Flu,3,90,270,M-Pesa
7360,2025-12-30,Tuesday,B02,Embakasi,P008,Insulin,Diabetes,2,450,900,M-Pesa
7361,2025-12-30,Tuesday,B02,Embakasi,P007,Metformin 500mg,Diabetes,3,40,120,Card
7362,2025-12-30,Tuesday,B02,Embakasi,P006,Cough Syrup,Cold & Flu,3,90,270,M-Pesa
7363,2025-12-30,Tuesday,B02,Embakasi,P003,Amoxicillin 250mg,Antibiotic,1,35,35,Cash
7364,2025-12-30,Tuesday,B02,Embakasi,P006,Cough Syrup,Cold & Flu,3,90,270,Cash
7365,2025-12-30,Tuesday,B02,Embakasi,P002,Ibuprofen 200mg,Pain Relief,1,15,15,Cash
7366,2025-12-30,Tuesday,B02,Embakasi,P007,Metformin 500mg,Diabetes,3,40,120,M-Pesa
7367,2025-12-30,Tuesday,B02,Embakasi,P003,Amoxicillin 250mg,Antibiotic,1,35,35,M-Pesa
7368,2025-12-30,Tuesday,B02,Embakasi,P005,Vitamin C Tablets,Supplement,3,25,75,Cash
7369,2025-12-30,Tuesday,B02,Embakasi,P003,Amoxicillin 250mg,Antibiotic,1,35,35,M-Pesa
7370,2025-12-30,Tuesday,B02,Embakasi,P005,,Supplement,2,25,50,M-Pesa
7371,2025-12-30,Tuesday,B02,Embakasi,P007,Metformin 500mg,Diabetes,1,40,40,M-Pesa
7372,2025-12-31,Wednesday,B01,Nairobi CBD,P007,,Diabetes,1,40,40,Card
7373,2025-12-31,Wednesday,B01,Nairobi CBD,P008,Insulin,Diabetes,3,450,1350,Cash
7374,2025-12-31,Wednesday,B01,Nairobi CBD,P010,Antacid Tablets,Digestive,3,20,60,M-Pesa
7375,2025-12-31,Wednesday,B01,Nairobi CBD,P001,Paracetamol 500mg,Pain Relief,3,10,30,M-Pesa
7376,2025-12-31,Wednesday,B01,Nairobi CBD,P006,Cough Syrup,Cold & Flu,2,90,180,M-Pesa
7377,2025-12-31,Wednesday,B01,Nairobi CBD,P004,Azithromycin 500mg,Antibiotic,2,120,240,Card
7378,2025-12-31,Wednesday,B01,Nairobi CBD,P007,Metformin 500mg,Diabetes,1,40,40,M-Pesa
7379,2025-12-31,Wednesday,B01,Nairobi CBD,P006,Cough Syrup,Cold & Flu,2,90,180,M-Pesa
7380,2025-12-31,Wednesday,B01,Nairobi CBD,P005,Vitamin C Tablets,Supplement,1,25,25,Cash
7381,2025-12-31,Wednesday,B01,Nairobi CBD,P007,Metformin 500mg,Diabetes,1,40,40,M-Pesa
7382,2025-12-31,Wednesday,B01,Nairobi CBD,P005,Vitamin C Tablets,Supplement,1,25,25,M-Pesa
7383,2025-12-31,Wednesday,B01,Nairobi CBD,P005,Vitamin C Tablets,Supplement,2,25,50,Cash
7384,2025-12-31,Wednesday,B01,Nairobi CBD,P002,Ibuprofen 200mg,Pain Relief,3,15,56,Cash
7385,2025-12-31,Wednesday,B01,Nairobi CBD,P009,Amlodipine 5mg,Hypertension,2,30,60,M-Pesa
7386,2025-12-31,Wednesday,B01,Nairobi CBD,P005,Vitamin C Tablets,Supplement,1,25,25,M-Pesa
7387,2025-12-31,Wednesday,B01,Nairobi CBD,P004,Azithromycin 500mg,Antibiotic,1,120,120,M pesa
7388,2025-12-31,Wednesday,B01,Nairobi CBD,P010,Antacid Tablets,Digestive,2,20,40,M-Pesa
7389,2025-12-31,Wednesday,B01,Nairobi CBD,P007,Metformin 500mg,Diabetes,1,40,40,M-Pesa
7390,2025-12-31,Wednesday,B01,Nairobi CBD,P006,Cough Syrup,Cold & Flu,1,90,90,Card
7391,2025-12-31,Wednesday,B01,Nairobi CBD,P007,Metformin 500mg,Diabetes,2,40,80,M-Pesa
7392,2025-12-31,Wednesday,B01,Nairobi CBD,P009,Amlodipine 5mg,Hypertension,2,30,60,M-Pesa
7393,2025-12-31,Wednesday,B01,Nairobi CBD,P009,Amlodipine 5mg,Hypertension,2,30,60,Card
7394,2025-12-31,Wednesday,B01,Nairobi CBD,P001,Paracetamol 500mg,Pain Relief,1,10,10,M-Pesa
7395,2025-12-31,Wednesday,B01,Nairobi CBD,P001,Paracetamol 500mg,Pain Relief,1,10,10,M-Pesa
7396,2025-12-31,Wednesday,B01,Nairobi CBD,P001,Paracetmol,Pain Relief,3,10,30,M-Pesa
7397,2025-12-31,Wednesday,B01,Nairobi CBD,P005,Vitamin C Tablets,Supplement,3,25,75,M-Pesa
7398,2025-12-31,Wednesday,B01,Nairobi CBD,P002,Ibuprofen 200mg,Pain Relief,2,15,30,M-Pesa
7399,2025-12-31,Wednesday,B01,Nairobi CBD,P009,Amlodipine 5mg,Hypertension,3,30,90,M-Pesa
7400,2025-12-31,Wednesday,B01,Nairobi CBD,P001,Paracetamol 500mg,Pain Relief,1,10,10,Insurance
7401,2025-12-31,Wednesday,B01,Nairobi CBD,P001,Paracetamol 500mg,Pain Relief,3,10,30,M-Pesa
7402,2025-12-31,Wednesday,B01,Nairobi CBD,P008,Insulin,Diabetes,1,450,450,Cash
7403,2025-12-31,Wednesday,B01,Nairobi CBD,P005,Vitamin C Tablets,Supplement,2,25,50,Cash
7404,2025-12-31,Wednesday,B01,Nairobi CBD,P002,Ibuprofen 200mg,Pain Relief,2,15,30,M-Pesa
7405,2025-12-31,Wednesday,B01,Nairobi CBD,P004,Azithromycin 500mg,Antibiotic,1,120,120,M-Pesa
7406,2025-12-31,Wednesday,B01,Nairobi CBD,P001,Paracetamol 500mg,Pain Relief,3,10,30,Card
7407,2025-12-31,Wednesday,B01,Nairobi CBD,P004,Azithromycin 500mg,Antibiotic,2,120,240,M-Pesa
7408,2025-12-31,Wednesday,B01,Nairobi CBD,P009,Amlodipine 5mg,Hypertension,2,30,60,M-Pesa
7409,2025-12-31,Wednesday,B01,Nairobi CBD,P010,Antacid Tablets,Digestive,3,20,60,M-Pesa
7410,2025-12-31,Wednesday,B01,Nairobi CBD,P010,Antacid Tablets,Digestive,3,20,60,M-Pesa
7411,2025-12-31,Wednesday,B02,Embakasi,P008,,Diabetes,3,450,1350,M-Pesa
7412,2025-12-31,Wednesday,B02,Embakasi,P002,Ibuprofen 200mg,Pain Relief,3,15,45,Cash
7413,2025-12-31,Wednesday,B02,Embakasi,P006,Cough Syrup,Cold & Flu,3,90,270,M-Pesa
7414,2025-12-31,Wednesday,B02,Embakasi,P007,Metformin 500mg,Diabetes,1,40,40,Cash
7415,2025-12-31,Wednesday,B02,Embakasi,P007,Metformin 500mg,Diabetes,1,40,40,Card
7416,2025-12-31,Wednesday,B02,Embakasi,P005,Vitamin C Tablets,Supplement,2,25,50,M-Pesa
7417,2025-12-31,Wednesday,B02,embakasi,P009,Amlodipine 5mg,Hypertension,1,30,30,M-Pesa
7418,2025-12-31,Wednesday,B02,Embakasi,P010,Antacid Tablets,Digestive,2,20,40,Cash
7419,2025-12-31,Wednesday,B02,Embakasi,P010,Antacid Tablets,Digestive,3,20,60,M-Pesa
7420,2025-12-31,Wednesday,B02,Embakasi,P004,Azithromycin 500mg,Antibiotic,2,120,240,M-Pesa
7421,2025-12-31,Wednesday,B02,Embakasi,P007,Metformin 500mg,Diabetes,2,40,80,M-Pesa
7422,2025-12-31,Wednesday,B02,Embakasi,P003,,Antibiotic,3,35,105,Cash
7423,2025-12-31,Wednesday,B02,Embakasi,P004,Azithromycin 500mg,Antibiotic,2,120,240,M-Pesa
7424,2025-12-31,Wednesday,B02,Embakasi,P001,Paracetamol 500mg,Pain Relief,1,10,10,Cash
7425,2025-12-31,Wednesday,B02,Embakasi,P010,Antacid Tablets,Digestive,1,20,20,M-Pesa
7426,2025-12-31,Wednesday,B02,Embakasi,P009,Amlodipine 5mg,Hypertension,1,30,30,M pesa
7427,2025-12-31,Wednesday,B02,Embakasi,P010,Antacid Tablets,Digestive,1,20,20,M pesa
7428,2025-12-31,Wednesday,B02,Embakasi,P004,Azithromycin 500mg,Antibiotic,2,120,240,M-Pesa
7429,2025-12-31,Wednesday,B02,Embakasi,P007,Metformin 500mg,Diabetes,2,40,80,M-Pesa
7430,2025-12-31,Wednesday,B02,Embakasi,P008,Insulin,Diabetes,3,450,1350,M-Pesa
7431,2025-12-31,Wednesday,B02,Embakasi,P003,Amoxicillin 250mg,Antibiotic,2,35,70,Cash
7432,2025-12-31,Wednesday,B02,embakasi,P010,Antacid Tablets,Digestive,2,20,40,M-Pesa
7433,2025-12-31,Wednesday,B02,Embakasi,P009,Amlodipine 5mg,Hypertension,2,30,60,M-Pesa
7434,2025-12-31,Wednesday,B02,Embakasi,P009,Amlodipine 5mg,Hypertension,3,30,90,M-Pesa
7435,2025-12-31,Wednesday,B02,Embakasi,P005,Vitamin C Tablets,Supplement,1,25,25,Cash
7436,2025-12-31,Wednesday,B02,Embakasi,P002,Ibuprofen 200mg,Pain Relief,2,15,30,M-Pesa
7437,2025-12-31,Wednesday,B02,,P005,Vitamin C Tablets,Supplement,3,25,86,M-Pesa
7438,2025-12-31,Wednesday,B02,Embakasi,P002,Ibuprofen 200mg,Pain Relief,3,15,45, Cash
7439,2025-12-31,Wednesday,B02,,P008,,Diabetes,3,450,1350,Cash
7440,2025-12-31,Wednesday,B02,Embakasi,P010,Antacid Tablets,Digestive,1,20,20,M-Pesa
1812,2025-10-12,Sunday,B02,Embakasi,P005,Vitamin C Tablets,Supplement,3,25,75,M-Pesa
3066,2025-10-30,Thursday,B02,embakasi,P006,Cough Syrup,Cold & Flu,3,90,270, Card
4587,2025-11-21,Friday,B01,Nairobi CBD,P004,Azithromycin 500mg,Antibiotic,3,120,360,Card
5974,2025-12-11,Thursday,B01,Nairobi CBD,P004,Azithromycin 500mg,Antibiotic,3,120,360,M-Pesa
5309,2025-12-01,Monday,B02,embakasi,P009,Amlodipine 5mg,Hypertension,2,30,60,Card
2397,2025-10-21,Tuesday,B01,Nairobi CBD,P008,Insulin,Diabetes,2,450,900,M pesa
7351,2025-12-30,Tuesday,B02,Embakasi,P005,Vitamin C Tablets,Supplement,3,25,75,Cash
1435,2025-10-07,Tuesday,B01,Nairobi CBD,P001,Paracetamol 500mg,Pain Relief,1,10,10,M-Pesa
6016,2025-12-11,Thursday,B02,Embakasi,P008,Insulin,Diabetes,2,450,900, M-Pesa
6898,2025-12-24,Wednesday,B01,Nairobi CBD,P001,Paracetamol 500mg,Pain Relief,1,10,10,M-Pesa
6459,2025-12-18,Thursday,B01,Nairobi CBD,P003,Amoxicillin 250mg,Antibiotic,2,35,70,M-Pesa
5443,2025-12-03,Wednesday,B02,Embakasi,P007,Metformin 500mg,Diabetes,2,40,80,M-Pesa
1636,2025-10-10,Friday,B01,Nairobi CBD,P010,Antacid Tablets,Digestive,2,20,40,M-Pesa
5957,2025-12-11,Thursday,B01,Nairobi CBD,P005,Vitamin C Tablets,Supplement,2,25,50,M-Pesa
1252,2025-10-04,Saturday,B02,Embakasi,P003,Amoxicillin 250mg,Antibiotic,1,35,35,M-Pesa
4838,2025-11-24,Monday,B02,Embakasi,P002,Ibuprofen 200mg,Pain Relief,1,15,15,M pesa
2529,2025-10-22,Wednesday,B02,Embakasi,P010,Antacid Tablets,Digestive,1,20,20, M pesa
5850,2025-12-09,Tuesday,B02,Embakasi,P010,Antacid Tablets,Digestive,1,20,20,Cash
1370,2025-10-06,Monday,B01,Nairobi CBD,P003,Amoxicillin 250mg,Antibiotic,3,35,105,Cash
4129,2025-11-14,Friday,B02,Embakasi,P008,Insulin,Diabetes,2,450,900,M-Pesa
3520,2025-11-06,Thursday,B01,Nairobi CBD,P008,Insulin,Diabetes,3,450,1350,M-Pesa
5218,2025-11-30,Sunday,B01,Nairobi CBD,P001,Paracetamol 500mg,Pain Relief,1,10,10,Card
5332,2025-12-02,Tuesday,B01,Nairobi CBD,P003,Amoxicillin 250mg,Antibiotic,2,35,70,M-Pesa
2073,2025-10-16,Thursday,B01,Nairobi CBD,P010,Antacid Tablets,Digestive,2,20,40,M-Pesa
2548,2025-10-23,Thursday,B01,Nairobi CBD,P002,Ibuprofen 200mg,Pain Relief,2,15,30,M-Pesa
2847,2025-10-27,Monday,B02,Embakasi,P005,Vitamin C Tablets,Supplement,1,25,25,Cash
4826,2025-11-24,Monday,B02,Embakasi,P003,Amoxicillin 250mg,Antibiotic,2,35,70,M-Pesa
6222,2025-12-14,Sunday,B02,Embakasi,P009,Amlodipine 5mg,Hypertension,1,30,30,
2666,2025-10-24,Friday,B02,Embakasi,P006,Cough Syrup,Cold & Flu,2,90,180,M-Pesa
6856,2025-12-23,Tuesday,B02,Embakasi,P007,Metformin 500mg,Diabetes,3,40,120,Card
3194,2025-11-01,Saturday,B01,Nairobi CBD,P008,Insulin,Diabetes,2,450,900,M-Pesa
4553,2025-11-20,Thursday,B02,Embakasi,P005,Vitamin C Tablets,Supplement,3,25,75, M-Pesa
3713,2025-11-08,Saturday,B02,Embakasi,P002,Ibuprofen 200mg,Pain Relief,1,15,15,M-Pesa
7052,2025-12-26,Friday,B01,Nairobi CBD,P001,Paracetamol 500mg,Pain Relief,3,10,41,M-Pesa
3784,2025-11-09,Sunday,B02,Embakasi,P006,Cough Syrup,Cold & Flu,2,90,180,M-Pesa
2454,2025-10-21,Tuesday,B02,,P009,Amlodipine 5mg,Hypertension,2,30,60,M-Pesa
5047,2025-11-27,Thursday,B02,Embakasi,P002,Ibuprofen 200mg,Pain Relief,3,15,45,M-Pesa
4785,2025-11-24,Monday,B01,Nairobi CBD,P003,Amoxicillin 250mg,Antibiotic,3,35,105,M-Pesa
2829,2025-10-27,Monday,B01,Nairobi CBD,P002,Ibuprofen 200mg,Pain Relief,1,15,15,M-Pesa
6579,2025-12-19,Friday,B02,Embakasi,P002,Ibuprofen 200mg,Pain Relief,1,15,15,Insurance
4470,2025-11-19,Wednesday,B02,,P006,Cough Syrup,Cold & Flu,3,90,270,Cash
6920,2025-12-24,Wednesday,B02,Embakasi,P006,Cough Syrup,Cold & Flu,2,90,180,Card
7364,2025-12-30,Tuesday,B02,,P006,Cough Syrup,Cold & Flu,3,90,270,Cash
7168,2025-12-28,Sunday,B01,Nairobi CBD,P001,Paracetamol 500mg,Pain Relief,1,10,10,Cash
5696,2025-12-07,Sunday,B01,Nairobi CBD,P003,Amoxicillin 250mg,Antibiotic,2,35,70,M-Pesa
5319,2025-12-01,Monday,B02,Embakasi,P007,Metformin 500mg,Diabetes,1,40,40,Card
4483,2025-11-19,Wednesday,B02,Embakasi,P005,Vitamin C Tablets,Supplement,1,25,25,M-Pesa
5252,2025-11-30,Sunday,B02,Embakasi,P010,,Digestive,1,20,20,M-Pesa
3539,2025-11-06,Thursday,B01,Nairobi CBD,P002,Ibuprofen 200mg,Pain Relief,1,15,15,M-Pesa
3663,2025-11-08,Saturday,B01,Nairobi CBD,P002,Ibuprofen 200mg,Pain Relief,2,15,30,M-Pesa
1934,2025-10-14,Tuesday,B01,Nairobi CBD,P003,Amoxicillin 250mg,Antibiotic,2,35,70,Cash
4043,2025-11-13,Thursday,B01,Nairobi CBD,P007,,Diabetes,3,40,120,M-Pesa
2985,2025-10-29,Wednesday,B02,Embakasi,P009,Amlodipine 5mg,Hypertension,2,30,60,
5983,2025-12-11,Thursday,B01,Nairobi CBD,P007,Metformin 500mg,Diabetes,1,40,40,M-Pesa
3793,2025-11-09,Sunday,B02,Embakasi,P005,Vitamin C Tablets,Supplement,1,25,25,M-Pesa
7385,2025-12-31,Wednesday,B01,Nairobi CBD,P009,Amlodipine 5mg,Hypertension,2,30,60,M-Pesa
3091,2025-10-31,Friday,B01,Nairobi CBD,P001,Paracetamol 500mg,Pain Relief,1,10,10,M-Pesa
2140,2025-10-17,Friday,B01,Nairobi CBD,P009,Amlodipine 5mg,Hypertension,2,30,60,M-Pesa
5065,2025-11-28,Friday,B01,Nairobi CBD,P007,Metformin 500mg,Diabetes,3,40,120,M-Pesa
2237,2025-10-18,Saturday,B02,Embakasi,P010,Antacid Tablets,Digestive,2,20,40,M-Pesa
4168,2025-11-15,Saturday,B01,Nairobi CBD,P007,Metformin 500mg,Diabetes,3,40,120,Card
3364,2025-11-03,Monday,B02,Embakasi,P004,Azithromycin 500mg,Antibiotic,2,120,240,M-Pesa
4039,2025-11-13,Thursday,B01,Nairobi CBD,P003,Amoxicillin 250mg,Antibiotic,2,35,70,
2658,2025-10-24,Friday,B02,Embakasi,P007,Metformin 500mg,Diabetes,3,40,120,Card
2476,2025-10-22,Wednesday,B01,Nairobi CBD,P006,Cough Syrup,Cold & Flu,1,90,90,M-Pesa
2044,2025-10-16,Thursday,B01,Nairobi CBD,P003,,Antibiotic,2,35,81,Insurance
3985,2025-11-12,Wednesday,B02,Embakasi,P006,Cough Syrup,Cold & Flu,3,90,281,Insurance
4354,2025-11-17,Monday,B02,Embakasi,P004,Azithromycin 500mg,Antibiotic,3,120,360,Cash
6476,2025-12-18,Thursday,B01,Nairobi CBD,P009,Amlodipine 5mg,Hypertension,3,30,90,M-Pesa
2640,2025-10-24,Friday,B02,Embakasi,P008,Insulin,Diabetes,1,450,450,
3325,2025-11-03,Monday,B01,Nairobi CBD,P008,,Diabetes,2,450,900,M-Pesa
3956,2025-11-12,Wednesday,B01,Nairobi CBD,P009,Amlodipine 5mg,Hypertension,1,30,30,M-Pesa
3605,2025-11-07,Friday,B01,Nairobi CBD,P002,Ibuprofen 200mg,Pain Relief,2,15,30,M-Pesa
6212,2025-12-14,Sunday,B02,Embakasi,P008,Insulin,Diabetes,3,450,1350,Insurance
1386,2025-10-06,Monday,B02,Embakasi,P009,Amlodipine 5mg,Hypertension,2,30,60,M-Pesa
4315,2025-11-17,Monday,B01,Nairobi CBD,P009,Amlodipine 5mg,Hypertension,3,30,90,Cash
4903,2025-11-25,Tuesday,B02,Embakasi,P006,Cough Syrup,Cold & Flu,2,90,191,M-Pesa
6575,2025-12-19,Friday,B02,Embakasi,P009,Amlodipine 5mg,Hypertension,2,30,60,Card
6858,2025-12-23,Tuesday,B02,,P010,Antacid Tablets,Digestive,2,20,40,M-Pesa
3078,2025-10-30,Thursday,B02,Embakasi,P006,Cough Syrup,Cold & Flu,1,90,90,M-Pesa
4136,2025-11-14,Friday,B02,Embakasi,P006,Cough Syrup,Cold & Flu,3,90,270,M-Pesa
2266,2025-10-19,Sunday,B01,Nairobi CBD,P004,Azithromycin 500mg,Antibiotic,3,120,360,M pesa
5215,2025-11-30,Sunday,B01,Nairobi CBD,P009,Amlodipine 5mg,Hypertension,2,30,60,Cash
5773,2025-12-08,Monday,B02,Embakasi,P004,Azithromycin 500mg,Antibiotic,3,120,360,M-Pesa
5633,2025-12-06,Saturday,B01,Nairobi CBD,P007,,Diabetes,3,40,120,Cash
1773,2025-10-12,Sunday,B01,Nairobi CBD,P004,Azithromycin 500mg,Antibiotic,1,120,120,M-Pesa
1876,2025-10-13,Monday,B02,Embakasi,P010,Antacid Tablets,Digestive,2,20,40,Cash
6325,2025-12-16,Tuesday,B01,Nairobi CBD,P009,Amlodipine 5mg,Hypertension,1,30,30,M-Pesa
1515,2025-10-08,Wednesday,B01,Nairobi CBD,P006,Cough Syrup,Cold & Flu,2,90,180,M-Pesa
2016,2025-10-15,Wednesday,B02,Embakasi,P010,Antacid Tablets,Digestive,2,20,40,
6072,2025-12-12,Friday,B02,Embakasi,P006,Cough Syrup,Cold & Flu,2,90,180,Cash
4655,2025-11-22,Saturday,B01,Nairobi CBD,P004,Azithromycin 500mg,Antibiotic,3,120,360,Insurance
6875,2025-12-23,Tuesday,B02,Embakasi,P005,Vitamin C Tablets,Supplement,1,25,25,Card
6851,2025-12-23,Tuesday,B02,Embakasi,P001,Paracetamol 500mg,Pain Relief,2,10,20,M pesa
4967,2025-11-26,Wednesday,B02,embakasi,P003,Amoxicillin 250mg,Antibiotic,2,35,70,Insurance
3190,2025-11-01,Saturday,B01,Nairobi CBD,P002,Ibuprofen 200mg,Pain Relief,3,15,45,Insurance
1291,2025-10-05,Sunday,B01,Nairobi CBD,P003,Amoxicillin 250mg,Antibiotic,2,35,70,Cash
6131,2025-12-13,Saturday,B01,Nairobi CBD,P002,Ibuprofen 200mg,Pain Relief,2,15,30,
6084,2025-12-12,Friday,B02,Embakasi,P009,Amlodipine 5mg,Hypertension,2,30,60,Cash
7334,2025-12-30,Tuesday,B01,Nairobi CBD,P005,Vitamin C Tablets,Supplement,1,25,25,M-Pesa
3268,2025-11-02,Sunday,B02,Embakasi,P003,Amoxicillin 250mg,Antibiotic,1,35,35,M-Pesa
5204,2025-11-30,Sunday,B01,Nairobi CBD,P004,Azithromycin 500mg,Antibiotic,2,120,240,Insurance
2154,2025-10-17,Friday,B02,,P004,Azithromycin 500mg,Antibiotic,1,120,120,M-Pesa
3996,2025-11-12,Wednesday,B02,Embakasi,P007,Metformin 500mg,Diabetes,1,40,40,M-Pesa
7230,2025-12-29,Monday,B01,Nairobi CBD,P007,Metformin 500mg,Diabetes,1,40,40,M-Pesa
4979,2025-11-26,Wednesday,B02,Embakasi,P008,Insulin,Diabetes,2,450,900,M-Pesa
4341,2025-11-17,Monday,B02,Embakasi,P010,Antacid Tablets,Digestive,2,20,40,M-Pesa
2339,2025-10-20,Monday,B01,Nairobi CBD,P004,,Antibiotic,2,120,240,Cash
2635,2025-10-24,Friday,B02,Embakasi,P008,Insulin,Diabetes,2,450,900,M-Pesa
6855,2025-12-23,Tuesday,B02,Embakasi,P007,Metformin 500mg,Diabetes,2,40,80,Cash
1451,2025-10-07,Tuesday,B01,Nairobi CBD,P009,Amlodipine 5mg,Hypertension,1,30,30,Cash
2275,2025-10-19,Sunday,B01,Nairobi CBD,P002,Ibuprofen 200mg,Pain Relief,3,15,45,Cash
2291,2025-10-19,Sunday,B02,,P010,Antacid Tablets,Digestive,3,20,60,M-Pesa
5300,2025-12-01,Monday,B02,Embakasi,P009,Amlodipine 5mg,Hypertension,2,30,60,M-Pesa
4290,2025-11-17,Monday,B01,Nairobi CBD,P008,Insulin,Diabetes,1,450,450,M-Pesa
1248,2025-10-04,Saturday,B02,Embakasi,P009,Amlodipine 5mg,Hypertension,3,30,90,M-Pesa
7208,2025-12-28,Sunday,B02,Embakasi,P005,Vitamin C Tablets,Supplement,3,25,75,Card
2580,2025-10-23,Thursday,B02,Embakasi,P009,Amlodipine 5mg,Hypertension,3,30,90,M-Pesa
3100,2025-10-31,Friday,B01,Nairobi CBD,P008,Insulin,Diabetes,2,450,900,M-Pesa
4799,2025-11-24,Monday,B01,Nairobi CBD,P003,Amoxicillin 250mg,Antibiotic,1,35,46,Cash
1978,2025-10-15,Wednesday,B01,Nairobi CBD,P007,Metformin 500mg,Diabetes,2,40,80,
6434,2025-12-17,Wednesday,B02,Embakasi,P010,Antacid Tablets,Digestive,2,20,40,Cash
6196,2025-12-14,Sunday,B01,Nairobi CBD,P009,,Hypertension,3,30,90,Cash
4823,2025-11-24,Monday,B02,Embakasi,P010,Antacid Tablets,Digestive,1,20,20,M-Pesa
6823,2025-12-23,Tuesday,B01,Nairobi CBD,P005,Vitamin C Tablets,Supplement,2,25,50,M-Pesa
5815,2025-12-09,Tuesday,B01,Nairobi CBD,P007,Metformin 500mg,Diabetes,1,40,40, M-Pesa
3685,2025-11-08,Saturday,B01,Nairobi CBD,P004,Azithromycin 500mg,Antibiotic,2,120,240,Cash
6682,2025-12-21,Sunday,B01,,P005,Vitamin C Tablets,Supplement,1,25,25,M-Pesa
6223,2025-12-14,Sunday,B02,Embakasi,P002,Ibuprofen 200mg,Pain Relief,1,15,15,M-Pesa
5830,2025-12-09,Tuesday,B01,Nairobi CBD,P008,Insulin,Diabetes,3,450,1350,M-Pesa
2477,2025-10-22,Wednesday,B01,Nairobi CBD,P010,Antacid Tablets,Digestive,3,20,60,Card
4601,2025-11-21,Friday,B01,Nairobi CBD,P008,Insulin,Diabetes,3,450,1350,M-Pesa
5786,2025-12-08,Monday,B02,Embakasi,P008,Insulin,Diabetes,1,450,450,M-Pesa
2744,2025-10-26,Sunday,B01,Nairobi CBD,P004,Azithromycin 500mg,Antibiotic,3,120,360,M-Pesa
2622,2025-10-24,Friday,B01,Nairobi CBD,P008,Insulin,Diabetes,1,450,450,Cash
5190,2025-11-30,Sunday,B01,Nairobi CBD,P003,Amoxicillin 250mg,Antibiotic,1,35,35,M-Pesa
4014,2025-11-13,Thursday,B01,Nairobi CBD,P009,Amlodipine 5mg,Hypertension,3,30,90,Insurance
2179,2025-10-18,Saturday,B01,Nairobi CBD,P003,Amoxicillin 250mg,Antibiotic,3,35,105,Card
6377,2025-12-16,Tuesday,B02,embakasi,P001,Paracetamol 500mg,Pain Relief,3,10,30,Card
6946,2025-12-25,Thursday,B01,Nairobi CBD,P001,Paracetamol 500mg,Pain Relief,1,10,10,M pesa
2366,2025-10-20,Monday,B02,Embakasi,P004,Azithromycin 500mg,Antibiotic,2,120,240,M-Pesa
1663,2025-10-10,Friday,B02,Embakasi,P010,Antacid Tablets,Digestive,1,20,20,M-Pesa
2740,2025-10-26,Sunday,B01,Nairobi CBD,P008,Insulin,Diabetes,1,450,450,M-Pesa
7434,2025-12-31,Wednesday,B02,Embakasi,P009,,Hypertension,3,30,90,M-Pesa
1956,2025-10-14,Tuesday,B02,Embakasi,P008,Insulin,Diabetes,1,450,450,Insurance
5418,2025-12-03,Wednesday,B01,Nairobi CBD,P004,Azithromycin 500mg,Antibiotic,1,120,120,M-Pesa
4692,2025-11-22,Saturday,B02,Embakasi,P010,Antacid Tablets,Digestive,1,20,20,Card
3892,2025-11-11,Tuesday,B01,Nairobi CBD,P008,,Diabetes,1,450,461,
3183,2025-11-01,Saturday,B01,Nairobi CBD,P008,,Diabetes,1,450,450,M-Pesa
5296,2025-12-01,Monday,B01,Nairobi CBD,P008,Insulin,Diabetes,2,450,900,M-Pesa
2267,2025-10-19,Sunday,B01,Nairobi CBD,P009,Amlodipine 5mg,Hypertension,3,30,90,Cash
6402,2025-12-17,Wednesday,B01,Nairobi CBD,P007,Metformin 500mg,Diabetes,2,40,80,Cash
2990,2025-10-29,Wednesday,B02,Embakasi,P003,Amoxicillin 250mg,Antibiotic,1,35,35,Card
2741,2025-10-26,Sunday,B01,Nairobi CBD,P002,Ibuprofen 200mg,Pain Relief,1,15,15,M-Pesa
2483,2025-10-22,Wednesday,B01,Nairobi CBD,P008,Insulin,Diabetes,3,450,1350,M-Pesa
1750,2025-10-11,Saturday,B02,Embakasi,P006,Cough Syrup,Cold & Flu,1,90,90,M-Pesa
3762,2025-11-09,Sunday,B01,Nairobi CBD,P005,Vitamin C Tablets,Supplement,2,25,50,Insurance
5289,2025-12-01,Monday,B01,Nairobi CBD,P009,Amlodipine 5mg,Hypertension,1,30,30,M-Pesa
6443,2025-12-17,Wednesday,B02,Embakasi,P003,Amoxicillin 250mg,Antibiotic,3,35,105,M-Pesa
5779,2025-12-08,Monday,B02,Embakasi,P009,Amlodipine 5mg,Hypertension,1,30,30,M-Pesa
6837,2025-12-23,Tuesday,B01,Nairobi CBD,P001,Paracetamol 500mg,Pain Relief,2,10,20,M-Pesa
3310,2025-11-03,Monday,B01,,P006,Cough Syrup,Cold & Flu,1,90,90,
6791,2025-12-22,Monday,B02,Embakasi,P004,Azithromycin 500mg,Antibiotic,3,120,360,M-Pesa
6369,2025-12-16,Tuesday,B02,Embakasi,P008,Insulin,Diabetes,2,450,900,M-Pesa
5095,2025-11-28,Friday,B02,Embakasi,P003,Amoxicillin 250mg,Antibiotic,1,35,35,M-Pesa
5132,2025-11-29,Saturday,B01,Nairobi CBD,P008,Insulin,Diabetes,3,450,1350,M-Pesa
5596,2025-12-05,Friday,B02,Embakasi,P005,Vitamin C Tablets,Supplement,1,25,25,Cash
1625,2025-10-10,Friday,B01,Nairobi CBD,P005,Vitamin C Tablets,Supplement,3,25,75,M-Pesa
3630,2025-11-07,Friday,B02,Embakasi,P008,Insulin,Diabetes,1,450,450,M-Pesa
7412,2025-12-31,Wednesday,B02,Embakasi,P002,Ibuprofen 200mg,Pain Relief,3,15,45,Cash
1206,2025-10-04,Saturday,B01,Nairobi CBD,P006,Cough Syrup,Cold & Flu,1,90,90,M-Pesa
3254,2025-11-02,Sunday,B01,Nairobi CBD,P006,Cough Syrup,Cold & Flu,3,90,270, M-Pesa
3314,2025-11-03,Monday,B01,Nairobi CBD,P004,Azithromycin 500mg,Antibiotic,3,120,360,M-Pesa
2158,2025-10-17,Friday,B02,Embakasi,P001,,Pain Relief,1,10,10,M-Pesa
6847,2025-12-23,Tuesday,B02,Embakasi,P008,Insulin,Diabetes,3,450,1350,Card
2715,2025-10-25,Saturday,B02,Embakasi,P010,Antacid Tablets,Digestive,2,20,40,Cash
4964,2025-11-26,Wednesday,B02,Embakasi,P003,Amoxicillin 250mg,Antibiotic,1,35,35,M-Pesa
4563,2025-11-21,Friday,B01,Nairobi CBD,P002,Ibuprofen 200mg,Pain Relief,2,15,30,M-Pesa
5103,2025-11-28,Friday,B02,Embakasi,P008,Insulin,Diabetes,2,450,900,
6055,2025-12-12,Friday,B01,Nairobi CBD,P002,Ibuprofen 200mg,Pain Relief,1,15,15,M-Pesa
7317,2025-12-30,Tuesday,B01,,P002,Ibuprofen 200mg,Pain Relief,3,15,45,M-Pesa
4103,2025-11-14,Friday,B01,Nairobi CBD,P010,Antacid Tablets,Digestive,1,20,20,Cash
6683,2025-12-21,Sunday,B01,Nairobi CBD,P008,Insulin,Diabetes,2,450,900,M-Pesa
4835,2025-11-24,Monday,B02,Embakasi,P010,Antacid Tablets,Digestive,1,20,20,M-Pesa
7066,2025-12-26,Friday,B02,Embakasi,P009,Amlodipine 5mg,Hypertension,1,30,30,Cash
6450,2025-12-17,Wednesday,B02,Embakasi,P008,Insulin,Diabetes,3,450,1350,Card
5179,2025-11-29,Saturday,B02,Embakasi,P001,Paracetamol 500mg,Pain Relief,2,10,20,M-Pesa
6328,2025-12-16,Tuesday,B01,Nairobi CBD,P008,Insulin,Diabetes,1,450,450,Card
3126,2025-10-31,Friday,B01,Nairobi CBD,P005,Vitamin C Tablets,Supplement,2,25,50,Cash
1263,2025-10-04,Saturday,B02,Embakasi,P004,Azithromycin 500mg,Antibiotic,1,120,120,M-Pesa
3457,2025-11-05,Wednesday,B01,Nairobi CBD,P003,Amoxicillin 250mg,Antibiotic,1,35,35,M-Pesa
5933,2025-12-10,Wednesday,B02,Embakasi,P001,Paracetamol 500mg,Pain Relief,3,10,30,Card
3480,2025-11-05,Wednesday,B02,Embakasi,P005,Vitamin C Tablets,Supplement,3,25,75,M-Pesa
5818,2025-12-09,Tuesday,B01,Nairobi CBD,P010,Antacid Tablets,Digestive,1,20,20,M-Pesa
1906,2025-10-13,Monday,B02,Embakasi,P006,Cough Syrup,Cold & Flu,3,90,270,M-Pesa
5950,2025-12-10,Wednesday,B02,Embakasi,P006,Cough Syrup,Cold & Flu,1,90,90,M-Pesa
6482,2025-12-18,Thursday,B01,Nairobi CBD,P009,Amlodipine 5mg,Hypertension,1,30,30,M-Pesa
4710,2025-11-23,Sunday,B01,Nairobi CBD,P008,Insulin,Diabetes,3,450,1350,M-Pesa
4704,2025-11-22,Saturday,B02,Embakasi,P008,Insulin,Diabetes,1,450,450,M-Pesa
1519,2025-10-08,Wednesday,B02,Embakasi,P003,Amoxicillin 250mg,Antibiotic,3,35,105,M-Pesa
5458,2025-12-03,Wednesday,B02,Embakasi,P007,Metformin 500mg,Diabetes,2,40,80,Cash
3128,2025-10-31,Friday,B02,Embakasi,P006,Cough Syrup,Cold & Flu,1,90,90,M-Pesa
1219,2025-10-04,Saturday,B01,Nairobi CBD,P001,Paracetamol 500mg,Pain Relief,2,10,20,Card
5858,2025-12-09,Tuesday,B02,,P002,Ibuprofen 200mg,Pain Relief,1,15,15,M-Pesa
3083,2025-10-30,Thursday,B02,Embakasi,P005,Vitamin C Tablets,Supplement,1,25,25,Cash
5999,2025-12-11,Thursday,B02,Embakasi,P006,Cough Syrup,Cold & Flu,1,90,90,M-Pesa
4844,2025-11-24,Monday,B02,Embakasi,P008,Insulin,Diabetes,1,450,450,M-Pesa
1150,2025-10-03,Friday,B01,Nairobi CBD,P008,Insulin,Diabetes,3,450,1350,Card
3673,2025-11-08,Saturday,B01,Nairobi CBD,P008,Insulin,Diabetes,1,450,450,Cash
2167,2025-10-17,Friday,B02,Embakasi,P010,Antacid Tablets,Digestive,2,20,40,Cash
2038,2025-10-15,Wednesday,B02,Embakasi,P001,Paracetamol 500mg,Pain Relief,1,10,10,M-Pesa
3465,2025-11-05,Wednesday,B01,Nairobi CBD,P002,Ibuprofen 200mg,Pain Relief,2,15,30,Card
6460,2025-12-18,Thursday,B01,Nairobi CBD,P010,Antacid Tablets,Digestive,3,20,60,Cash
1153,2025-10-03,Friday,B01,Nairobi CBD,P002,Ibuprofen 200mg,Pain Relief,1,15,26,Insurance
3822,2025-11-10,Monday,B01,,P004,Azithromycin 500mg,Antibiotic,2,120,240,M-Pesa
5442,2025-12-03,Wednesday,B02,Embakasi,P008,Insulin,Diabetes,2,450,900,Card
1201,2025-10-03,Friday,B02,Embakasi,P008,Insulin,Diabetes,3,450,1350,Cash
7390,2025-12-31,Wednesday,B01,Nairobi CBD,P006,Cough Syrup,Cold & Flu,1,90,90,Card
7369,2025-12-30,Tuesday,B02,Embakasi,P003,Amoxicillin 250mg,Antibiotic,1,35,46,M-Pesa
1526,2025-10-08,Wednesday,B02,Embakasi,P006,Cough Syrup,Cold & Flu,2,90,180,M-Pesa
4022,2025-11-13,Thursday,B01,Nairobi CBD,P007,Metformin 500mg,Diabetes,3,40,120,
2820,2025-10-27,Monday,B01,Nairobi CBD,P007,Metformin 500mg,Diabetes,1,40,40,M-Pesa
5408,2025-12-03,Wednesday,B01,Nairobi CBD,P009,Amlodipine 5mg,Hypertension,2,30,60,Cash
4793,2025-11-24,Monday,B01,Nairobi CBD,P009,Amlodipine 5mg,Hypertension,2,30,60,M-Pesa
4419,2025-11-18,Tuesday,B02,Embakasi,P006,Cough Syrup,Cold & Flu,1,90,90,M-Pesa
2689,2025-10-25,Saturday,B01,Nairobi CBD,P003,Amoxicillin 250mg,Antibiotic,1,35,35,M-Pesa
4985,2025-11-27,Thursday,B01,Nairobi CBD,P001,Paracetamol 500mg,Pain Relief,1,10,10,M-Pesa
4852,2025-11-25,Tuesday,B01,Nairobi CBD,P005,Vitamin C Tablets,Supplement,1,25,25,Cash
4366,2025-11-18,Tuesday,B01,Nairobi CBD,P004,Azithromycin 500mg,Antibiotic,3,120,360,M-Pesa
5382,2025-12-02,Tuesday,B02,Embakasi,P005,Vitamin C Tablets,Supplement,1,25,25,M-Pesa
1932,2025-10-14,Tuesday,B01,Nairobi CBD,P003,Amoxicillin 250mg,Antibiotic,1,35,35,M-Pesa
2680,2025-10-25,Saturday,B01,Nairobi CBD,P006,Cough Syrup,Cold & Flu,3,90,270,M-Pesa
5135,2025-11-29,Saturday,B01,,P006,Cough Syrup,Cold & Flu,2,90,180,M-Pesa
5293,2025-12-01,Monday,B01,Nairobi CBD,P008,Insulin,Diabetes,3,450,1350,Card
1437,2025-10-07,Tuesday,B01,Nairobi CBD,P007,Metformin 500mg,Diabetes,3,40,120,M-Pesa
4686,2025-11-22,Saturday,B02,Embakasi,P010,Antacid Tablets,Digestive,2,20,40,
1539,2025-10-08,Wednesday,B02,Embakasi,P006,Cough Syrup,Cold & Flu,1,90,90,M-Pesa
7105,2025-12-27,Saturday,B01,Nairobi CBD,P003,Amoxicillin 250mg,Antibiotic,3,35,105,Card
3143,2025-10-31,Friday,B02,Embakasi,P001,Paracetamol 500mg,Pain Relief,3,10,30,
1650,2025-10-10,Friday,B01,Nairobi CBD,P004,Azithromycin 500mg,Antibiotic,3,120,360, M-Pesa
6231,2025-12-14,Sunday,B02,,P004,Azithromycin 500mg,Antibiotic,2,120,240,Insurance
5463,2025-12-03,Wednesday,B02,Embakasi,P007,Metformin 500mg,Diabetes,3,40,120,M-Pesa
7294,2025-12-29,Monday,B02,Embakasi,P007,Metformin 500mg,Diabetes,2,40,80,M-Pesa
2471,2025-10-22,Wednesday,B01,Nairobi CBD,P008,Insulin,Diabetes,1,450,450,M-Pesa
6620,2025-12-20,Saturday,B01,Nairobi CBD,P002,Ibuprofen 200mg,Pain Relief,3,15,56,M-Pesa
2946,2025-10-29,Wednesday,B01,Nairobi CBD,P006,Cough Syrup,Cold & Flu,3,90,270,M-Pesa
3155,2025-10-31,Friday,B02,Embakasi,P008,,Diabetes,2,450,900,M-Pesa
4945,2025-11-26,Wednesday,B01,Nairobi CBD,P002,Ibuprofen 200mg,Pain Relief,2,15,41,
1938,2025-10-14,Tuesday,B01,Nairobi CBD,P005,Vitamin C Tablets,Supplement,2,25,50,M-Pesa
4751,2025-11-23,Sunday,B02,Embakasi,P001,Paracetamol 500mg,Pain Relief,1,10,10,M-Pesa
6261,2025-12-15,Monday,B01,Nairobi CBD,P003,Amoxicillin 250mg,Antibiotic,3,35,105,Cash
6510,2025-12-18,Thursday,B02,Embakasi,P001,Paracetamol 500mg,Pain Relief,1,10,10,M-Pesa
4207,2025-11-15,Saturday,B02,Embakasi,P001,Paracetamol 500mg,Pain Relief,3,10,30,Card
6198,2025-12-14,Sunday,B01,Nairobi CBD,P002,Ibuprofen 200mg,Pain Relief,3,15,45,M-Pesa
5388,2025-12-02,Tuesday,B02,Embakasi,P010,Antacid Tablets,Digestive,2,20,40,Card
3348,2025-11-03,Monday,B02,Embakasi,P006,Cough Syrup,Cold & Flu,3,90,270,M-Pesa
2854,2025-10-27,Monday,B02,embakasi,P009,Amlodipine 5mg,Hypertension,2,30,60,
6793,2025-12-22,Monday,B02,Embakasi,P004,Azithromycin 500mg,Antibiotic,3,120,360,M-Pesa
